#{"t_start": 1717170763.146219, "env_id": "Office-v0"}
r,l,t
-0.01,53,0.016116
-0.01,20,0.021634
-0.01,6,0.023344
-0.01,9,0.02589
-0.01,27,0.033145
-0.01,26,0.040046
-0.01,37,0.049854
-0.01,8,0.052019
-0.01,42,0.063009
-0.01,24,0.069405
-0.01,25,0.076046
-0.01,51,0.089475
-0.01,15,0.093464
-0.01,22,0.099289
-0.01,96,0.12467
1.0,92,0.148845
-0.01,68,0.166648
-0.01,144,0.205162
-0.01,134,0.240389
-0.01,22,0.24618
-0.01,24,0.252519
-0.01,86,0.275377
-0.01,42,0.286552
-0.01,74,0.305965
-0.01,62,0.321951
-0.01,46,0.334187
-0.01,101,0.360884
-0.01,34,0.370032
-0.01,33,0.378903
-0.01,58,0.394326
-0.01,5,0.39569
-0.01,92,0.420324
-0.01,32,0.42895
-0.01,40,0.439995
-0.01,55,0.454488
1.0,83,0.476707
-0.01,8,0.478872
-0.01,20,0.48421
-0.01,10,0.486949
-0.01,53,0.501291
1.0,294,0.578072
-0.01,102,0.604895
-0.01,146,0.643866
-0.01,156,0.685371
-0.01,2,0.685933
-0.01,4,0.687017
-0.01,16,0.691305
-0.01,2,0.691848
-0.01,25,0.698518
-0.01,28,0.705924
-0.01,16,0.710183
-0.01,46,0.722497
-0.01,11,0.725443
-0.01,173,0.771857
-0.01,4,0.77294
-0.01,118,0.804553
1.0,213,0.860475
-0.01,2,0.861024
-0.01,384,0.963154
-0.01,6,0.964797
-0.01,7,0.966668
-0.01,106,0.994932
-0.01,14,0.998664
-0.01,4,0.999736
-0.01,40,1.010379
-0.01,14,1.014144
-0.01,7,1.015988
-0.01,6,1.017592
-0.01,526,1.156958
-0.01,2,1.157548
-0.01,7,1.159433
-0.01,2,1.159979
-0.01,2,1.160521
-0.01,337,1.250121
-0.01,945,1.500544
-0.01,205,1.555057
-0.01,56,1.569969
-0.01,19,1.574963
-0.01,4,1.576033
1.0,65,1.593366
-0.01,54,1.607365
-0.01,150,1.647223
-0.01,36,1.656873
1.0,74,1.676547
-0.01,121,1.708002
-0.01,67,1.725926
-0.01,79,1.747137
1.0,40,1.757826
-0.01,107,1.786191
-0.01,50,1.799751
-0.01,4,1.800842
1.0,43,1.812367
-0.01,59,1.828283
-0.01,215,1.885697
-0.01,170,1.931121
1.0,23,1.937288
1.0,105,1.965144
-0.01,4,1.966233
-0.01,44,1.978035
1.0,58,1.993704
-0.01,117,2.024912
-0.01,40,2.035762
-0.01,4,2.036853
1.0,51,2.05057
-0.01,108,2.07958
-0.01,185,2.129139
-0.01,114,2.159639
1.0,21,2.165264
-0.01,131,2.20031
-0.01,19,2.205411
-0.01,16,2.209726
1.0,52,2.223674
-0.01,16,2.228014
-0.01,60,2.243957
-0.01,11,2.246926
1.0,11,2.249848
-0.01,28,2.257384
-0.01,75,2.277377
-0.01,36,2.28707
1.0,23,2.293225
1.0,143,2.331779
-0.01,34,2.340893
-0.01,16,2.345184
1.0,20,2.350508
1.0,296,2.430336
-0.01,11,2.433275
-0.01,2,2.433824
1.0,11,2.436761
-0.01,15,2.440817
-0.01,94,2.466446
-0.01,200,2.519436
1.0,22,2.525298
-0.01,173,2.571576
-0.01,32,2.580158
-0.01,13,2.583657
1.0,23,2.58973
1.0,98,2.61616
-0.01,142,2.654222
-0.01,72,2.682568
1.0,11,2.686042
-0.01,13,2.689666
-0.01,11,2.692691
-0.01,12,2.696048
1.0,12,2.699256
1.0,213,2.757218
-0.01,137,2.794094
-0.01,84,2.816568
1.0,26,2.823609
-0.01,54,2.838323
-0.01,11,2.841252
-0.01,39,2.851609
1.0,11,2.854567
-0.01,111,2.884794
-0.01,160,2.928026
-0.01,12,2.931305
1.0,13,2.93471
1.0,127,2.969067
-0.01,11,2.972014
-0.01,12,2.975265
1.0,12,2.978469
-0.01,2,2.979019
-0.01,104,3.006613
-0.01,4,3.007708
-0.01,9,3.010148
1.0,167,3.054875
-0.01,11,3.057829
-0.01,14,3.061633
1.0,11,3.064582
1.0,64,3.081802
-0.01,18,3.086651
-0.01,2,3.087207
1.0,12,3.090359
1.0,110,3.119928
-0.01,11,3.122886
-0.01,35,3.132397
1.0,13,3.135895
-0.01,121,3.168459
-0.01,2,3.169023
-0.01,4,3.17011
1.0,11,3.173017
1.0,54,3.187256
-0.01,74,3.206982
-0.01,47,3.219752
-0.01,4,3.220854
1.0,78,3.241891
-0.01,18,3.246801
-0.01,82,3.269007
1.0,11,3.271959
-0.01,41,3.283046
-0.01,72,3.302318
-0.01,35,3.311583
1.0,12,3.314798
-0.01,4,3.315886
-0.01,33,3.324817
-0.01,19,3.329973
1.0,12,3.333172
-0.01,34,3.342258
-0.01,57,3.357569
-0.01,37,3.367647
1.0,14,3.371402
-0.01,38,3.38165
-0.01,73,3.401254
-0.01,115,3.432751
1.0,15,3.43692
1.0,68,3.45702
-0.01,52,3.471598
-0.01,24,3.478251
1.0,11,3.481239
-0.01,19,3.486432
-0.01,121,3.51932
-0.01,27,3.526625
-0.01,9,3.529093
-0.01,37,3.539226
-0.01,248,3.605591
-0.01,4,3.606704
-0.01,2,3.60726
-0.01,2,3.607815
-0.01,5,3.609188
-0.01,105,3.637483
1.0,12,3.640715
-0.01,5,3.642081
-0.01,51,3.655924
-0.01,59,3.671902
1.0,11,3.674866
1.0,110,3.704863
-0.01,60,3.720851
-0.01,57,3.736371
1.0,13,3.739795
-0.01,61,3.756362
-0.01,58,3.771989
-0.01,61,3.788632
1.0,11,3.791593
-0.01,19,3.796745
-0.01,80,3.818114
-0.01,49,3.831157
-0.01,7,3.833066
-0.01,43,3.844775
-0.01,23,3.850838
-0.01,4,3.851926
1.0,11,3.854888
1.0,72,3.874463
-0.01,11,3.877429
-0.01,15,3.881478
1.0,11,3.884448
1.0,61,3.900854
-0.01,33,3.909864
-0.01,4,3.910947
1.0,14,3.914729
1.0,44,3.926732
-0.01,2,3.927283
-0.01,12,3.930562
1.0,12,3.933726
1.0,60,3.949959
-0.01,116,3.981394
-0.01,46,3.993882
1.0,11,3.996827
-0.01,65,4.014522
-0.01,57,4.02983
-0.01,21,4.035537
1.0,11,4.038506
1.0,47,4.05127
-0.01,11,4.054247
-0.01,47,4.066801
1.0,11,4.069764
1.0,39,4.080285
-0.01,31,4.088638
-0.01,28,4.096271
-0.01,2,4.096825
-0.01,59,4.112781
-0.01,66,4.130701
-0.01,94,4.155975
1.0,11,4.158942
-0.01,32,4.167709
-0.01,71,4.187122
-0.01,35,4.196379
1.0,11,4.199332
1.0,66,4.217126
-0.01,86,4.240254
-0.01,29,4.248092
1.0,12,4.251312
-0.01,39,4.261969
-0.01,57,4.277415
-0.01,66,4.295318
1.0,15,4.299238
1.0,43,4.310774
-0.01,48,4.323871
-0.01,4,4.324962
-0.01,2,4.3255
-0.01,2,4.326052
-0.01,82,4.348009
-0.01,46,4.360552
1.0,12,4.363758
1.0,48,4.37652
-0.01,42,4.387815
-0.01,2,4.388363
1.0,11,4.391293
1.0,31,4.399591
-0.01,26,4.406566
-0.01,12,4.409821
1.0,13,4.413288
1.0,39,4.423692
-0.01,91,4.448371
-0.01,61,4.465297
1.0,11,4.468255
1.0,50,4.481666
-0.01,60,4.497679
-0.01,88,4.521316
1.0,15,4.525336
-0.01,54,4.540019
-0.01,50,4.553621
-0.01,36,4.563305
1.0,11,4.566262
1.0,27,4.573572
-0.01,42,4.584939
-0.01,37,4.594851
1.0,15,4.598816
1.0,25,4.605549
-0.01,56,4.620687
-0.01,31,4.62908
1.0,11,4.632035
1.0,71,4.651346
-0.01,36,4.661034
-0.01,26,4.66782
1.0,13,4.671302
1.0,73,4.690744
-0.01,4,4.691836
-0.01,29,4.699629
1.0,13,4.703122
1.0,28,4.71071
-0.01,46,4.723134
-0.01,26,4.730142
1.0,11,4.7331
1.0,31,4.74148
-0.01,36,4.75116
-0.01,21,4.756899
1.0,15,4.76085
-0.01,18,4.765761
-0.01,42,4.776936
-0.01,25,4.783708
1.0,11,4.786671
-0.01,19,4.791841
-0.01,6,4.793468
-0.01,34,4.802468
-0.01,13,4.805986
-0.01,15,4.810075
-0.01,28,4.817571
-0.01,28,4.825104
1.0,12,4.828253
1.0,24,4.834773
-0.01,27,4.842047
-0.01,27,4.84932
1.0,14,4.85307
1.0,23,4.859212
-0.01,25,4.865913
-0.01,31,4.874305
1.0,12,4.877508
1.0,23,4.88365
-0.01,33,4.892405
-0.01,4,4.89348
1.0,12,4.896708
1.0,28,4.904152
-0.01,27,4.911418
-0.01,27,4.918762
1.0,11,4.921699
-0.01,4,4.922759
-0.01,30,4.930829
-0.01,32,4.939428
1.0,11,4.942362
1.0,23,4.948507
-0.01,32,4.957078
-0.01,25,4.963887
1.0,11,4.966832
-0.01,12,4.970105
-0.01,8,4.97226
-0.01,4,4.973337
1.0,12,4.976547
1.0,27,4.983694
-0.01,66,5.001454
-0.01,27,5.008685
1.0,13,5.012168
1.0,23,5.018311
-0.01,33,5.027204
-0.01,12,5.030439
1.0,11,5.03338
1.0,28,5.040945
-0.01,35,5.050355
-0.01,25,5.057165
-0.01,2,5.057713
1.0,30,5.065748
-0.01,44,5.077612
-0.01,26,5.084701
1.0,14,5.088428
1.0,23,5.094617
-0.01,37,5.104439
-0.01,6,5.10606
-0.01,4,5.107152
1.0,27,5.114335
-0.01,48,5.127159
-0.01,29,5.135052
-0.01,11,5.13804
1.0,25,5.14473
-0.01,34,5.153875
-0.01,28,5.161507
1.0,11,5.164457
1.0,23,5.17061
-0.01,4,5.171688
-0.01,13,5.175217
1.0,11,5.178161
1.0,38,5.188313
-0.01,44,5.200179
-0.01,26,5.207181
1.0,11,5.210127
1.0,25,5.216833
-0.01,31,5.225208
-0.01,29,5.233107
1.0,11,5.236056
1.0,24,5.242398
-0.01,17,5.246992
-0.01,4,5.248067
1.0,11,5.251001
1.0,28,5.258429
-0.01,34,5.267539
-0.01,2,5.268088
1.0,11,5.271031
1.0,27,5.278227
-0.01,33,5.287071
-0.01,27,5.294379
-0.01,2,5.294923
-0.01,6,5.296554
-0.01,40,5.307226
-0.01,25,5.313955
1.0,14,5.317692
-0.01,8,5.319866
-0.01,35,5.329287
-0.01,27,5.336531
1.0,11,5.339476
1.0,23,5.345606
-0.01,29,5.353422
-0.01,8,5.355597
1.0,13,5.359057
1.0,23,5.365185
-0.01,33,5.374375
-0.01,24,5.380841
1.0,13,5.384157
1.0,25,5.39085
-0.01,6,5.392455
-0.01,34,5.401704
1.0,11,5.404654
1.0,35,5.414098
-0.01,34,5.423275
-0.01,25,5.430127
1.0,11,5.433089
1.0,24,5.439549
-0.01,32,5.448159
-0.01,8,5.450331
1.0,11,5.453261
-0.01,19,5.458334
-0.01,34,5.467758
-0.01,25,5.474484
-0.01,2,5.475037
1.0,25,5.481684
-0.01,34,5.490897
-0.01,28,5.498516
1.0,11,5.501455
1.0,25,5.508219
-0.01,17,5.512836
-0.01,27,5.520098
1.0,11,5.523046
-0.01,15,5.527104
-0.01,34,5.536258
-0.01,25,5.542983
-0.01,4,5.544076
-0.01,6,5.545708
-0.01,21,5.551396
-0.01,29,5.559191
-0.01,2,5.559735
1.0,23,5.565884
-0.01,43,5.577464
-0.01,25,5.584198
1.0,11,5.587145
1.0,25,5.593712
-0.01,33,5.602521
-0.01,33,5.611408
1.0,11,5.614339
-0.01,14,5.618076
-0.01,30,5.626141
-0.01,25,5.632926
-0.01,6,5.63457
1.0,31,5.642907
-0.01,23,5.649053
-0.01,28,5.656663
1.0,13,5.660144
1.0,34,5.66929
-0.01,38,5.67956
-0.01,4,5.680649
1.0,12,5.683848
1.0,24,5.690337
-0.01,23,5.696512
-0.01,25,5.703238
1.0,11,5.706186
1.0,23,5.712344
-0.01,36,5.722002
-0.01,12,5.72525
-0.01,2,5.7258
1.0,44,5.737674
-0.01,31,5.746046
-0.01,27,5.753326
1.0,11,5.756272
1.0,27,5.76348
-0.01,38,5.773584
-0.01,16,5.777903
1.0,14,5.781635
1.0,27,5.788834
-0.01,17,5.793414
-0.01,29,5.801215
-0.01,4,5.802301
1.0,27,5.809559
-0.01,38,5.819753
-0.01,25,5.826475
1.0,11,5.829422
1.0,23,5.835619
-0.01,40,5.846379
-0.01,8,5.848547
1.0,11,5.851487
1.0,26,5.858484
-0.01,17,5.863113
-0.01,25,5.869821
1.0,13,5.873295
-0.01,2,5.873846
-0.01,34,5.883019
-0.01,27,5.890289
1.0,13,5.893769
1.0,23,5.899989
-0.01,38,5.910224
-0.01,27,5.917496
1.0,13,5.920975
1.0,27,5.928201
-0.01,33,5.937014
-0.01,12,5.940275
1.0,11,5.943211
-0.01,20,5.948638
-0.01,29,5.956415
-0.01,21,5.961956
1.0,11,5.964894
1.0,26,5.971887
-0.01,61,5.988347
-0.01,30,5.996486
1.0,11,5.999424
1.0,25,6.006138
-0.01,6,6.007742
-0.01,30,6.015896
1.0,12,6.019095
1.0,25,6.025829
-0.01,42,6.037174
-0.01,12,6.04043
1.0,11,6.043363
1.0,23,6.049519
-0.01,31,6.057859
-0.01,27,6.065149
1.0,12,6.068354
-0.01,19,6.073508
-0.01,29,6.081295
-0.01,29,6.089068
1.0,11,6.092012
1.0,26,6.099035
-0.01,36,6.10873
-0.01,2,6.10928
-0.01,4,6.110368
1.0,28,6.11784
-0.01,30,6.12586
-0.01,12,6.129123
1.0,11,6.132063
-0.01,2,6.132613
-0.01,6,6.134247
-0.01,31,6.142581
1.0,11,6.145527
1.0,25,6.152207
-0.01,37,6.162081
-0.01,29,6.169901
1.0,16,6.174096
-0.01,4,6.17518
-0.01,10,6.177885
-0.01,25,6.184626
1.0,11,6.187567
1.0,54,6.202215
-0.01,19,6.207383
-0.01,27,6.21467
-0.01,9,6.217127
1.0,27,6.224302
-0.01,17,6.228932
-0.01,87,6.252527
1.0,11,6.255487
1.0,28,6.263004
-0.01,8,6.265166
-0.01,16,6.269496
1.0,11,6.272441
1.0,25,6.279136
-0.01,45,6.291061
-0.01,42,6.302474
1.0,11,6.305422
1.0,25,6.312187
-0.01,32,6.320757
-0.01,25,6.327501
-0.01,10,6.330211
1.0,23,6.336398
-0.01,34,6.345557
-0.01,14,6.349345
1.0,11,6.352295
1.0,23,6.358438
-0.01,34,6.36745
-0.01,32,6.376047
1.0,16,6.380329
1.0,27,6.387631
-0.01,35,6.397063
-0.01,12,6.400317
1.0,13,6.403796
1.0,23,6.40995
-0.01,12,6.413148
-0.01,29,6.42103
-0.01,4,6.422102
1.0,31,6.430332
-0.01,30,6.438409
-0.01,25,6.445212
-0.01,2,6.445751
1.0,25,6.452369
-0.01,48,6.465548
-0.01,29,6.473399
-0.01,6,6.475054
-0.01,8,6.477211
-0.01,4,6.478297
-0.01,25,6.485005
1.0,15,6.488999
1.0,23,6.495185
-0.01,2,6.495734
-0.01,26,6.502719
1.0,12,6.505916
1.0,23,6.51209
-0.01,32,6.520646
-0.01,19,6.525695
1.0,11,6.52864
-0.01,12,6.531854
-0.01,32,6.540446
-0.01,26,6.547368
-0.01,11,6.550347
-0.01,9,6.552763
-0.01,36,6.562413
-0.01,6,6.564038
1.0,11,6.566983
1.0,25,6.573727
-0.01,30,6.581771
-0.01,28,6.589276
1.0,12,6.592479
1.0,30,6.600454
-0.01,35,6.609878
-0.01,21,6.615511
1.0,11,6.618438
1.0,26,6.625434
-0.01,32,6.634018
-0.01,4,6.635102
1.0,11,6.638057
1.0,27,6.645254
-0.01,35,6.654633
-0.01,31,6.662972
1.0,12,6.666179
-0.01,10,6.66889
-0.01,36,6.678554
-0.01,25,6.685272
1.0,12,6.688399
1.0,29,6.696184
-0.01,32,6.704735
-0.01,8,6.706893
1.0,12,6.710095
1.0,28,6.717524
-0.01,30,6.7256
-0.01,19,6.730673
1.0,11,6.733609
1.0,27,6.740868
-0.01,14,6.744598
-0.01,4,6.745669
1.0,11,6.748603
-0.01,9,6.751045
-0.01,30,6.759081
-0.01,28,6.766604
1.0,11,6.76953
1.0,27,6.776611
-0.01,37,6.786463
-0.01,25,6.793173
1.0,15,6.797103
1.0,27,6.804323
-0.01,32,6.812826
-0.01,25,6.819532
1.0,13,6.82299
1.0,27,6.830152
-0.01,32,6.838694
-0.01,25,6.845418
1.0,11,6.848353
1.0,23,6.85448
-0.01,38,6.864637
-0.01,28,6.872248
1.0,12,6.875455
1.0,25,6.882096
-0.01,31,6.890348
-0.01,31,6.898738
1.0,15,6.902749
1.0,30,6.910703
-0.01,33,6.919525
-0.01,17,6.924062
1.0,11,6.927
1.0,23,6.933169
-0.01,14,6.936909
-0.01,29,6.944676
1.0,11,6.947614
1.0,25,6.954266
-0.01,30,6.962271
-0.01,30,6.970333
-0.01,2,6.970882
1.0,30,6.978921
-0.01,29,6.986741
-0.01,27,6.993971
1.0,11,6.99691
1.0,28,7.004473
-0.01,14,7.008257
-0.01,35,7.017673
1.0,11,7.020606
1.0,25,7.027359
-0.01,8,7.029531
-0.01,26,7.036501
1.0,13,7.039969
-0.01,8,7.042144
-0.01,7,7.04405
-0.01,14,7.047763
1.0,16,7.051963
1.0,23,7.058174
-0.01,25,7.064876
-0.01,29,7.072568
1.0,11,7.075502
1.0,26,7.08248
-0.01,33,7.091402
-0.01,28,7.098876
-0.01,8,7.101021
1.0,24,7.10756
-0.01,30,7.115639
-0.01,25,7.122351
-0.01,9,7.124776
1.0,26,7.131677
-0.01,32,7.140258
-0.01,12,7.143499
-0.01,2,7.144049
1.0,29,7.151778
-0.01,25,7.158614
-0.01,25,7.165325
1.0,11,7.168263
1.0,26,7.175183
-0.01,35,7.184445
-0.01,28,7.191959
1.0,15,7.195965
1.0,25,7.2026
-0.01,16,7.206957
-0.01,28,7.214545
1.0,11,7.217482
1.0,24,7.223938
-0.01,33,7.232694
-0.01,29,7.240491
1.0,14,7.244231
1.0,23,7.250429
-0.01,48,7.263348
-0.01,28,7.270877
1.0,11,7.273814
1.0,28,7.281191
-0.01,36,7.290856
-0.01,27,7.298186
1.0,13,7.301656
1.0,32,7.310071
-0.01,11,7.31301
-0.01,30,7.321013
1.0,11,7.323942
1.0,25,7.330546
-0.01,8,7.332713
-0.01,35,7.342089
1.0,13,7.345535
1.0,23,7.351706
-0.01,30,7.359742
-0.01,27,7.36698
-0.01,4,7.368062
1.0,29,7.375835
-0.01,36,7.385411
-0.01,25,7.392112
1.0,11,7.395049
1.0,23,7.401246
-0.01,19,7.406399
-0.01,26,7.413392
1.0,11,7.416327
1.0,31,7.424631
-0.01,28,7.432143
-0.01,10,7.434844
1.0,12,7.438035
1.0,23,7.444133
-0.01,32,7.45279
-0.01,35,7.462208
1.0,11,7.465151
-0.01,16,7.469817
-0.01,21,7.475492
-0.01,2,7.476041
1.0,11,7.478971
1.0,23,7.485181
-0.01,31,7.493501
-0.01,14,7.497278
-0.01,2,7.497823
1.0,27,7.505056
-0.01,35,7.514442
-0.01,4,7.515513
1.0,11,7.518444
1.0,29,7.526173
-0.01,32,7.534758
-0.01,27,7.542002
1.0,11,7.544943
-0.01,8,7.54711
-0.01,9,7.549525
-0.01,2,7.550055
1.0,13,7.553523
-0.01,17,7.558058
-0.01,2,7.558605
-0.01,27,7.565933
1.0,12,7.569045
1.0,25,7.575737
-0.01,34,7.584833
-0.01,23,7.591024
1.0,11,7.593989
1.0,24,7.600325
-0.01,34,7.609315
-0.01,29,7.6171
1.0,11,7.620036
-0.01,14,7.623819
-0.01,8,7.625992
-0.01,27,7.633306
1.0,11,7.636243
1.0,23,7.64236
-0.01,7,7.644265
-0.01,8,7.646428
1.0,15,7.65043
1.0,24,7.656863
-0.01,23,7.663044
-0.01,27,7.670198
1.0,13,7.673623
1.0,23,7.679795
-0.01,12,7.68304
-0.01,2,7.683586
1.0,11,7.686534
1.0,23,7.692696
-0.01,33,7.701527
-0.01,21,7.707248
1.0,14,7.710972
1.0,29,7.71863
-0.01,20,7.724026
-0.01,6,7.725649
1.0,11,7.728586
1.0,25,7.73521
-0.01,30,7.743222
-0.01,31,7.751503
-0.01,6,7.75314
1.0,23,7.759315
-0.01,42,7.770539
-0.01,29,7.778326
1.0,11,7.781254
1.0,25,7.787941
-0.01,31,7.796298
-0.01,2,7.796847
1.0,14,7.800585
1.0,23,7.806686
-0.01,34,7.815794
-0.01,32,7.824366
-0.01,2,7.824906
1.0,31,7.833102
-0.01,33,7.841906
-0.01,28,7.849502
1.0,14,7.853202
1.0,49,7.866426
-0.01,30,7.874489
-0.01,4,7.875568
-0.01,9,7.878005
-0.01,14,7.881752
-0.01,32,7.89031
-0.01,25,7.897097
1.0,11,7.900017
1.0,30,7.907897
-0.01,34,7.917003
-0.01,32,7.925681
1.0,11,7.928607
1.0,24,7.93507
-0.01,25,7.941787
-0.01,26,7.948707
1.0,11,7.951643
1.0,23,7.957829
-0.01,56,7.972923
-0.01,31,7.981213
1.0,12,7.984413
-0.01,8,7.986564
-0.01,24,7.993048
-0.01,35,8.002405
1.0,12,8.005614
1.0,27,8.012872
-0.01,35,8.022252
-0.01,12,8.02551
1.0,11,8.028443
1.0,26,8.035399
-0.01,30,8.043424
-0.01,27,8.050732
-0.01,2,8.051274
1.0,26,8.058241
-0.01,30,8.066281
-0.01,27,8.073523
1.0,12,8.076715
-0.01,21,8.082291
-0.01,30,8.090329
-0.01,25,8.097161
1.0,15,8.101186
1.0,24,8.107645
-0.01,33,8.116522
-0.01,27,8.123889
1.0,12,8.127012
1.0,25,8.133747
-0.01,34,8.142839
-0.01,4,8.143914
1.0,14,8.147579
1.0,26,8.154536
-0.01,34,8.163662
-0.01,35,8.17297
1.0,11,8.175904
1.0,29,8.183625
-0.01,30,8.191739
-0.01,33,8.200535
1.0,12,8.203732
1.0,25,8.210431
-0.01,32,8.218996
-0.01,26,8.226045
1.0,11,8.228985
1.0,25,8.235674
-0.01,35,8.245096
-0.01,25,8.251814
1.0,13,8.255287
-0.01,12,8.258528
-0.01,32,8.267118
-0.01,34,8.276274
1.0,12,8.279457
1.0,28,8.286954
-0.01,35,8.296281
-0.01,28,8.303786
1.0,15,8.307782
1.0,27,8.315023
-0.01,6,8.316667
-0.01,14,8.320456
1.0,12,8.323649
1.0,27,8.330909
-0.01,34,8.339978
-0.01,14,8.343745
1.0,17,8.348281
1.0,23,8.354424
-0.01,12,8.357666
-0.01,26,8.364722
1.0,11,8.367649
1.0,26,8.374538
-0.01,25,8.381275
-0.01,27,8.388505
1.0,13,8.391961
1.0,25,8.398636
-0.01,38,8.408811
-0.01,2,8.409358
-0.01,11,8.412346
1.0,30,8.420396
-0.01,14,8.424161
-0.01,4,8.425239
1.0,12,8.428437
-0.01,17,8.433044
-0.01,29,8.440836
-0.01,35,8.450283
1.0,11,8.453211
1.0,23,8.459347
-0.01,38,8.469512
-0.01,20,8.475245
1.0,13,8.478719
-0.01,12,8.481988
-0.01,34,8.491081
-0.01,27,8.498398
1.0,13,8.501867
-0.01,23,8.508028
-0.01,35,8.517393
-0.01,4,8.518466
1.0,11,8.52139
1.0,24,8.527763
-0.01,32,8.536294
-0.01,35,8.545661
1.0,12,8.548861
1.0,25,8.555574
-0.01,40,8.566195
-0.01,27,8.573455
1.0,11,8.576386
1.0,28,8.583951
-0.01,33,8.592812
-0.01,29,8.600673
1.0,11,8.603605
-0.01,16,8.607906
-0.01,31,8.616146
-0.01,27,8.623383
1.0,14,8.627113
1.0,26,8.634107
-0.01,41,8.64507
-0.01,12,8.648308
-0.01,9,8.650737
1.0,25,8.657406
-0.01,2,8.657955
-0.01,25,8.664659
1.0,13,8.668049
1.0,26,8.674974
-0.01,30,8.68299
-0.01,31,8.691299
1.0,13,8.69477
1.0,25,8.701398
-0.01,37,8.711249
-0.01,27,8.71849
-0.01,6,8.720118
1.0,29,8.727753
-0.01,34,8.73677
-0.01,2,8.737319
-0.01,2,8.737854
1.0,28,8.745314
-0.01,30,8.75337
-0.01,27,8.760668
1.0,11,8.763595
1.0,25,8.770307
-0.01,12,8.773531
-0.01,27,8.780788
-0.01,2,8.781364
-0.01,8,8.78351
-0.01,31,8.79179
-0.01,31,8.800119
1.0,14,8.803854
1.0,23,8.810039
-0.01,36,8.819649
-0.01,30,8.827757
1.0,11,8.830687
-0.01,2,8.831237
-0.01,42,8.842474
-0.01,8,8.844607
1.0,13,8.848063
1.0,27,8.855324
-0.01,34,8.864437
-0.01,33,8.873286
1.0,13,8.876744
1.0,33,8.885567
-0.01,17,8.890163
-0.01,30,8.898257
1.0,11,8.901186
1.0,23,8.907417
-0.01,34,8.91653
-0.01,26,8.923495
1.0,13,8.926956
1.0,27,8.934158
-0.01,25,8.940859
-0.01,26,8.947906
1.0,11,8.950838
-0.01,12,8.954052
-0.01,39,8.96444
-0.01,21,8.970042
1.0,13,8.973524
1.0,25,8.980149
-0.01,21,8.985829
-0.01,27,8.993122
1.0,13,8.996597
1.0,23,9.002671
-0.01,18,9.007497
-0.01,29,9.015355
1.0,15,9.019385
1.0,28,9.026803
-0.01,31,9.035131
-0.01,34,9.04432
-0.01,8,9.046486
1.0,25,9.053237
-0.01,9,9.055688
-0.01,29,9.063527
1.0,11,9.066469
1.0,27,9.073707
-0.01,9,9.076116
-0.01,12,9.079357
1.0,11,9.08228
1.0,25,9.088994
-0.01,39,9.099267
-0.01,10,9.101932
1.0,11,9.104931
1.0,26,9.111881
-0.01,31,9.120183
-0.01,28,9.12776
1.0,15,9.131764
1.0,23,9.137904
-0.01,37,9.147567
-0.01,28,9.155051
1.0,13,9.158508
1.0,29,9.16623
-0.01,4,9.167314
-0.01,30,9.175375
1.0,13,9.178844
1.0,23,9.185048
-0.01,29,9.192833
-0.01,27,9.200005
1.0,13,9.203468
1.0,26,9.210433
-0.01,19,9.215552
-0.01,19,9.220683
1.0,11,9.223621
1.0,23,9.229791
-0.01,32,9.238382
-0.01,28,9.245888
1.0,11,9.248813
1.0,25,9.25557
-0.01,38,9.26577
-0.01,31,9.274101
1.0,11,9.277037
-0.01,5,9.278388
-0.01,4,9.279478
-0.01,10,9.282167
1.0,11,9.285103
1.0,25,9.291826
-0.01,36,9.30145
-0.01,28,9.309026
1.0,11,9.311948
1.0,25,9.318586
-0.01,30,9.326491
-0.01,28,9.334081
1.0,13,9.337537
-0.01,21,9.343139
-0.01,17,9.347735
-0.01,28,9.35519
1.0,13,9.358593
1.0,23,9.364677
-0.01,34,9.373816
-0.01,29,9.381596
1.0,11,9.384523
1.0,23,9.390593
-0.01,8,9.392765
-0.01,8,9.394929
-0.01,2,9.395472
-0.01,12,9.398725
-0.01,40,9.409383
-0.01,12,9.412591
1.0,13,9.416024
1.0,24,9.4223
-0.01,23,9.428457
-0.01,21,9.434118
1.0,12,9.437308
-0.01,20,9.442666
-0.01,35,9.452029
-0.01,29,9.45989
1.0,13,9.463358
1.0,27,9.470552
-0.01,37,9.48067
-0.01,12,9.483922
1.0,12,9.487126
1.0,28,9.494631
-0.01,34,9.503671
-0.01,25,9.510457
-0.01,2,9.511006
1.0,30,9.518965
-0.01,34,9.527967
-0.01,19,9.533027
1.0,11,9.535955
1.0,23,9.542106
-0.01,27,9.549379
-0.01,29,9.557226
1.0,11,9.560158
-0.01,21,9.565823
-0.01,33,9.574645
-0.01,25,9.581423
-0.01,9,9.583862
1.0,29,9.591634
-0.01,4,9.592694
-0.01,16,9.596965
-0.01,4,9.598044
-0.01,16,9.602354
-0.01,36,9.611912
-0.01,29,9.619687
1.0,14,9.623341
1.0,25,9.630033
-0.01,8,9.632228
-0.01,25,9.639014
1.0,11,9.641936
1.0,31,9.650125
-0.01,30,9.658138
-0.01,14,9.661885
1.0,12,9.665084
1.0,29,9.672839
-0.01,32,9.6814
-0.01,14,9.68509
1.0,14,9.68881
1.0,30,9.696837
-0.01,34,9.705961
-0.01,2,9.706512
-0.01,4,9.707593
1.0,23,9.713724
-0.01,34,9.72281
-0.01,14,9.726586
-0.01,11,9.729563
-0.01,4,9.730627
-0.01,31,9.738874
-0.01,27,9.746187
1.0,13,9.749651
1.0,34,9.758549
-0.01,32,9.767144
-0.01,4,9.76822
1.0,12,9.771413
1.0,25,9.778151
-0.01,34,9.787242
-0.01,12,9.790488
1.0,11,9.793418
1.0,28,9.800891
-0.01,28,9.808406
-0.01,26,9.815448
1.0,13,9.818915
1.0,25,9.825658
-0.01,2,9.826205
-0.01,21,9.831838
1.0,11,9.834766
1.0,25,9.841444
-0.01,30,9.849489
-0.01,4,9.850569
1.0,11,9.853512
1.0,25,9.860174
-0.01,36,9.869822
-0.01,28,9.877333
1.0,11,9.880264
1.0,25,9.886915
-0.01,30,9.894958
-0.01,31,9.903255
-0.01,4,9.904341
-0.01,2,9.904889
-0.01,31,9.913218
-0.01,27,9.920554
-0.01,4,9.921704
1.0,33,9.93056
-0.01,33,9.939401
-0.01,29,9.94717
1.0,11,9.950105
1.0,24,9.956559
-0.01,40,9.96729
-0.01,27,9.974595
1.0,12,9.977789
1.0,25,9.984501
-0.01,6,9.986175
-0.01,29,9.993879
-0.01,4,9.994964
1.0,25,10.001695
-0.01,41,10.012635
-0.01,25,10.019423
1.0,11,10.022349
1.0,25,10.028972
-0.01,30,10.037025
-0.01,25,10.043723
1.0,11,10.046657
1.0,27,10.053874
-0.01,29,10.061647
-0.01,2,10.062193
-0.01,8,10.064341
1.0,24,10.070624
-0.01,23,10.076814
-0.01,27,10.084046
1.0,11,10.086984
1.0,23,10.093169
-0.01,33,10.101965
-0.01,25,10.108743
1.0,11,10.111679
1.0,27,10.118886
-0.01,30,10.1269
-0.01,34,10.13606
1.0,15,10.140067
1.0,23,10.146236
-0.01,32,10.154823
-0.01,32,10.16333
1.0,13,10.166799
1.0,25,10.173436
-0.01,17,10.178057
-0.01,26,10.185042
1.0,12,10.188235
1.0,24,10.194615
-0.01,19,10.199723
-0.01,29,10.207561
1.0,11,10.210495
1.0,26,10.217378
-0.01,30,10.22541
-0.01,25,10.232112
1.0,11,10.235043
1.0,24,10.241319
-0.01,30,10.249408
-0.01,14,10.25317
-0.01,6,10.254805
1.0,25,10.261449
-0.01,34,10.270548
-0.01,25,10.277241
1.0,14,10.280887
-0.01,14,10.284665
-0.01,8,10.286797
-0.01,25,10.293536
-0.01,4,10.294626
1.0,26,10.301598
-0.01,38,10.311665
-0.01,18,10.316311
1.0,13,10.319775
1.0,26,10.32678
-0.01,37,10.336644
-0.01,2,10.337193
1.0,13,10.340656
-0.01,8,10.342803
-0.01,25,10.349563
-0.01,4,10.350638
1.0,13,10.354134
1.0,26,10.361134
-0.01,29,10.368898
-0.01,25,10.375625
1.0,12,10.37882
1.0,27,10.386008
-0.01,33,10.394883
-0.01,29,10.402695
1.0,16,10.406884
1.0,25,10.41357
-0.01,9,10.416029
-0.01,10,10.418731
-0.01,6,10.420394
-0.01,21,10.426033
-0.01,36,10.435702
-0.01,29,10.443523
-0.01,4,10.444612
1.0,27,10.451803
-0.01,41,10.46281
-0.01,2,10.463361
1.0,15,10.467357
1.0,24,10.473779
-0.01,41,10.484962
-0.01,28,10.492512
1.0,11,10.495447
1.0,26,10.502433
-0.01,34,10.511546
-0.01,25,10.518294
1.0,12,10.521499
-0.01,4,10.522561
-0.01,23,10.528745
-0.01,4,10.529829
1.0,11,10.532756
1.0,29,10.540539
-0.01,29,10.548277
-0.01,30,10.556322
1.0,12,10.559521
1.0,27,10.566792
-0.01,30,10.574847
-0.01,26,10.5819
1.0,12,10.585028
1.0,27,10.592229
-0.01,30,10.600247
-0.01,26,10.607218
1.0,13,10.610686
1.0,27,10.617903
-0.01,4,10.618965
-0.01,31,10.627276
1.0,12,10.630401
1.0,29,10.638183
-0.01,40,10.648921
-0.01,27,10.656167
1.0,12,10.659371
1.0,26,10.666394
-0.01,2,10.666925
-0.01,29,10.674795
1.0,12,10.677997
1.0,23,10.684124
-0.01,32,10.692697
-0.01,29,10.70056
1.0,11,10.703517
1.0,24,10.709895
-0.01,30,10.717954
-0.01,27,10.725292
1.0,11,10.728226
1.0,23,10.734329
-0.01,16,10.738762
-0.01,23,10.744954
1.0,14,10.748638
1.0,31,10.756929
-0.01,6,10.758507
-0.01,16,10.762794
1.0,12,10.765982
1.0,26,10.773016
-0.01,34,10.78215
-0.01,27,10.789433
1.0,13,10.79287
1.0,27,10.800048
-0.01,19,10.805201
-0.01,27,10.812452
1.0,11,10.815407
1.0,26,10.822266
-0.01,30,10.830321
-0.01,21,10.835946
1.0,14,10.839674
1.0,25,10.846329
-0.01,14,10.85011
-0.01,26,10.857151
1.0,11,10.86007
1.0,23,10.866238
-0.01,34,10.875384
-0.01,25,10.882186
1.0,11,10.885116
1.0,26,10.892086
-0.01,36,10.901677
-0.01,26,10.90866
1.0,14,10.912422
1.0,25,10.919046
-0.01,30,10.927095
-0.01,25,10.933888
1.0,12,10.937085
1.0,31,10.945339
-0.01,30,10.953346
-0.01,25,10.96013
1.0,15,10.964135
1.0,23,10.970216
-0.01,41,10.98112
-0.01,12,10.984364
-0.01,2,10.98491
-0.01,4,10.985995
-0.01,15,10.990039
-0.01,27,10.997276
1.0,12,11.000481
1.0,25,11.007134
-0.01,40,11.017837
-0.01,29,11.025695
1.0,13,11.029173
1.0,25,11.035912
-0.01,30,11.043973
-0.01,34,11.053167
1.0,11,11.056113
1.0,25,11.062836
-0.01,36,11.072462
-0.01,29,11.080326
1.0,13,11.083782
-0.01,17,11.088334
-0.01,8,11.090486
-0.01,25,11.097276
1.0,12,11.100466
1.0,25,11.107198
-0.01,30,11.115222
-0.01,6,11.116836
-0.01,6,11.118465
1.0,27,11.125743
-0.01,36,11.135328
-0.01,22,11.141284
-0.01,2,11.141826
1.0,25,11.148573
-0.01,32,11.15716
-0.01,4,11.158231
1.0,11,11.161156
1.0,27,11.168316
-0.01,23,11.174496
-0.01,4,11.175576
1.0,11,11.178509
1.0,25,11.185108
-0.01,31,11.193403
-0.01,25,11.200111
1.0,14,11.203773
-0.01,4,11.204858
-0.01,35,11.214202
-0.01,6,11.215833
1.0,12,11.219019
1.0,26,11.225932
-0.01,2,11.22648
-0.01,12,11.22972
-0.01,2,11.230267
1.0,24,11.236718
-0.01,30,11.244779
-0.01,29,11.252633
-0.01,4,11.253711
1.0,26,11.260682
-0.01,34,11.269737
-0.01,26,11.276817
1.0,13,11.280271
1.0,26,11.287276
-0.01,34,11.296457
-0.01,33,11.305393
1.0,11,11.308333
1.0,24,11.3148
-0.01,34,11.32382
-0.01,21,11.329354
1.0,12,11.332547
1.0,25,11.339242
-0.01,18,11.344128
-0.01,29,11.351894
1.0,15,11.355898
1.0,24,11.362288
-0.01,31,11.370574
-0.01,4,11.371651
1.0,12,11.37484
1.0,26,11.381574
-0.01,32,11.390134
-0.01,29,11.398007
1.0,11,11.400934
1.0,23,11.407146
-0.01,14,11.410844
-0.01,27,11.418166
1.0,11,11.421103
1.0,27,11.428285
-0.01,25,11.435008
-0.01,29,11.442793
1.0,11,11.445734
-0.01,12,11.448952
-0.01,32,11.457548
-0.01,13,11.461056
-0.01,2,11.461607
-0.01,8,11.463776
-0.01,12,11.467046
-0.01,33,11.475996
1.0,15,11.479986
1.0,23,11.486405
-0.01,33,11.495354
-0.01,27,11.502595
1.0,11,11.505548
1.0,25,11.512252
-0.01,30,11.520307
-0.01,26,11.527295
1.0,11,11.53023
1.0,23,11.536317
-0.01,35,11.545623
-0.01,26,11.552664
1.0,12,11.555875
1.0,23,11.562054
-0.01,35,11.571453
-0.01,8,11.573621
1.0,11,11.576555
1.0,25,11.583241
-0.01,33,11.592193
-0.01,28,11.599783
-0.01,2,11.600327
1.0,25,11.6071
-0.01,30,11.61512
-0.01,28,11.622723
1.0,11,11.625669
1.0,29,11.633463
-0.01,9,11.63592
-0.01,12,11.639177
1.0,11,11.642097
1.0,25,11.648818
-0.01,33,11.657669
-0.01,26,11.664728
1.0,11,11.667668
1.0,24,11.674195
-0.01,6,11.675795
-0.01,30,11.683779
1.0,11,11.686733
1.0,26,11.693629
-0.01,33,11.702497
-0.01,34,11.711497
1.0,11,11.714447
1.0,25,11.721182
-0.01,13,11.724649
-0.01,14,11.728439
-0.01,2,11.728991
1.0,25,11.735747
-0.01,4,11.736823
-0.01,31,11.745129
1.0,11,11.74805
1.0,26,11.75504
-0.01,32,11.763604
-0.01,25,11.770335
1.0,13,11.773813
1.0,27,11.781015
-0.01,30,11.789037
-0.01,29,11.796817
1.0,11,11.799754
1.0,28,11.807282
-0.01,33,11.816098
-0.01,26,11.823076
1.0,11,11.826018
-0.01,4,11.827081
-0.01,30,11.835112
-0.01,25,11.841834
1.0,11,11.844773
-0.01,15,11.848775
-0.01,31,11.8571
-0.01,27,11.864357
1.0,14,11.868024
-0.01,25,11.874667
-0.01,10,11.877357
-0.01,27,11.884623
1.0,11,11.887568
1.0,25,11.894235
-0.01,8,11.896425
-0.01,4,11.897499
-0.01,2,11.898047
1.0,25,11.90471
-0.01,32,11.913312
-0.01,27,11.920545
-0.01,2,11.921093
-0.01,4,11.922179
-0.01,34,11.931239
-0.01,26,11.938334
1.0,12,11.941532
1.0,32,11.949993
-0.01,34,11.959084
-0.01,31,11.967387
1.0,11,11.970328
-0.01,12,11.973549
-0.01,19,11.978694
-0.01,31,11.98702
1.0,11,11.989959
1.0,23,11.996132
-0.01,23,12.002297
-0.01,27,12.009526
-0.01,2,12.010073
1.0,23,12.016242
-0.01,34,12.025344
-0.01,25,12.03214
1.0,12,12.035334
1.0,29,12.043164
-0.01,30,12.051221
-0.01,29,12.058995
-0.01,13,12.062508
1.0,24,12.068951
-0.01,34,12.078048
-0.01,18,12.082841
1.0,11,12.085789
1.0,28,12.093263
-0.01,39,12.103702
-0.01,27,12.110949
1.0,13,12.11442
-0.01,12,12.117662
-0.01,30,12.125691
-0.01,28,12.133172
1.0,11,12.136102
1.0,23,12.142282
-0.01,4,12.143366
-0.01,6,12.144976
1.0,14,12.148707
1.0,25,12.155358
-0.01,36,12.16501
-0.01,33,12.173858
1.0,17,12.17838
1.0,29,12.186109
-0.01,4,12.187173
-0.01,28,12.194657
-0.01,2,12.195199
-0.01,16,12.199459
-0.01,40,12.210215
-0.01,27,12.217467
1.0,11,12.220405
1.0,28,12.227817
-0.01,30,12.235853
-0.01,13,12.239364
1.0,11,12.242299
-0.01,2,12.242848
-0.01,27,12.250079
-0.01,16,12.2544
-0.01,2,12.254948
1.0,23,12.261066
-0.01,37,12.270973
-0.01,20,12.276389
1.0,11,12.279322
1.0,23,12.285423
-0.01,30,12.293436
-0.01,26,12.300402
1.0,13,12.303866
1.0,24,12.310243
-0.01,38,12.320363
-0.01,27,12.327718
1.0,12,12.330919
1.0,24,12.337367
-0.01,30,12.345399
-0.01,27,12.352645
1.0,15,12.356625
1.0,24,12.363073
-0.01,30,12.371078
-0.01,25,12.377787
1.0,11,12.380722
1.0,25,12.387475
-0.01,25,12.394216
-0.01,27,12.401549
1.0,11,12.404494
1.0,23,12.410628
-0.01,31,12.418927
-0.01,31,12.427192
1.0,11,12.430127
-0.01,4,12.431179
-0.01,30,12.439258
-0.01,32,12.447828
1.0,15,12.451838
1.0,24,12.458344
-0.01,4,12.459424
-0.01,33,12.468384
1.0,11,12.471335
1.0,24,12.477637
-0.01,2,12.47818
-0.01,25,12.484893
1.0,13,12.488378
1.0,30,12.496654
-0.01,6,12.498285
-0.01,29,12.506145
1.0,11,12.509081
1.0,27,12.516246
-0.01,29,12.524031
-0.01,16,12.528333
1.0,12,12.531459
1.0,28,12.538917
-0.01,12,12.54216
-0.01,25,12.54894
1.0,13,12.552402
1.0,23,12.558516
-0.01,19,12.563657
-0.01,25,12.57037
1.0,13,12.573836
1.0,25,12.580533
-0.01,35,12.589948
-0.01,27,12.597276
-0.01,2,12.597823
1.0,25,12.604545
-0.01,11,12.6075
-0.01,30,12.615525
1.0,13,12.61899
1.0,24,12.62535
-0.01,33,12.634126
-0.01,30,12.642138
1.0,16,12.646417
1.0,25,12.653111
-0.01,30,12.661153
-0.01,8,12.663318
1.0,15,12.667284
1.0,23,12.673469
-0.01,34,12.682535
-0.01,38,12.692732
1.0,11,12.695669
1.0,27,12.702894
-0.01,34,12.712019
-0.01,17,12.716547
1.0,11,12.719488
1.0,23,12.725623
-0.01,17,12.730246
-0.01,26,12.73729
1.0,13,12.740755
1.0,29,12.748425
-0.01,30,12.756453
-0.01,28,12.764012
-0.01,6,12.765615
1.0,30,12.773599
-0.01,37,12.783492
-0.01,29,12.7913
1.0,11,12.794238
1.0,25,12.80084
-0.01,32,12.809392
-0.01,29,12.817178
-0.01,13,12.820688
1.0,25,12.827301
-0.01,19,12.832386
-0.01,27,12.839704
1.0,13,12.843162
-0.01,4,12.844251
-0.01,32,12.852831
-0.01,26,12.859815
1.0,13,12.863287
1.0,25,12.869978
-0.01,29,12.877631
-0.01,4,12.878711
1.0,11,12.881645
1.0,23,12.887724
-0.01,6,12.889336
-0.01,25,12.896048
-0.01,11,12.899027
1.0,27,12.906113
-0.01,39,12.91657
-0.01,27,12.923913
1.0,11,12.926848
1.0,23,12.933027
-0.01,16,12.937367
-0.01,28,12.944961
1.0,13,12.948421
1.0,25,12.955079
-0.01,34,12.964088
-0.01,6,12.965706
-0.01,10,12.968416
-0.01,14,12.972207
-0.01,25,12.978916
-0.01,25,12.985706
1.0,13,12.989182
-0.01,12,12.992423
-0.01,14,12.996169
-0.01,25,13.00288
1.0,13,13.006336
1.0,29,13.014062
-0.01,33,13.022877
-0.01,31,13.031256
1.0,15,13.035259
1.0,23,13.04144
-0.01,30,13.049448
-0.01,14,13.053246
1.0,12,13.056452
1.0,25,13.063067
-0.01,32,13.071636
-0.01,26,13.078623
1.0,12,13.081829
-0.01,17,13.086466
-0.01,32,13.095042
-0.01,31,13.103339
1.0,15,13.10736
-0.01,24,13.113809
-0.01,34,13.12297
-0.01,27,13.130309
1.0,12,13.133521
1.0,31,13.141719
-0.01,30,13.149763
-0.01,31,13.158093
1.0,13,13.161566
1.0,27,13.168716
-0.01,18,13.173565
-0.01,28,13.18108
1.0,13,13.184583
1.0,31,13.192814
-0.01,30,13.200865
-0.01,25,13.20767
1.0,11,13.210612
1.0,24,13.21703
-0.01,40,13.227767
-0.01,27,13.235032
-0.01,9,13.237489
1.0,25,13.244179
-0.01,31,13.252557
-0.01,31,13.260886
1.0,15,13.264809
-0.01,12,13.268054
-0.01,32,13.276626
-0.01,12,13.279877
1.0,11,13.282815
1.0,27,13.290039
-0.01,32,13.29862
-0.01,28,13.306147
1.0,11,13.309085
1.0,29,13.316807
-0.01,29,13.324686
-0.01,28,13.33227
1.0,11,13.335237
1.0,26,13.342221
-0.01,15,13.346251
-0.01,29,13.354131
1.0,15,13.358133
1.0,23,13.364313
-0.01,32,13.372899
-0.01,27,13.380175
-0.01,4,13.381255
1.0,27,13.388439
-0.01,11,13.391378
-0.01,28,13.398888
1.0,12,13.402022
-0.01,8,13.404176
-0.01,37,13.414128
-0.01,12,13.417457
1.0,13,13.420935
-0.01,17,13.4255
-0.01,32,13.434065
-0.01,2,13.434617
1.0,13,13.438082
1.0,23,13.44423
-0.01,34,13.453329
-0.01,28,13.460986
1.0,15,13.465017
-0.01,17,13.469568
-0.01,30,13.477643
-0.01,31,13.486097
-0.01,7,13.488002
-0.01,8,13.490158
-0.01,8,13.492313
-0.01,26,13.499656
1.0,11,13.5026
1.0,25,13.509296
-0.01,30,13.517378
-0.01,29,13.525174
1.0,12,13.528377
1.0,23,13.534596
-0.01,2,13.535145
-0.01,27,13.542487
1.0,13,13.545988
-0.01,14,13.549677
-0.01,29,13.557516
-0.01,8,13.559676
1.0,11,13.562619
1.0,29,13.570359
-0.01,4,13.57144
-0.01,31,13.579818
1.0,13,13.583293
1.0,23,13.589406
-0.01,35,13.59882
-0.01,16,13.603165
1.0,11,13.60613
1.0,23,13.612329
-0.01,25,13.61905
-0.01,27,13.626366
-0.01,2,13.626916
1.0,23,13.63313
-0.01,4,13.63424
-0.01,28,13.641846
1.0,12,13.64498
-0.01,4,13.646065
-0.01,31,13.654308
-0.01,27,13.661563
1.0,12,13.664697
1.0,25,13.671415
-0.01,31,13.679734
-0.01,28,13.687246
1.0,11,13.690187
1.0,23,13.696377
-0.01,31,13.704691
-0.01,27,13.712053
1.0,11,13.714996
1.0,23,13.721187
-0.01,31,13.72949
-0.01,6,13.731108
1.0,11,13.734048
-0.01,6,13.735626
-0.01,35,13.745029
-0.01,29,13.75274
1.0,11,13.755683
1.0,23,13.761889
-0.01,29,13.769668
-0.01,26,13.776652
1.0,11,13.77959
1.0,23,13.785785
-0.01,33,13.794639
-0.01,31,13.803037
1.0,11,13.805987
-0.01,6,13.807618
-0.01,33,13.816497
-0.01,34,13.825685
-0.01,2,13.826232
1.0,24,13.832592
-0.01,31,13.840901
-0.01,29,13.848767
1.0,11,13.851705
1.0,23,13.857818
-0.01,29,13.865619
-0.01,25,13.872338
-0.01,2,13.872879
1.0,26,13.879771
-0.01,29,13.887534
-0.01,25,13.894318
1.0,12,13.89752
1.0,27,13.904704
-0.01,17,13.909264
-0.01,29,13.917019
-0.01,12,13.920266
1.0,28,13.927734
-0.01,33,13.936593
-0.01,30,13.944619
-0.01,9,13.947063
1.0,27,13.954316
-0.01,7,13.956211
-0.01,27,13.963481
-0.01,2,13.964027
1.0,23,13.970154
-0.01,35,13.979467
-0.01,30,13.98762
1.0,13,13.991088
1.0,25,13.997661
-0.01,2,13.998208
-0.01,27,14.00557
1.0,11,14.00849
1.0,25,14.015155
-0.01,30,14.023191
-0.01,25,14.029904
1.0,11,14.032844
-0.01,22,14.038727
-0.01,14,14.042463
-0.01,27,14.049715
1.0,11,14.052657
1.0,30,14.060681
-0.01,29,14.068482
-0.01,27,14.075746
1.0,16,14.07986
1.0,25,14.086546
-0.01,32,14.095097
-0.01,29,14.102887
1.0,11,14.105827
1.0,25,14.112453
-0.01,33,14.121323
-0.01,31,14.129705
1.0,11,14.132629
-0.01,8,14.134796
-0.01,37,14.14465
-0.01,27,14.151886
1.0,11,14.154813
1.0,25,14.161466
-0.01,33,14.170343
-0.01,14,14.174139
-0.01,4,14.175229
1.0,23,14.181302
-0.01,34,14.190304
-0.01,29,14.198171
1.0,12,14.201356
1.0,30,14.209328
-0.01,30,14.217383
-0.01,34,14.226567
1.0,11,14.229496
1.0,27,14.236756
-0.01,33,14.245586
-0.01,27,14.252902
1.0,12,14.256106
1.0,24,14.262523
-0.01,34,14.271635
-0.01,2,14.272172
-0.01,4,14.273256
1.0,24,14.27971
-0.01,34,14.28873
-0.01,4,14.289813
1.0,11,14.292741
1.0,23,14.298928
-0.01,31,14.30721
-0.01,27,14.314515
-0.01,2,14.315065
1.0,29,14.322867
-0.01,11,14.3258
-0.01,13,14.3293
1.0,12,14.332494
1.0,23,14.338652
-0.01,36,14.348285
-0.01,12,14.351497
1.0,11,14.354427
1.0,26,14.36134
-0.01,20,14.366744
-0.01,19,14.371889
-0.01,2,14.372436
1.0,28,14.379868
-0.01,32,14.388432
-0.01,27,14.395685
1.0,13,14.399146
1.0,27,14.406441
-0.01,33,14.415281
-0.01,16,14.419585
1.0,11,14.422515
1.0,23,14.428624
-0.01,32,14.437243
-0.01,14,14.440955
1.0,14,14.444695
1.0,25,14.451385
-0.01,31,14.459705
-0.01,30,14.467757
1.0,11,14.470702
1.0,24,14.477112
-0.01,2,14.477661
-0.01,29,14.485461
1.0,12,14.488649
1.0,25,14.495361
-0.01,29,14.503426
-0.01,29,14.511218
1.0,11,14.514163
1.0,25,14.520816
-0.01,17,14.52538
-0.01,27,14.532613
1.0,13,14.536096
1.0,23,14.542284
-0.01,31,14.550586
-0.01,28,14.558012
1.0,13,14.561504
1.0,25,14.568247
-0.01,39,14.578621
-0.01,27,14.585892
1.0,12,14.589091
1.0,25,14.59584
-0.01,32,14.604456
-0.01,27,14.611708
1.0,13,14.615193
-0.01,2,14.615745
-0.01,7,14.617633
-0.01,2,14.618182
-0.01,13,14.621681
-0.01,6,14.6233
-0.01,2,14.623851
-0.01,33,14.632719
1.0,14,14.636467
1.0,27,14.643626
-0.01,31,14.651935
-0.01,31,14.660387
-0.01,11,14.663367
1.0,25,14.670038
-0.01,33,14.679005
-0.01,31,14.687342
1.0,11,14.690272
1.0,25,14.697028
-0.01,30,14.705076
-0.01,2,14.705623
1.0,13,14.70908
-0.01,4,14.710168
-0.01,31,14.718481
-0.01,27,14.725748
-0.01,9,14.7282
1.0,27,14.735401
-0.01,48,14.748297
-0.01,25,14.755037
1.0,13,14.758427
1.0,26,14.765355
-0.01,33,14.774182
-0.01,29,14.781977
1.0,11,14.784911
1.0,25,14.791575
-0.01,32,14.800149
-0.01,29,14.80796
-0.01,4,14.809021
1.0,29,14.816701
-0.01,35,14.826099
-0.01,29,14.833979
1.0,11,14.836915
1.0,29,14.844699
-0.01,30,14.852736
-0.01,12,14.855983
1.0,15,14.859905
1.0,27,14.867095
-0.01,31,14.875405
-0.01,12,14.878633
1.0,11,14.881572
1.0,25,14.88828
-0.01,33,14.897148
-0.01,6,14.898764
-0.01,2,14.899312
1.0,23,14.9054
-0.01,29,14.913147
-0.01,25,14.919947
1.0,11,14.922873
1.0,23,14.928974
-0.01,6,14.930605
-0.01,25,14.937404
1.0,18,14.9422
-0.01,17,14.946757
-0.01,32,14.955306
-0.01,17,14.959831
1.0,13,14.963231
-0.01,2,14.963778
-0.01,24,14.970232
-0.01,21,14.975923
1.0,15,14.979908
-0.01,17,14.984495
-0.01,32,14.993044
-0.01,21,14.99871
1.0,11,15.00165
1.0,27,15.008829
-0.01,36,15.018396
-0.01,27,15.025675
1.0,13,15.029145
-0.01,27,15.036302
-0.01,6,15.037935
-0.01,19,15.043085
1.0,15,15.04708
-0.01,6,15.048686
-0.01,5,15.050037
-0.01,27,15.057275
1.0,11,15.060214
1.0,27,15.067315
-0.01,31,15.075622
-0.01,31,15.083942
-0.01,2,15.084482
1.0,23,15.090692
-0.01,23,15.09679
-0.01,27,15.104091
1.0,11,15.107027
1.0,25,15.113661
-0.01,36,15.123217
-0.01,27,15.130558
1.0,13,15.134032
1.0,23,15.140143
-0.01,32,15.148601
-0.01,16,15.152932
1.0,14,15.156683
1.0,28,15.164165
-0.01,34,15.173246
-0.01,25,15.180046
1.0,11,15.182987
1.0,28,15.190549
-0.01,36,15.200217
-0.01,2,15.200764
1.0,12,15.203969
1.0,23,15.210131
-0.01,35,15.219536
-0.01,25,15.226319
1.0,11,15.229247
1.0,25,15.235895
-0.01,28,15.243459
-0.01,29,15.25132
1.0,11,15.254264
1.0,23,15.260375
-0.01,35,15.269768
-0.01,17,15.274289
1.0,11,15.277223
-0.01,6,15.278818
-0.01,32,15.287415
-0.01,4,15.288489
1.0,11,15.291424
1.0,23,15.29754
-0.01,34,15.306643
-0.01,30,15.31477
1.0,11,15.31771
-0.01,8,15.319842
-0.01,29,15.32766
-0.01,27,15.334956
1.0,11,15.337877
1.0,27,15.345127
-0.01,32,15.353727
-0.01,8,15.355884
1.0,11,15.358819
1.0,25,15.365539
-0.01,30,15.373567
-0.01,27,15.380819
-0.01,9,15.383274
1.0,27,15.390447
-0.01,25,15.397202
-0.01,29,15.404981
1.0,11,15.407921
1.0,29,15.415718
-0.01,2,15.416265
-0.01,2,15.416811
1.0,19,15.421661
-0.01,12,15.424882
-0.01,30,15.432903
-0.01,25,15.439693
1.0,14,15.443413
-0.01,16,15.447631
-0.01,32,15.45622
-0.01,27,15.463518
1.0,11,15.466456
1.0,24,15.47285
-0.01,6,15.474483
-0.01,6,15.476096
1.0,12,15.479293
-0.01,10,15.481968
-0.01,29,15.489761
-0.01,18,15.49456
1.0,11,15.497493
1.0,25,15.504387
-0.01,39,15.514819
-0.01,30,15.522952
1.0,11,15.525889
1.0,23,15.532075
-0.01,31,15.540384
-0.01,19,15.545491
1.0,12,15.548707
1.0,31,15.556996
-0.01,11,15.559924
-0.01,14,15.563628
1.0,11,15.566555
-0.01,2,15.567101
-0.01,31,15.57541
-0.01,30,15.583557
1.0,11,15.586498
1.0,23,15.592699
-0.01,2,15.593243
-0.01,27,15.60049
1.0,15,15.604497
1.0,23,15.610604
-0.01,34,15.619707
-0.01,26,15.62667
1.0,13,15.630131
1.0,31,15.638401
-0.01,4,15.639486
-0.01,25,15.646271
1.0,15,15.650266
1.0,23,15.656358
-0.01,38,15.666494
-0.01,26,15.67353
1.0,15,15.677458
1.0,25,15.684098
-0.01,15,15.688116
-0.01,28,15.695626
1.0,11,15.69856
-0.01,18,15.703343
-0.01,21,15.708904
-0.01,29,15.716761
1.0,11,15.719698
1.0,23,15.725772
-0.01,30,15.733784
-0.01,2,15.734335
1.0,11,15.737269
1.0,28,15.744715
-0.01,29,15.75253
-0.01,24,15.758858
1.0,11,15.761789
1.0,27,15.768936
-0.01,29,15.776703
-0.01,12,15.779928
1.0,12,15.78312
1.0,28,15.790459
-0.01,30,15.798496
-0.01,4,15.799577
1.0,12,15.802776
1.0,25,15.809453
-0.01,2,15.810004
-0.01,2,15.81055
1.0,11,15.813513
1.0,23,15.819723
-0.01,36,15.829388
-0.01,4,15.830469
1.0,11,15.833393
1.0,23,15.83948
-0.01,39,15.849949
-0.01,27,15.857212
1.0,11,15.860152
-0.01,8,15.862297
-0.01,31,15.870505
-0.01,29,15.87829
-0.01,2,15.878829
-0.01,4,15.879887
-0.01,13,15.883349
-0.01,34,15.892414
1.0,11,15.895348
1.0,25,15.902052
-0.01,33,15.910816
-0.01,2,15.911364
1.0,11,15.914293
-0.01,10,15.916979
-0.01,31,15.925301
-0.01,28,15.932803
-0.01,2,15.933351
1.0,31,15.941683
-0.01,19,15.946779
-0.01,27,15.954022
1.0,12,15.957222
1.0,29,15.964963
-0.01,39,15.975405
-0.01,4,15.976487
1.0,11,15.979422
-0.01,2,15.979958
-0.01,27,15.987223
-0.01,30,15.995267
-0.01,6,15.996905
1.0,27,16.004167
-0.01,36,16.0138
-0.01,27,16.021101
1.0,11,16.024045
1.0,27,16.031188
-0.01,16,16.035541
-0.01,12,16.038786
1.0,11,16.041713
-0.01,6,16.043343
-0.01,30,16.051353
-0.01,32,16.05993
1.0,13,16.063405
1.0,25,16.070035
-0.01,2,16.070579
-0.01,25,16.077384
1.0,13,16.08086
1.0,24,16.087303
-0.01,37,16.097209
-0.01,30,16.105339
-0.01,2,16.105892
-0.01,21,16.111517
-0.01,30,16.11954
-0.01,30,16.127573
1.0,11,16.13051
-0.01,6,16.132133
-0.01,11,16.135214
-0.01,27,16.142617
1.0,11,16.145518
-0.01,16,16.149689
-0.01,36,16.159354
-0.01,26,16.166398
1.0,11,16.169328
1.0,23,16.175498
-0.01,7,16.177396
-0.01,25,16.184153
-0.01,11,16.187107
1.0,26,16.194069
-0.01,32,16.20263
-0.01,25,16.209436
1.0,11,16.212363
-0.01,8,16.214526
-0.01,41,16.225394
-0.01,30,16.233401
1.0,13,16.236861
-0.01,12,16.240088
-0.01,23,16.246266
-0.01,6,16.247868
1.0,11,16.250793
1.0,25,16.257477
-0.01,9,16.259902
-0.01,4,16.260977
1.0,13,16.264433
1.0,25,16.271081
-0.01,17,16.275658
-0.01,30,16.283683
1.0,13,16.287124
1.0,31,16.295238
-0.01,31,16.303495
-0.01,6,16.305106
-0.01,9,16.307536
-0.01,2,16.30808
-0.01,33,16.316901
-0.01,14,16.320674
1.0,11,16.32359
1.0,28,16.33106
-0.01,38,16.341221
-0.01,25,16.34792
1.0,12,16.351107
1.0,34,16.360195
-0.01,35,16.369607
-0.01,25,16.376301
1.0,11,16.379214
1.0,24,16.38559
-0.01,35,16.394968
-0.01,16,16.3992
1.0,11,16.402138
1.0,27,16.409396
-0.01,29,16.417126
-0.01,29,16.424939
1.0,11,16.427872
1.0,23,16.433937
-0.01,11,16.436871
-0.01,29,16.444652
-0.01,4,16.445739
1.0,26,16.452709
-0.01,8,16.454873
-0.01,29,16.462608
1.0,15,16.46661
-0.01,8,16.468795
-0.01,8,16.470961
-0.01,2,16.471507
1.0,13,16.474975
-0.01,4,16.476058
-0.01,38,16.486234
-0.01,19,16.491282
1.0,11,16.494214
1.0,24,16.500632
-0.01,32,16.509462
-0.01,27,16.516686
1.0,11,16.519597
1.0,25,16.526221
-0.01,32,16.53481
-0.01,27,16.542115
-0.01,2,16.542663
1.0,23,16.548832
-0.01,33,16.557642
-0.01,27,16.564856
1.0,11,16.567779
-0.01,6,16.56939
-0.01,39,16.57975
-0.01,15,16.583793
1.0,11,16.586718
1.0,29,16.594424
-0.01,11,16.59735
-0.01,28,16.604924
1.0,15,16.608902
1.0,34,16.61798
-0.01,30,16.625978
-0.01,27,16.633257
1.0,11,16.636194
1.0,26,16.643145
-0.01,29,16.650872
-0.01,25,16.657633
1.0,12,16.660818
1.0,24,16.667103
-0.01,35,16.676426
-0.01,14,16.680197
1.0,11,16.683121
-0.01,2,16.683666
-0.01,35,16.693031
-0.01,27,16.700265
1.0,15,16.704253
1.0,23,16.710397
-0.01,34,16.719476
-0.01,16,16.723695
1.0,11,16.726628
1.0,27,16.733895
-0.01,37,16.743687
-0.01,30,16.751766
1.0,11,16.754695
1.0,25,16.761362
-0.01,13,16.764813
-0.01,2,16.76536
1.0,14,16.769068
1.0,23,16.77521
-0.01,9,16.777648
-0.01,29,16.785434
1.0,11,16.788346
1.0,25,16.79502
-0.01,32,16.803527
-0.01,16,16.807817
1.0,17,16.812342
1.0,27,16.819573
-0.01,33,16.828376
-0.01,28,16.835928
1.0,11,16.838842
1.0,24,16.845215
-0.01,32,16.853671
-0.01,32,16.862295
1.0,13,16.865701
1.0,27,16.872867
-0.01,33,16.88156
-0.01,2,16.882109
1.0,13,16.885597
1.0,26,16.892435
-0.01,11,16.895352
-0.01,25,16.902055
-0.01,7,16.903944
1.0,25,16.910582
-0.01,6,16.912202
-0.01,27,16.919489
1.0,13,16.922935
1.0,29,16.930701
-0.01,25,16.937381
-0.01,4,16.93846
1.0,11,16.94138
-0.01,6,16.942948
-0.01,33,16.951672
-0.01,25,16.958407
1.0,15,16.96239
1.0,24,16.968747
-0.01,25,16.975419
-0.01,33,16.984196
1.0,13,16.987651
-0.01,8,16.9898
-0.01,18,16.994649
-0.01,26,17.001594
-0.01,4,17.002677
1.0,27,17.00985
-0.01,25,17.016575
-0.01,15,17.020603
1.0,13,17.024065
-0.01,21,17.029709
-0.01,6,17.031317
-0.01,20,17.0366
-0.01,2,17.03715
1.0,26,17.044107
-0.01,31,17.052359
-0.01,12,17.055589
1.0,11,17.058508
-0.01,16,17.062747
-0.01,43,17.074237
-0.01,18,17.079096
1.0,14,17.08282
1.0,27,17.090065
-0.01,32,17.098618
-0.01,16,17.102901
1.0,11,17.105823
1.0,27,17.112923
-0.01,36,17.122543
-0.01,29,17.130331
1.0,14,17.134091
1.0,24,17.140445
-0.01,31,17.148725
-0.01,29,17.156548
1.0,12,17.15974
-0.01,19,17.164838
-0.01,37,17.17474
-0.01,25,17.181434
1.0,11,17.184352
1.0,25,17.191042
-0.01,35,17.200383
-0.01,30,17.208479
1.0,11,17.211399
1.0,31,17.219694
-0.01,32,17.228206
-0.01,18,17.232963
1.0,15,17.23695
1.0,31,17.245227
-0.01,29,17.252857
-0.01,10,17.25556
1.0,13,17.259012
1.0,25,17.26565
-0.01,9,17.268081
-0.01,27,17.27531
1.0,12,17.278488
1.0,27,17.285696
-0.01,38,17.29575
-0.01,38,17.305957
1.0,11,17.308875
1.0,28,17.316358
-0.01,30,17.324406
-0.01,32,17.332921
1.0,11,17.335849
-0.01,18,17.340618
-0.01,30,17.348642
-0.01,26,17.35566
1.0,13,17.359091
1.0,29,17.366783
-0.01,20,17.372127
-0.01,18,17.37689
1.0,12,17.380002
-0.01,19,17.385007
-0.01,8,17.387145
-0.01,31,17.395518
-0.01,7,17.397415
-0.01,4,17.398493
-0.01,31,17.406752
-0.01,27,17.413949
1.0,11,17.416888
1.0,28,17.424403
-0.01,2,17.424959
-0.01,12,17.428194
1.0,16,17.432449
1.0,25,17.439181
-0.01,29,17.446911
-0.01,2,17.44745
1.0,12,17.450642
1.0,25,17.457292
-0.01,37,17.467157
-0.01,28,17.47465
1.0,11,17.477577
1.0,23,17.48364
-0.01,39,17.493991
-0.01,26,17.500865
1.0,11,17.503785
1.0,25,17.510462
-0.01,31,17.519086
-0.01,27,17.526367
1.0,13,17.529818
1.0,29,17.537586
-0.01,11,17.540551
-0.01,10,17.543242
1.0,12,17.546436
1.0,24,17.552865
-0.01,31,17.561154
-0.01,31,17.569529
1.0,12,17.572658
1.0,23,17.578751
-0.01,31,17.58706
-0.01,26,17.594088
1.0,11,17.597002
1.0,25,17.603605
-0.01,2,17.604155
-0.01,25,17.610903
1.0,11,17.613813
1.0,29,17.621557
-0.01,30,17.629582
-0.01,29,17.637403
1.0,11,17.640325
1.0,25,17.647021
-0.01,18,17.651829
-0.01,25,17.658525
1.0,12,17.66171
1.0,25,17.668299
-0.01,35,17.677637
-0.01,4,17.678708
-0.01,9,17.68114
-0.01,10,17.683812
-0.01,35,17.69312
-0.01,26,17.70005
1.0,11,17.70297
-0.01,8,17.705117
-0.01,9,17.707552
-0.01,27,17.714827
1.0,11,17.717741
1.0,27,17.724904
-0.01,30,17.732873
-0.01,30,17.74093
1.0,19,17.745898
1.0,23,17.751975
-0.01,39,17.762371
-0.01,2,17.762918
-0.01,2,17.763462
1.0,25,17.770158
-0.01,6,17.771782
-0.01,27,17.778976
1.0,11,17.781904
1.0,25,17.788615
-0.01,6,17.790241
-0.01,14,17.793933
1.0,13,17.797396
1.0,24,17.803835
-0.01,31,17.812126
-0.01,29,17.819844
1.0,11,17.822768
1.0,30,17.830698
-0.01,32,17.839244
-0.01,25,17.846005
1.0,14,17.849712
1.0,25,17.856437
-0.01,34,17.865501
-0.01,6,17.867117
1.0,11,17.87004
1.0,26,17.876893
-0.01,26,17.883893
-0.01,27,17.891123
1.0,11,17.89405
1.0,27,17.901252
-0.01,35,17.910576
-0.01,2,17.911141
1.0,12,17.914333
1.0,29,17.922096
-0.01,30,17.930076
-0.01,21,17.935748
1.0,13,17.939211
1.0,23,17.94528
-0.01,28,17.952792
-0.01,33,17.961517
1.0,13,17.964887
-0.01,4,17.965957
-0.01,18,17.970704
-0.01,19,17.97584
1.0,11,17.978765
-0.01,12,17.982032
-0.01,35,17.991401
-0.01,27,17.998666
1.0,14,18.002309
-0.01,14,18.006094
-0.01,18,18.010923
-0.01,2,18.01147
1.0,13,18.014856
-0.01,21,18.020497
-0.01,32,18.029067
-0.01,10,18.031755
1.0,11,18.034685
1.0,23,18.040812
-0.01,2,18.041358
-0.01,8,18.043503
1.0,12,18.046683
1.0,27,18.05386
-0.01,33,18.062597
-0.01,4,18.063675
-0.01,2,18.064217
-0.01,19,18.069362
-0.01,34,18.078468
-0.01,29,18.086293
1.0,11,18.08922
1.0,25,18.095876
-0.01,31,18.104155
-0.01,27,18.111443
-0.01,4,18.112519
1.0,24,18.118937
-0.01,25,18.125553
-0.01,29,18.133363
1.0,11,18.136279
1.0,23,18.142434
-0.01,5,18.143775
-0.01,28,18.151302
1.0,11,18.154225
1.0,25,18.160874
-0.01,14,18.164643
-0.01,27,18.171855
1.0,12,18.175032
1.0,25,18.181703
-0.01,40,18.192404
-0.01,32,18.200926
-0.01,4,18.201978
1.0,23,18.208156
-0.01,36,18.217715
-0.01,27,18.225003
1.0,11,18.22793
-0.01,8,18.230072
-0.01,33,18.238769
-0.01,25,18.245476
1.0,11,18.248399
1.0,24,18.254889
-0.01,28,18.262395
-0.01,16,18.266611
1.0,11,18.269575
-0.01,21,18.275264
-0.01,19,18.280401
-0.01,34,18.289485
1.0,11,18.292415
-0.01,20,18.297776
-0.01,32,18.306322
-0.01,29,18.314157
1.0,14,18.317882
1.0,27,18.325136
-0.01,34,18.33422
-0.01,27,18.341393
1.0,13,18.344858
1.0,26,18.351708
-0.01,2,18.352253
-0.01,27,18.359465
1.0,11,18.362394
1.0,29,18.370131
-0.01,33,18.378836
-0.01,29,18.386679
-0.01,7,18.388568
-0.01,19,18.393671
-0.01,42,18.404794
-0.01,4,18.405873
-0.01,4,18.406951
1.0,27,18.414146
-0.01,34,18.423218
-0.01,25,18.429978
1.0,13,18.433436
1.0,26,18.440227
-0.01,34,18.449348
-0.01,2,18.449895
1.0,11,18.452818
1.0,27,18.460014
-0.01,6,18.461635
-0.01,27,18.468924
1.0,15,18.472911
1.0,23,18.479073
-0.01,32,18.487638
-0.01,29,18.495326
1.0,11,18.498252
1.0,25,18.504969
-0.01,26,18.511942
-0.01,25,18.518998
1.0,11,18.521919
1.0,27,18.529161
-0.01,34,18.538262
-0.01,28,18.545749
1.0,13,18.549195
1.0,25,18.555827
-0.01,14,18.559541
-0.01,2,18.560086
1.0,11,18.563013
-0.01,8,18.565162
-0.01,2,18.565712
-0.01,12,18.56895
1.0,13,18.572414
1.0,25,18.579056
-0.01,33,18.587878
-0.01,8,18.590037
1.0,13,18.593497
1.0,24,18.599775
-0.01,12,18.603034
-0.01,29,18.610885
1.0,17,18.615393
1.0,24,18.621654
-0.01,4,18.62275
-0.01,8,18.624908
1.0,16,18.629181
-0.01,6,18.630782
-0.01,13,18.63425
-0.01,26,18.641296
1.0,15,18.645282
1.0,27,18.652423
-0.01,31,18.660758
-0.01,33,18.669635
1.0,22,18.675473
-0.01,6,18.67709
-0.01,2,18.677636
-0.01,29,18.685471
1.0,11,18.688407
1.0,23,18.694556
-0.01,32,18.703111
-0.01,28,18.710609
1.0,11,18.713543
1.0,26,18.720425
-0.01,35,18.729724
-0.01,27,18.736965
-0.01,9,18.739406
1.0,30,18.747426
-0.01,35,18.756788
-0.01,27,18.764007
-0.01,4,18.765075
1.0,24,18.771618
-0.01,40,18.782339
-0.01,27,18.789598
-0.01,4,18.790683
1.0,30,18.798645
-0.01,34,18.807766
-0.01,26,18.814835
-0.01,2,18.815378
-0.01,2,18.815923
-0.01,13,18.819402
-0.01,28,18.827015
1.0,16,18.830969
1.0,26,18.837951
-0.01,29,18.845723
-0.01,30,18.85376
1.0,11,18.856692
1.0,34,18.865847
-0.01,4,18.866925
-0.01,23,18.873055
1.0,14,18.876701
1.0,25,18.88342
-0.01,37,18.893345
-0.01,29,18.901104
1.0,14,18.904766
-0.01,8,18.906901
-0.01,7,18.908777
-0.01,26,18.915705
1.0,13,18.919084
-0.01,14,18.922766
-0.01,33,18.931592
-0.01,31,18.939911
1.0,11,18.942849
-0.01,19,18.947866
-0.01,17,18.952401
-0.01,8,18.954556
1.0,13,18.958017
1.0,23,18.96418
-0.01,34,18.973254
-0.01,29,18.980991
1.0,13,18.984444
-0.01,15,18.988336
-0.01,30,18.996248
-0.01,29,19.003967
1.0,11,19.006886
1.0,31,19.015098
-0.01,35,19.024479
-0.01,29,19.032252
1.0,12,19.035465
1.0,25,19.042152
-0.01,31,19.050455
-0.01,34,19.059555
1.0,12,19.06274
1.0,25,19.069403
-0.01,29,19.077132
-0.01,25,19.083853
1.0,11,19.086773
1.0,25,19.09338
-0.01,31,19.10169
-0.01,2,19.102238
1.0,11,19.105165
1.0,29,19.112912
-0.01,32,19.121438
-0.01,14,19.125202
1.0,11,19.128116
1.0,25,19.134773
-0.01,31,19.143021
-0.01,6,19.144627
1.0,13,19.148089
1.0,24,19.154527
-0.01,32,19.163067
-0.01,27,19.170383
1.0,14,19.174085
-0.01,4,19.175147
-0.01,30,19.183129
-0.01,27,19.190424
1.0,11,19.193338
-0.01,15,19.197369
-0.01,30,19.205358
-0.01,37,19.215213
1.0,11,19.218136
1.0,27,19.225301
-0.01,33,19.234124
-0.01,19,19.239176
1.0,11,19.2421
1.0,23,19.248281
-0.01,29,19.256008
-0.01,27,19.263288
1.0,11,19.266211
1.0,27,19.273434
-0.01,33,19.282271
-0.01,27,19.289469
1.0,15,19.293456
1.0,29,19.301069
-0.01,33,19.309885
-0.01,26,19.316839
1.0,11,19.319754
1.0,27,19.326956
-0.01,13,19.330413
-0.01,33,19.33931
1.0,11,19.34223
1.0,27,19.349375
-0.01,34,19.358431
-0.01,25,19.365139
-0.01,9,19.367578
1.0,28,19.375079
-0.01,29,19.382781
-0.01,25,19.389552
1.0,11,19.392473
1.0,29,19.40021
-0.01,31,19.408503
-0.01,29,19.416334
1.0,11,19.419265
1.0,23,19.425465
-0.01,31,19.433744
-0.01,27,19.441059
-0.01,7,19.442959
1.0,25,19.449578
-0.01,34,19.458664
-0.01,14,19.462421
1.0,11,19.465348
1.0,25,19.471982
-0.01,32,19.480512
-0.01,30,19.488613
1.0,12,19.491796
1.0,28,19.499249
-0.01,15,19.503244
-0.01,2,19.50379
1.0,11,19.506721
1.0,23,19.512903
-0.01,35,19.522481
-0.01,31,19.530767
1.0,11,19.533694
1.0,29,19.541376
-0.01,9,19.543821
-0.01,25,19.550594
1.0,11,19.553513
1.0,23,19.559682
-0.01,38,19.569844
-0.01,21,19.575512
1.0,14,19.579235
1.0,23,19.585381
-0.01,4,19.586463
-0.01,28,19.59395
1.0,14,19.59767
1.0,23,19.603766
-0.01,33,19.612567
-0.01,25,19.619343
1.0,11,19.622264
1.0,30,19.630322
-0.01,35,19.639571
-0.01,27,19.646784
1.0,11,19.649706
1.0,23,19.655873
-0.01,32,19.664417
-0.01,2,19.664963
1.0,11,19.66789
1.0,33,19.676581
-0.01,32,19.685104
-0.01,14,19.688872
1.0,13,19.692356
1.0,25,19.699092
-0.01,39,19.70947
-0.01,27,19.716672
1.0,15,19.72064
1.0,24,19.72698
-0.01,32,19.735531
-0.01,26,19.742475
-0.01,6,19.744101
1.0,23,19.750161
-0.01,7,19.752023
-0.01,16,19.756259
1.0,12,19.759473
1.0,26,19.766378
-0.01,31,19.774581
-0.01,33,19.783412
1.0,13,19.786862
1.0,25,19.793552
-0.01,33,19.80224
-0.01,25,19.808975
1.0,11,19.811902
1.0,25,19.818531
-0.01,32,19.827083
-0.01,10,19.829763
1.0,11,19.832691
1.0,25,19.839271
-0.01,30,19.847253
-0.01,31,19.855515
1.0,11,19.858435
1.0,26,19.865297
-0.01,32,19.87382
-0.01,12,19.877042
1.0,11,19.879963
1.0,27,19.887172
-0.01,31,19.895476
-0.01,16,19.899695
-0.01,7,19.90159
1.0,29,19.909344
-0.01,27,19.916608
-0.01,27,19.92388
1.0,11,19.926807
1.0,29,19.934602
-0.01,19,19.939699
-0.01,14,19.943477
-0.01,2,19.944027
1.0,28,19.951439
-0.01,2,19.951984
-0.01,27,19.9593
-0.01,2,19.959844
1.0,27,19.966974
-0.01,32,19.975539
-0.01,34,19.984609
1.0,16,19.988799
-0.01,2,19.989344
-0.01,35,19.998706
-0.01,27,20.006012
1.0,11,20.008939
1.0,23,20.015038
-0.01,36,20.02454
-0.01,14,20.028298
1.0,13,20.03175
1.0,24,20.038188
-0.01,35,20.047389
-0.01,27,20.054621
1.0,15,20.058602
1.0,23,20.064717
-0.01,31,20.072972
-0.01,29,20.08074
1.0,11,20.083661
1.0,26,20.090575
-0.01,37,20.10038
-0.01,12,20.103621
-0.01,7,20.105519
1.0,25,20.112132
-0.01,25,20.11884
-0.01,27,20.126055
1.0,16,20.130303
-0.01,18,20.135088
-0.01,38,20.145191
-0.01,30,20.153223
1.0,12,20.156422
1.0,27,20.163436
-0.01,30,20.171449
-0.01,28,20.178942
1.0,11,20.181871
-0.01,4,20.182951
-0.01,23,20.189134
-0.01,25,20.195904
1.0,13,20.199372
-0.01,10,20.202051
-0.01,23,20.208204
-0.01,32,20.216833
1.0,14,20.22051
-0.01,18,20.225362
-0.01,31,20.23366
-0.01,29,20.2414
1.0,12,20.24461
1.0,27,20.251842
-0.01,6,20.253446
-0.01,26,20.260414
1.0,13,20.263863
1.0,26,20.270754
-0.01,32,20.279269
-0.01,29,20.287135
1.0,13,20.290588
-0.01,2,20.291134
-0.01,19,20.296255
-0.01,29,20.304007
1.0,13,20.307455
1.0,25,20.314012
-0.01,32,20.322486
-0.01,4,20.323564
1.0,11,20.326486
1.0,23,20.332551
-0.01,32,20.341022
-0.01,14,20.344789
1.0,13,20.348243
1.0,23,20.354399
-0.01,14,20.358161
-0.01,6,20.359762
1.0,13,20.363209
1.0,25,20.369858
-0.01,37,20.379593
-0.01,32,20.388218
1.0,13,20.391676
1.0,28,20.399115
-0.01,41,20.409902
-0.01,4,20.410973
-0.01,4,20.412049
-0.01,8,20.414193
-0.01,36,20.423797
-0.01,21,20.429467
-0.01,9,20.431898
1.0,27,20.439101
-0.01,2,20.439646
-0.01,28,20.447135
1.0,11,20.450062
1.0,26,20.456929
-0.01,36,20.466502
-0.01,29,20.474321
-0.01,2,20.474864
1.0,26,20.48176
-0.01,2,20.482302
-0.01,25,20.488991
-0.01,2,20.489536
1.0,24,20.495976
-0.01,32,20.504504
-0.01,12,20.507735
1.0,20,20.513044
-0.01,24,20.519493
-0.01,12,20.522694
-0.01,6,20.524349
1.0,11,20.527541
-0.01,20,20.532757
-0.01,30,20.540754
-0.01,29,20.548592
1.0,14,20.552303
1.0,23,20.558465
-0.01,33,20.56723
-0.01,27,20.574429
-0.01,4,20.57551
1.0,26,20.582444
-0.01,34,20.59151
-0.01,26,20.598528
1.0,12,20.601703
1.0,27,20.608894
-0.01,32,20.617374
-0.01,25,20.624111
-0.01,2,20.624654
1.0,29,20.632361
-0.01,34,20.641458
-0.01,34,20.650594
1.0,11,20.653502
1.0,25,20.660129
-0.01,38,20.670275
-0.01,29,20.678094
1.0,13,20.68154
1.0,25,20.688239
-0.01,14,20.691917
-0.01,25,20.69866
-0.01,7,20.700548
-0.01,10,20.703219
-0.01,40,20.713829
-0.01,27,20.721024
1.0,11,20.723939
1.0,29,20.73159
-0.01,33,20.740359
-0.01,27,20.747668
1.0,15,20.751544
1.0,27,20.75878
-0.01,32,20.767299
-0.01,27,20.774649
1.0,12,20.777826
1.0,23,20.783978
-0.01,33,20.792755
-0.01,27,20.80003
1.0,11,20.802941
-0.01,7,20.804791
-0.01,20,20.810136
-0.01,25,20.816789
1.0,14,20.820508
-0.01,20,20.82583
-0.01,31,20.834069
-0.01,25,20.840879
1.0,12,20.844063
1.0,30,20.852093
-0.01,6,20.853749
-0.01,4,20.854818
1.0,16,20.858982
1.0,28,20.866396
-0.01,38,20.876524
-0.01,28,20.884066
1.0,11,20.886989
-0.01,2,20.887537
-0.01,9,20.889974
-0.01,26,20.896973
1.0,15,20.900962
-0.01,20,20.906306
-0.01,36,20.91591
-0.01,26,20.922931
1.0,12,20.926113
1.0,26,20.932997
-0.01,31,20.941305
-0.01,25,20.947993
1.0,13,20.951449
1.0,27,20.9586
-0.01,29,20.966351
-0.01,31,20.974634
1.0,11,20.977555
1.0,29,20.985297
-0.01,37,20.995121
-0.01,18,20.999964
-0.01,8,21.002121
1.0,23,21.008293
-0.01,33,21.017126
-0.01,27,21.024466
1.0,15,21.028463
1.0,23,21.034535
-0.01,31,21.042802
-0.01,25,21.049563
1.0,13,21.053024
1.0,24,21.059402
-0.01,33,21.068208
-0.01,29,21.075937
1.0,11,21.078866
1.0,33,21.08755
-0.01,34,21.096636
-0.01,28,21.104171
1.0,14,21.107893
1.0,25,21.114496
-0.01,31,21.122744
-0.01,29,21.130568
1.0,11,21.133486
1.0,23,21.139672
-0.01,2,21.140211
-0.01,28,21.147622
1.0,13,21.15108
1.0,28,21.158453
-0.01,2,21.159
-0.01,13,21.162448
-0.01,10,21.165117
1.0,25,21.17173
-0.01,32,21.180218
-0.01,12,21.183452
1.0,11,21.186372
1.0,31,21.194652
-0.01,34,21.203727
-0.01,30,21.21173
1.0,13,21.215184
1.0,25,21.221804
-0.01,30,21.2298
-0.01,33,21.238557
1.0,11,21.241476
-0.01,4,21.242557
-0.01,28,21.250041
-0.01,31,21.258399
1.0,11,21.26129
1.0,25,21.267918
-0.01,26,21.274921
-0.01,4,21.276001
1.0,12,21.279182
1.0,28,21.286467
-0.01,36,21.296063
-0.01,4,21.29714
1.0,11,21.300052
1.0,29,21.307813
-0.01,4,21.308876
-0.01,27,21.316091
1.0,11,21.319004
1.0,28,21.326517
-0.01,14,21.330255
-0.01,4,21.331319
1.0,11,21.334245
-0.01,10,21.336935
-0.01,36,21.346467
-0.01,19,21.351513
1.0,11,21.354434
1.0,23,21.360585
-0.01,33,21.369346
-0.01,12,21.372577
1.0,11,21.375496
1.0,23,21.381571
-0.01,34,21.390624
-0.01,30,21.398583
1.0,11,21.40151
1.0,23,21.407644
-0.01,36,21.417272
-0.01,4,21.418348
1.0,14,21.422044
1.0,27,21.429183
-0.01,34,21.438284
-0.01,30,21.446398
1.0,11,21.449332
1.0,23,21.455442
-0.01,2,21.455979
-0.01,6,21.457594
1.0,12,21.460784
1.0,25,21.467404
-0.01,41,21.478345
-0.01,14,21.482073
1.0,11,21.485016
1.0,25,21.491644
-0.01,30,21.499692
-0.01,27,21.506978
1.0,14,21.510706
-0.01,10,21.513375
-0.01,29,21.521086
-0.01,30,21.529469
1.0,12,21.532604
1.0,30,21.540641
-0.01,34,21.549742
-0.01,25,21.556496
-0.01,2,21.557042
1.0,25,21.563657
-0.01,20,21.569054
-0.01,28,21.57656
1.0,13,21.57994
1.0,23,21.586092
-0.01,32,21.59464
-0.01,12,21.59787
1.0,13,21.601339
1.0,24,21.607683
-0.01,40,21.618288
-0.01,35,21.627598
-0.01,2,21.628146
-0.01,2,21.628691
-0.01,32,21.637244
-0.01,29,21.645094
1.0,11,21.648028
1.0,29,21.655753
-0.01,33,21.664563
-0.01,25,21.671349
1.0,13,21.674733
1.0,27,21.681866
-0.01,24,21.68834
-0.01,30,21.696436
1.0,11,21.699361
-0.01,18,21.704166
-0.01,31,21.712436
-0.01,23,21.718619
1.0,11,21.721541
1.0,25,21.728174
-0.01,31,21.736482
-0.01,25,21.743127
1.0,15,21.74697
1.0,23,21.753134
-0.01,34,21.762216
-0.01,30,21.770193
1.0,11,21.773122
1.0,25,21.779739
-0.01,32,21.788289
-0.01,28,21.795778
1.0,11,21.798726
1.0,23,21.80488
-0.01,30,21.8129
-0.01,32,21.821459
1.0,11,21.824392
-0.01,12,21.827598
-0.01,30,21.835635
-0.01,29,21.843464
1.0,11,21.8464
1.0,25,21.852998
-0.01,25,21.859705
-0.01,29,21.867575
1.0,13,21.871034
1.0,28,21.878553
-0.01,34,21.887656
-0.01,25,21.894407
1.0,13,21.897868
-0.01,17,21.902411
-0.01,6,21.904013
-0.01,25,21.910703
1.0,11,21.913624
1.0,23,21.919796
-0.01,33,21.928612
-0.01,4,21.929684
1.0,11,21.932606
1.0,23,21.9387
-0.01,19,21.943797
-0.01,30,21.951803
1.0,14,21.955522
-0.01,18,21.960331
-0.01,34,21.969438
-0.01,31,21.977786
1.0,11,21.98072
1.0,26,21.987715
-0.01,34,21.996793
-0.01,25,22.003486
1.0,15,22.007484
1.0,23,22.013679
-0.01,32,22.022234
-0.01,27,22.029463
1.0,11,22.032387
1.0,24,22.038753
-0.01,33,22.047573
-0.01,29,22.055421
1.0,13,22.058887
1.0,23,22.065073
-0.01,23,22.071258
-0.01,32,22.079777
1.0,13,22.083224
-0.01,2,22.083775
-0.01,42,22.095008
-0.01,29,22.102829
-0.01,11,22.10581
1.0,23,22.111947
-0.01,34,22.121037
-0.01,29,22.128811
1.0,13,22.132268
-0.01,4,22.133349
-0.01,38,22.143502
-0.01,25,22.150213
1.0,11,22.153146
1.0,28,22.160481
-0.01,39,22.170916
-0.01,25,22.177688
1.0,12,22.18088
1.0,30,22.188895
-0.01,28,22.196462
-0.01,26,22.203506
-0.01,9,22.205954
1.0,24,22.212237
-0.01,14,22.216013
-0.01,17,22.22061
1.0,13,22.224076
1.0,25,22.230704
-0.01,32,22.23927
-0.01,24,22.245759
1.0,11,22.248689
1.0,27,22.255923
-0.01,30,22.263953
-0.01,29,22.2718
1.0,12,22.274983
1.0,29,22.282765
-0.01,30,22.290772
-0.01,25,22.297452
-0.01,2,22.297991
1.0,25,22.304695
-0.01,13,22.308149
-0.01,29,22.315921
1.0,11,22.318841
1.0,27,22.326029
-0.01,6,22.327631
-0.01,26,22.334659
-0.01,2,22.335207
1.0,26,22.342168
-0.01,4,22.343251
-0.01,24,22.349689
1.0,11,22.352609
1.0,25,22.359302
-0.01,23,22.365466
-0.01,6,22.367072
-0.01,2,22.367617
-0.01,13,22.371113
-0.01,35,22.380385
-0.01,27,22.387588
1.0,13,22.391071
1.0,23,22.397124
-0.01,12,22.40035
-0.01,32,22.408858
1.0,14,22.412564
1.0,25,22.419151
-0.01,32,22.427649
-0.01,27,22.434928
1.0,11,22.43787
1.0,26,22.444806
-0.01,39,22.455259
-0.01,27,22.462413
1.0,15,22.466411
1.0,23,22.47258
-0.01,31,22.480864
-0.01,28,22.48836
1.0,12,22.491544
1.0,25,22.498233
-0.01,18,22.503084
-0.01,27,22.510358
1.0,13,22.513809
1.0,27,22.520945
-0.01,37,22.530826
-0.01,25,22.537877
1.0,13,22.541335
-0.01,2,22.541882
-0.01,16,22.546169
-0.01,25,22.552851
-0.01,2,22.553396
1.0,27,22.560518
-0.01,30,22.568541
-0.01,28,22.576018
1.0,12,22.579215
1.0,30,22.587149
-0.01,35,22.596414
-0.01,31,22.604771
-0.01,2,22.605321
1.0,23,22.611401
-0.01,4,22.612483
-0.01,35,22.621819
1.0,13,22.625288
1.0,25,22.631904
-0.01,14,22.635701
-0.01,27,22.642897
1.0,11,22.645834
1.0,25,22.652523
-0.01,33,22.66133
-0.01,32,22.6698
1.0,15,22.673784
1.0,23,22.679945
-0.01,34,22.689013
-0.01,4,22.690087
1.0,13,22.693467
1.0,24,22.699831
-0.01,31,22.70809
-0.01,25,22.714858
1.0,11,22.717806
1.0,33,22.72647
-0.01,16,22.730779
-0.01,6,22.732365
1.0,13,22.735832
1.0,27,22.743031
-0.01,2,22.743575
-0.01,29,22.751404
-0.01,2,22.75194
-0.01,18,22.756725
-0.01,34,22.765794
-0.01,21,22.771384
1.0,11,22.774308
1.0,25,22.780985
-0.01,16,22.78532
-0.01,2,22.785866
1.0,14,22.789575
-0.01,4,22.790655
-0.01,33,22.799436
-0.01,29,22.80717
1.0,11,22.810096
1.0,24,22.816516
-0.01,32,22.825047
-0.01,29,22.832851
1.0,11,22.835772
1.0,26,22.842702
-0.01,37,22.852585
-0.01,31,22.860883
1.0,12,22.864067
1.0,23,22.870125
-0.01,23,22.876295
-0.01,16,22.880444
1.0,11,22.883373
1.0,27,22.89061
-0.01,38,22.900761
-0.01,26,22.907712
1.0,11,22.910638
1.0,27,22.917819
-0.01,24,22.924265
-0.01,27,22.931571
1.0,15,22.935566
-0.01,21,22.941226
-0.01,30,22.949217
-0.01,27,22.956454
1.0,11,22.959383
-0.01,4,22.960461
-0.01,35,22.96973
-0.01,16,22.973971
1.0,12,22.977166
-0.01,2,22.977709
-0.01,30,22.985732
-0.01,26,22.992743
1.0,12,22.995933
-0.01,2,22.996478
-0.01,18,23.00133
-0.01,32,23.009953
1.0,11,23.012876
1.0,25,23.019532
-0.01,28,23.02704
-0.01,29,23.034786
1.0,11,23.037709
1.0,27,23.044849
-0.01,35,23.054223
-0.01,29,23.062065
1.0,11,23.064994
1.0,27,23.072139
-0.01,28,23.079636
-0.01,26,23.086579
1.0,16,23.090829
-0.01,18,23.095632
-0.01,32,23.104136
-0.01,25,23.110901
1.0,13,23.114358
1.0,25,23.121069
-0.01,34,23.130133
-0.01,34,23.139293
1.0,15,23.14327
1.0,28,23.150769
-0.01,39,23.161035
-0.01,30,23.169119
1.0,11,23.172046
1.0,25,23.178714
-0.01,19,23.183851
-0.01,14,23.187545
1.0,11,23.190472
1.0,24,23.196899
-0.01,28,23.204309
-0.01,27,23.211589
1.0,11,23.214505
1.0,25,23.221076
-0.01,32,23.229628
-0.01,30,23.237725
1.0,12,23.240918
-0.01,17,23.245525
-0.01,35,23.254772
-0.01,31,23.26315
1.0,11,23.266084
1.0,28,23.273522
-0.01,30,23.281519
-0.01,2,23.282063
1.0,13,23.28552
1.0,25,23.292218
-0.01,46,23.304473
-0.01,25,23.31118
-0.01,11,23.314153
1.0,25,23.320756
-0.01,23,23.32692
-0.01,25,23.333608
1.0,12,23.3368
1.0,27,23.343955
-0.01,32,23.35246
-0.01,25,23.359223
1.0,11,23.362147
1.0,25,23.368739
-0.01,32,23.37732
-0.01,27,23.38462
1.0,11,23.387566
1.0,23,23.393657
-0.01,36,23.403165
-0.01,28,23.41071
1.0,11,23.413635
-0.01,10,23.41628
-0.01,32,23.424772
-0.01,16,23.429084
-0.01,7,23.430965
1.0,25,23.437597
-0.01,30,23.445648
-0.01,25,23.452332
1.0,11,23.455259
-0.01,21,23.460856
-0.01,35,23.470206
-0.01,27,23.477425
1.0,11,23.480352
1.0,23,23.486426
-0.01,36,23.4961
-0.01,26,23.503135
1.0,11,23.506056
1.0,25,23.512715
-0.01,30,23.520647
-0.01,17,23.525147
1.0,11,23.528078
-0.01,2,23.528625
-0.01,34,23.538004
-0.01,26,23.544932
1.0,11,23.547859
1.0,25,23.554477
-0.01,37,23.564312
-0.01,17,23.568813
1.0,11,23.571758
1.0,28,23.579242
-0.01,16,23.583584
-0.01,4,23.584658
1.0,13,23.588116
1.0,27,23.595273
-0.01,34,23.604308
-0.01,23,23.610337
1.0,14,23.61398
1.0,23,23.620168
-0.01,36,23.629654
-0.01,36,23.639225
1.0,11,23.642152
1.0,24,23.6486
-0.01,32,23.657173
-0.01,27,23.664457
1.0,13,23.667932
1.0,28,23.67541
-0.01,30,23.683482
-0.01,28,23.690922
1.0,11,23.693835
-0.01,21,23.699506
-0.01,33,23.708286
-0.01,33,23.717207
1.0,12,23.720326
-0.01,5,23.721668
-0.01,35,23.731025
-0.01,25,23.737714
1.0,11,23.74064
1.0,25,23.74719
-0.01,30,23.755235
-0.01,4,23.756302
1.0,12,23.759479
1.0,25,23.766067
-0.01,28,23.773567
-0.01,27,23.780785
1.0,11,23.783709
1.0,25,23.790416
-0.01,28,23.797954
-0.01,12,23.801192
1.0,11,23.804105
-0.01,19,23.809231
-0.01,4,23.810293
-0.01,29,23.81809
-0.01,2,23.818637
1.0,28,23.826028
-0.01,25,23.832629
-0.01,12,23.835871
1.0,11,23.838793
1.0,27,23.846053
-0.01,15,23.850057
-0.01,4,23.851134
1.0,11,23.854068
1.0,25,23.860714
-0.01,31,23.868984
-0.01,19,23.874113
1.0,11,23.877043
1.0,25,23.883685
-0.01,7,23.885588
-0.01,4,23.886658
-0.01,9,23.889077
1.0,28,23.896584
-0.01,35,23.905956
-0.01,16,23.910263
1.0,13,23.913725
1.0,27,23.920895
-0.01,36,23.930498
-0.01,27,23.93769
1.0,12,23.940871
1.0,23,23.947027
-0.01,4,23.948093
-0.01,27,23.955395
1.0,11,23.95832
1.0,28,23.965754
-0.01,41,23.976651
-0.01,25,23.983408
1.0,11,23.986329
1.0,24,23.992703
-0.01,33,24.001425
-0.01,27,24.008729
1.0,14,24.012352
-0.01,21,24.017936
-0.01,21,24.023598
-0.01,16,24.027902
-0.01,4,24.028986
1.0,25,24.035661
-0.01,37,24.045497
-0.01,8,24.047647
-0.01,2,24.048194
-0.01,4,24.049255
-0.01,34,24.058322
-0.01,26,24.065275
1.0,13,24.068727
1.0,23,24.074805
-0.01,32,24.083335
-0.01,27,24.09063
1.0,11,24.09354
1.0,27,24.100779
-0.01,39,24.111283
-0.01,16,24.115597
1.0,11,24.118516
1.0,30,24.126529
-0.01,34,24.135618
-0.01,4,24.136691
1.0,13,24.140147
1.0,23,24.146248
-0.01,36,24.155899
-0.01,30,24.163883
1.0,11,24.166839
1.0,23,24.172975
-0.01,32,24.181513
-0.01,32,24.19015
1.0,12,24.19335
1.0,28,24.200852
-0.01,4,24.201936
-0.01,14,24.205702
1.0,11,24.208629
1.0,27,24.215869
-0.01,32,24.224497
-0.01,22,24.230388
-0.01,2,24.230939
-0.01,6,24.232541
-0.01,31,24.240828
-0.01,25,24.247537
1.0,11,24.250458
1.0,27,24.257718
-0.01,32,24.266248
-0.01,30,24.274372
1.0,11,24.2773
-0.01,4,24.278383
-0.01,36,24.287938
-0.01,25,24.29471
1.0,13,24.29821
1.0,25,24.304918
-0.01,19,24.310041
-0.01,33,24.318827
1.0,13,24.32229
-0.01,9,24.324722
-0.01,33,24.333558
-0.01,30,24.34165
-0.01,9,24.34409
1.0,28,24.351593
-0.01,38,24.361723
-0.01,27,24.368957
1.0,13,24.372384
-0.01,21,24.378057
-0.01,32,24.386588
-0.01,29,24.394367
1.0,11,24.3973
1.0,25,24.40393
-0.01,34,24.413014
-0.01,18,24.41778
1.0,11,24.420708
1.0,27,24.427773
-0.01,30,24.435781
-0.01,30,24.443825
-0.01,4,24.444913
1.0,27,24.452151
-0.01,32,24.460693
-0.01,27,24.467999
1.0,14,24.471733
-0.01,12,24.474966
-0.01,32,24.483551
-0.01,27,24.49072
1.0,14,24.494464
1.0,26,24.50144
-0.01,6,24.503071
-0.01,27,24.510392
1.0,12,24.513584
1.0,27,24.520779
-0.01,11,24.523721
-0.01,27,24.530942
-0.01,11,24.533927
1.0,25,24.540637
-0.01,31,24.549198
-0.01,30,24.557242
1.0,11,24.560205
1.0,23,24.566415
-0.01,29,24.574173
-0.01,25,24.580878
1.0,13,24.584348
1.0,23,24.590422
-0.01,31,24.598719
-0.01,31,24.607082
1.0,11,24.610012
1.0,23,24.61613
-0.01,30,24.624154
-0.01,10,24.62687
1.0,17,24.631397
1.0,25,24.638094
-0.01,32,24.646641
-0.01,22,24.652555
-0.01,4,24.653634
-0.01,15,24.657504
-0.01,31,24.665779
-0.01,25,24.672538
1.0,12,24.675725
-0.01,24,24.682161
-0.01,33,24.691009
-0.01,26,24.697949
1.0,15,24.701932
-0.01,15,24.705949
-0.01,2,24.706499
-0.01,29,24.714333
1.0,12,24.717522
1.0,29,24.72524
-0.01,27,24.732473
-0.01,9,24.734887
1.0,11,24.737808
1.0,26,24.74472
-0.01,37,24.754561
-0.01,26,24.761576
-0.01,2,24.762121
1.0,25,24.768807
-0.01,2,24.769346
-0.01,31,24.777686
-0.01,2,24.77823
1.0,26,24.785093
-0.01,27,24.792304
-0.01,4,24.79338
1.0,11,24.796303
1.0,28,24.803767
-0.01,35,24.813071
-0.01,6,24.814682
1.0,14,24.818385
-0.01,4,24.819442
-0.01,30,24.827442
-0.01,25,24.834193
1.0,11,24.837101
1.0,25,24.843764
-0.01,30,24.851765
-0.01,29,24.859534
1.0,15,24.863492
1.0,28,24.87098
-0.01,35,24.880333
-0.01,29,24.888168
1.0,11,24.89109
1.0,26,24.898005
-0.01,32,24.906485
-0.01,29,24.914234
1.0,14,24.917863
1.0,24,24.924291
-0.01,23,24.930428
-0.01,27,24.937719
1.0,11,24.940639
-0.01,18,24.945393
-0.01,32,24.953989
-0.01,29,24.961735
1.0,13,24.965193
1.0,26,24.97218
-0.01,30,24.980207
-0.01,27,24.987387
1.0,11,24.990308
1.0,29,24.998032
-0.01,31,25.006331
-0.01,12,25.009551
1.0,12,25.012732
-0.01,13,25.01623
-0.01,2,25.016774
-0.01,26,25.02374
1.0,13,25.027195
1.0,28,25.034611
-0.01,35,25.043922
-0.01,29,25.051631
1.0,13,25.055
1.0,25,25.061608
-0.01,34,25.070647
-0.01,28,25.078213
-0.01,2,25.078758
1.0,25,25.085366
-0.01,32,25.093923
-0.01,29,25.101686
1.0,11,25.104615
1.0,29,25.112398
-0.01,36,25.121988
-0.01,25,25.128756
1.0,11,25.131678
1.0,25,25.138402
-0.01,34,25.147452
-0.01,28,25.154957
-0.01,2,25.155498
1.0,25,25.16219
-0.01,36,25.171871
-0.01,33,25.180706
1.0,11,25.183621
1.0,26,25.190582
-0.01,30,25.198572
-0.01,25,25.20524
1.0,14,25.208968
1.0,23,25.215156
-0.01,27,25.222401
-0.01,27,25.229638
1.0,14,25.233337
-0.01,16,25.237606
-0.01,31,25.24588
-0.01,19,25.250939
1.0,12,25.254132
1.0,25,25.260758
-0.01,32,25.269283
-0.01,29,25.27705
1.0,11,25.279978
1.0,25,25.286714
-0.01,30,25.294738
-0.01,17,25.299279
1.0,11,25.302204
-0.01,2,25.302751
-0.01,41,25.313666
-0.01,26,25.320599
-0.01,9,25.323034
-0.01,7,25.324926
-0.01,34,25.333951
-0.01,17,25.338456
1.0,11,25.341379
1.0,25,25.348028
-0.01,32,25.356584
-0.01,29,25.364333
-0.01,7,25.366231
1.0,31,25.374508
-0.01,33,25.383322
-0.01,24,25.389785
1.0,14,25.393493
1.0,32,25.402026
-0.01,30,25.409986
-0.01,31,25.418323
1.0,11,25.421245
1.0,25,25.427868
-0.01,31,25.436148
-0.01,28,25.443703
1.0,11,25.446627
1.0,25,25.453323
-0.01,30,25.461297
-0.01,31,25.469586
1.0,11,25.472507
1.0,25,25.479133
-0.01,15,25.483186
-0.01,4,25.484255
1.0,11,25.487181
1.0,27,25.494397
-0.01,2,25.494943
-0.01,27,25.502155
-0.01,2,25.502681
1.0,23,25.508845
-0.01,28,25.516317
-0.01,27,25.523605
1.0,11,25.526534
1.0,25,25.533216
-0.01,34,25.542251
-0.01,25,25.549312
1.0,12,25.552488
1.0,23,25.558568
-0.01,33,25.567349
-0.01,27,25.574569
1.0,11,25.577487
1.0,26,25.58444
-0.01,19,25.589436
-0.01,20,25.594817
1.0,11,25.597741
-0.01,21,25.603153
-0.01,26,25.610101
-0.01,28,25.617674
1.0,11,25.620593
1.0,23,25.626729
-0.01,37,25.636531
-0.01,25,25.643207
-0.01,2,25.64375
1.0,25,25.650456
-0.01,32,25.659025
-0.01,30,25.667038
1.0,11,25.669958
1.0,27,25.677109
-0.01,35,25.686443
-0.01,27,25.693742
-0.01,9,25.696175
-0.01,2,25.69672
-0.01,23,25.7029
-0.01,30,25.71099
-0.01,2,25.711535
1.0,27,25.718659
-0.01,38,25.728708
-0.01,27,25.735997
1.0,16,25.740228
-0.01,4,25.741308
-0.01,39,25.751682
-0.01,20,25.757001
1.0,11,25.759929
1.0,26,25.766812
-0.01,35,25.776151
-0.01,26,25.783092
1.0,12,25.786287
1.0,29,25.793975
-0.01,37,25.80379
-0.01,29,25.811648
1.0,11,25.814571
1.0,23,25.820674
-0.01,19,25.825823
-0.01,4,25.8269
1.0,11,25.829826
1.0,23,25.836001
-0.01,25,25.842693
-0.01,27,25.849904
1.0,13,25.853362
1.0,27,25.860501
-0.01,32,25.869044
-0.01,27,25.876326
1.0,13,25.879797
1.0,27,25.886957
-0.01,28,25.894451
-0.01,2,25.894999
1.0,12,25.89811
1.0,28,25.905596
-0.01,34,25.914626
-0.01,35,25.923871
1.0,14,25.927594
-0.01,18,25.932334
-0.01,30,25.940299
-0.01,17,25.944888
1.0,13,25.948344
-0.01,2,25.948887
-0.01,32,25.957399
-0.01,16,25.961703
1.0,16,25.965954
1.0,27,25.97318
-0.01,32,25.981736
-0.01,4,25.982814
1.0,13,25.986243
1.0,28,25.993721
-0.01,15,25.997634
-0.01,31,26.005919
1.0,13,26.009406
-0.01,8,26.011568
-0.01,35,26.020845
-0.01,27,26.028131
1.0,11,26.031053
1.0,23,26.037143
-0.01,39,26.047538
-0.01,2,26.048081
-0.01,2,26.048619
-0.01,14,26.052368
-0.01,32,26.060918
-0.01,25,26.067653
1.0,14,26.071358
1.0,25,26.078107
-0.01,12,26.081323
-0.01,26,26.088354
1.0,12,26.091538
1.0,24,26.097955
-0.01,31,26.10618
-0.01,29,26.113929
1.0,13,26.117389
1.0,25,26.124019
-0.01,32,26.132535
-0.01,27,26.139862
1.0,11,26.142761
1.0,25,26.149287
-0.01,8,26.151452
-0.01,27,26.158734
-0.01,6,26.160357
1.0,25,26.166992
-0.01,36,26.176588
-0.01,2,26.177133
1.0,11,26.180052
1.0,24,26.186485
-0.01,31,26.194755
-0.01,27,26.201905
1.0,12,26.205092
-0.01,4,26.20615
-0.01,29,26.213881
-0.01,27,26.221106
1.0,16,26.225356
1.0,23,26.23152
-0.01,31,26.239807
-0.01,27,26.247023
1.0,11,26.249934
1.0,31,26.25807
-0.01,37,26.267964
-0.01,20,26.273384
1.0,13,26.276764
-0.01,17,26.28134
-0.01,17,26.285895
-0.01,25,26.29266
-0.01,4,26.293742
1.0,27,26.300953
-0.01,31,26.309236
-0.01,31,26.317496
1.0,15,26.321406
1.0,28,26.328733
-0.01,34,26.337814
-0.01,4,26.338885
1.0,13,26.342338
1.0,28,26.349767
-0.01,33,26.358566
-0.01,27,26.365794
1.0,11,26.368718
1.0,23,26.374882
-0.01,11,26.377808
-0.01,25,26.384576
1.0,11,26.3875
1.0,23,26.393664
-0.01,2,26.394209
-0.01,25,26.400975
1.0,11,26.403925
-0.01,6,26.405554
-0.01,29,26.413306
-0.01,10,26.416003
1.0,15,26.419975
-0.01,2,26.420522
-0.01,7,26.422418
-0.01,8,26.42456
1.0,12,26.427746
1.0,27,26.434995
-0.01,24,26.441367
-0.01,25,26.448129
1.0,11,26.451061
-0.01,17,26.455624
-0.01,30,26.463632
-0.01,30,26.471762
-0.01,2,26.472303
1.0,25,26.47901
-0.01,32,26.487529
-0.01,25,26.494218
-0.01,9,26.496649
1.0,28,26.504112
-0.01,30,26.512096
-0.01,27,26.519394
1.0,11,26.522318
1.0,25,26.529005
-0.01,16,26.533285
-0.01,30,26.541405
1.0,11,26.544322
-0.01,16,26.548624
-0.01,2,26.549169
-0.01,2,26.549712
1.0,12,26.553225
1.0,32,26.561704
-0.01,32,26.570215
-0.01,27,26.577507
1.0,11,26.580437
1.0,27,26.587648
-0.01,34,26.596708
-0.01,26,26.603732
-0.01,2,26.604278
1.0,25,26.61089
-0.01,29,26.618604
-0.01,28,26.626155
1.0,13,26.629594
1.0,23,26.635742
-0.01,4,26.636822
-0.01,27,26.644105
1.0,11,26.64703
1.0,23,26.653206
-0.01,29,26.660941
-0.01,29,26.668721
1.0,11,26.671631
1.0,23,26.677712
-0.01,2,26.678258
-0.01,29,26.686094
1.0,14,26.689813
-0.01,16,26.694091
-0.01,30,26.702092
-0.01,4,26.703157
1.0,11,26.706081
1.0,25,26.712702
-0.01,32,26.721204
-0.01,25,26.727884
1.0,13,26.731345
-0.01,2,26.731918
-0.01,31,26.74022
-0.01,29,26.748052
1.0,12,26.751239
1.0,26,26.75819
-0.01,27,26.765423
-0.01,12,26.768655
1.0,11,26.77158
1.0,24,26.777966
-0.01,34,26.787109
