#{"t_start": 1718032213.259915, "env_id": "Mordor-v0"}
r,l,t
0.0,2,0.000883
0.0,5,0.002216
1.0,37,0.011371
0.0,24,0.017029
0.0,53,0.028639
0.0,46,0.038433
0.0,24,0.043439
0.0,8,0.04513
1.0,8,0.046781
1.0,123,0.07247
0.0,7,0.073945
0.0,31,0.080379
0.0,28,0.086266
0.0,3,0.086919
0.0,7,0.088375
0.0,27,0.093937
0.0,69,0.108364
0.0,21,0.112736
1.0,102,0.134216
0.0,5,0.135283
0.0,56,0.147007
0.0,20,0.151164
0.0,17,0.154755
0.0,21,0.15912
1.0,95,0.179178
0.0,5,0.180212
1.0,60,0.192701
0.0,9,0.194598
0.0,13,0.197316
0.0,3,0.197945
1.0,46,0.207578
0.0,22,0.212162
0.0,32,0.218846
0.0,10,0.220934
0.0,140,0.250279
0.0,10,0.252394
0.0,85,0.270238
0.0,31,0.276695
0.0,28,0.282511
0.0,77,0.298653
0.0,33,0.30556
0.0,46,0.315147
0.0,6,0.316389
0.0,74,0.331915
0.0,64,0.345309
0.0,21,0.349688
0.0,26,0.355143
0.0,39,0.363246
0.0,16,0.366594
0.0,33,0.373516
0.0,63,0.386749
0.0,20,0.390889
0.0,15,0.393975
0.0,2,0.394382
0.0,53,0.405524
0.0,71,0.420374
0.0,40,0.428739
0.0,72,0.443767
0.0,85,0.461593
0.0,56,0.473383
0.0,28,0.479267
0.0,68,0.493585
0.0,88,0.512037
0.0,105,0.534058
0.0,54,0.54542
0.0,48,0.555498
0.0,173,0.591836
0.0,68,0.606133
0.0,126,0.632683
0.0,31,0.639209
1.0,216,0.68467
0.0,11,0.686978
0.0,48,0.697088
0.0,155,0.729759
0.0,54,0.741075
1.0,94,0.760863
0.0,10,0.762959
0.0,14,0.765913
0.0,33,0.772909
0.0,28,0.778794
0.0,49,0.789068
0.0,144,0.819513
0.0,128,0.84663
1.0,50,0.857184
0.0,49,0.867447
1.0,63,0.88061
1.0,91,0.899786
0.0,33,0.906696
1.0,85,0.924572
0.0,13,0.927303
0.0,26,0.93266
0.0,46,0.942375
0.0,29,0.948463
0.0,22,0.953108
0.0,86,0.971248
0.0,2,0.971664
0.0,20,0.975866
0.0,26,0.981324
0.0,87,0.999637
0.0,115,1.023995
0.0,14,1.026871
1.0,8,1.028484
0.0,2,1.028891
0.0,15,1.03203
0.0,3,1.03265
0.0,9,1.034549
0.0,234,1.083955
0.0,7,1.085458
1.0,178,1.123171
0.0,28,1.129031
0.0,7,1.130501
1.0,37,1.13826
0.0,6,1.139535
0.0,149,1.171375
0.0,79,1.188072
0.0,23,1.192859
1.0,102,1.214436
0.0,25,1.219724
0.0,14,1.222621
0.0,19,1.226591
1.0,32,1.233277
0.0,18,1.237072
0.0,37,1.244869
0.0,10,1.247002
0.0,6,1.248255
0.0,4,1.249076
1.0,18,1.25283
0.0,39,1.260993
1.0,82,1.278372
0.0,8,1.280007
1.0,71,1.294909
0.0,17,1.29852
0.0,2,1.298944
1.0,51,1.3097
0.0,171,1.345937
0.0,16,1.349321
0.0,23,1.354186
0.0,10,1.356279
0.0,3,1.356913
0.0,3,1.357548
0.0,30,1.363804
0.0,29,1.369979
0.0,12,1.372523
0.0,46,1.382271
0.0,78,1.398811
0.0,19,1.402811
0.0,161,1.437059
0.0,43,1.446178
1.0,61,1.459063
0.0,33,1.466073
0.0,21,1.47057
0.0,27,1.476239
0.0,25,1.481519
0.0,45,1.491073
0.0,3,1.49171
0.0,66,1.505723
1.0,94,1.525587
0.0,4,1.526438
0.0,154,1.559217
0.0,18,1.563033
0.0,6,1.564306
0.0,31,1.570922
0.0,72,1.586229
0.0,40,1.594693
0.0,11,1.597002
0.0,4,1.597828
0.0,145,1.628533
1.0,134,1.657002
0.0,63,1.670362
0.0,21,1.674787
1.0,154,1.707386
1.0,42,1.716157
0.0,21,1.720605
0.0,66,1.734553
0.0,5,1.735605
0.0,7,1.737078
0.0,6,1.738329
1.0,116,1.762892
0.0,21,1.767333
0.0,107,1.789987
0.0,142,1.820031
0.0,46,1.829737
1.0,113,1.853493
0.0,24,1.858568
0.0,140,1.888277
0.0,94,1.908228
0.0,74,1.923935
0.0,8,1.925623
1.0,136,1.954338
0.0,6,1.955612
0.0,8,1.95728
0.0,104,1.979334
1.0,60,1.991899
0.0,10,1.993991
0.0,5,1.995041
1.0,21,1.999407
0.0,63,2.01267
0.0,98,2.033229
1.0,7,2.034697
0.0,36,2.04221
0.0,23,2.046999
1.0,29,2.053052
1.0,26,2.05849
1.0,14,2.061392
1.0,9,2.063262
0.0,5,2.064312
0.0,36,2.071952
0.0,17,2.075517
0.0,42,2.084387
0.0,126,2.119128
0.0,41,2.12837
0.0,26,2.134029
0.0,112,2.158302
0.0,26,2.163814
0.0,6,2.165117
0.0,26,2.170699
0.0,36,2.17838
0.0,83,2.196037
0.0,6,2.197311
0.0,9,2.199203
0.0,6,2.200463
0.0,35,2.207907
0.0,54,2.219331
0.0,30,2.225687
0.0,81,2.242957
0.0,102,2.264745
0.0,16,2.268089
0.0,4,2.26894
0.0,8,2.270654
0.0,18,2.274336
0.0,6,2.275587
0.0,4,2.276426
0.0,4,2.277263
1.0,37,2.285023
0.0,107,2.307794
0.0,26,2.31319
0.0,5,2.314251
0.0,101,2.33576
0.0,32,2.34253
0.0,91,2.361899
0.0,234,2.411682
0.0,32,2.418516
0.0,63,2.431851
0.0,4,2.432701
1.0,318,2.50016
0.0,55,2.511859
0.0,29,2.518026
0.0,6,2.519309
0.0,26,2.524861
1.0,6,2.526097
0.0,77,2.542375
1.0,43,2.551437
1.0,28,2.557324
0.0,24,2.562346
0.0,3,2.562978
1.0,5,2.564028
0.0,5,2.565061
0.0,55,2.576743
1.0,21,2.581115
0.0,10,2.583187
0.0,15,2.586378
0.0,6,2.587639
0.0,9,2.589522
0.0,33,2.596502
1.0,9,2.598361
0.0,20,2.602588
0.0,10,2.604692
0.0,6,2.605936
0.0,14,2.608902
0.0,41,2.617558
0.0,111,2.641218
0.0,73,2.656815
0.0,55,2.668545
0.0,69,2.683221
0.0,24,2.688343
0.0,28,2.694284
0.0,40,2.702797
0.0,56,2.714694
0.0,68,2.729121
0.0,4,2.729974
0.0,20,2.734215
0.0,49,2.744693
0.0,59,2.757297
0.0,34,2.764466
0.0,12,2.767001
0.0,6,2.768268
0.0,9,2.770202
0.0,35,2.777636
0.0,30,2.783994
0.0,40,2.792541
0.0,24,2.797643
0.0,26,2.803192
0.0,35,2.810633
0.0,38,2.818718
1.0,45,2.828291
0.0,52,2.839379
0.0,140,2.86926
1.0,79,2.886134
0.0,82,2.903551
0.0,62,2.916752
0.0,39,2.925069
0.0,21,2.929528
0.0,17,2.933155
0.0,62,2.946392
0.0,34,2.953614
0.0,16,2.957
0.0,30,2.963367
0.0,121,2.989284
0.0,49,2.999674
0.0,267,3.056719
0.0,25,3.062023
1.0,104,3.084059
0.0,29,3.090239
0.0,2,3.09066
0.0,57,3.10279
0.0,86,3.12108
0.0,25,3.126333
0.0,55,3.138
0.0,15,3.141177
0.0,21,3.145644
0.0,10,3.147767
0.0,8,3.149461
0.0,19,3.15373
1.0,22,3.158371
0.0,13,3.161128
0.0,37,3.168985
0.0,47,3.178924
0.0,13,3.181681
0.0,55,3.193411
0.0,77,3.209831
0.0,3,3.210457
0.0,111,3.234082
0.0,48,3.244325
1.0,43,3.253444
0.0,10,3.255563
0.0,76,3.27178
0.0,70,3.28665
0.0,6,3.287913
0.0,22,3.292527
0.0,7,3.293993
0.0,8,3.295638
0.0,19,3.299638
0.0,13,3.302364
1.0,42,3.311221
0.0,6,3.312499
0.0,27,3.318252
0.0,68,3.332653
1.0,15,3.335781
0.0,4,3.336636
0.0,14,3.339553
0.0,4,3.340421
0.0,31,3.346967
0.0,33,3.353872
0.0,86,3.372212
0.0,13,3.374983
0.0,20,3.379188
1.0,52,3.390287
0.0,15,3.393404
0.0,22,3.398047
0.0,19,3.402052
0.0,87,3.420646
1.0,13,3.423347
0.0,35,3.430749
0.0,3,3.431387
0.0,32,3.438217
0.0,47,3.448116
0.0,300,3.512249
0.0,37,3.520141
0.0,4,3.520991
0.0,54,3.532419
0.0,28,3.538425
0.0,21,3.54284
0.0,52,3.553853
0.0,51,3.564534
0.0,160,3.598643
0.0,39,3.607013
0.0,25,3.612275
0.0,128,3.639675
0.0,90,3.658822
0.0,35,3.666225
0.0,65,3.680047
0.0,21,3.684472
0.0,11,3.686767
0.0,11,3.689107
1.0,50,3.699657
0.0,14,3.702656
0.0,22,3.707315
1.0,19,3.711324
0.0,2,3.71175
0.0,31,3.718327
0.0,27,3.724055
0.0,21,3.728485
0.0,5,3.729544
1.0,20,3.733773
0.0,43,3.742954
0.0,4,3.743808
0.0,13,3.746561
0.0,57,3.758549
0.0,36,3.766108
0.0,53,3.777385
0.0,26,3.782892
0.0,98,3.803808
0.0,59,3.816268
0.0,29,3.822386
0.0,13,3.825107
0.0,69,3.839788
0.0,135,3.868504
0.0,9,3.870417
0.0,63,3.883705
0.0,40,3.892238
0.0,9,3.894146
0.0,346,3.967839
0.0,7,3.969339
0.0,19,3.973378
0.0,7,3.97486
0.0,20,3.979057
0.0,30,3.985435
0.0,19,3.989488
0.0,58,4.001867
1.0,44,4.011159
0.0,78,4.02784
1.0,96,4.048203
0.0,44,4.05762
0.0,55,4.069293
0.0,6,4.07057
0.0,5,4.071624
0.0,9,4.073534
0.0,23,4.078368
0.0,61,4.091344
0.0,72,4.106619
0.0,12,4.10917
0.0,27,4.114899
0.0,18,4.118736
0.0,23,4.123603
0.0,62,4.13685
0.0,17,4.140444
0.0,46,4.150136
0.0,25,4.155554
1.0,22,4.160148
0.0,3,4.160783
0.0,22,4.165465
0.0,34,4.172641
0.0,101,4.194171
0.0,6,4.195433
0.0,137,4.224686
0.0,31,4.231192
1.0,52,4.242274
0.0,3,4.242914
0.0,37,4.251072
0.0,40,4.259601
0.0,15,4.262761
0.0,16,4.266163
0.0,4,4.267013
1.0,49,4.277418
0.0,50,4.287904
0.0,50,4.298584
0.0,23,4.30349
0.0,15,4.306704
0.0,4,4.30755
0.0,64,4.321009
0.0,6,4.322265
1.0,67,4.336464
1.0,23,4.341272
0.0,36,4.348838
0.0,21,4.353315
0.0,46,4.36309
0.0,5,4.364152
0.0,17,4.367754
0.0,11,4.370123
0.0,10,4.372245
1.0,62,4.385353
0.0,19,4.389397
1.0,27,4.395028
0.0,4,4.395866
1.0,25,4.401111
0.0,28,4.406965
0.0,13,4.409696
0.0,8,4.411388
0.0,11,4.413699
0.0,8,4.415401
1.0,27,4.421122
0.0,41,4.429867
0.0,8,4.431568
1.0,18,4.435386
0.0,10,4.437556
0.0,6,4.438809
0.0,38,4.446933
0.0,77,4.463366
0.0,8,4.465061
0.0,67,4.479237
0.0,27,4.484951
0.0,15,4.488201
0.0,78,4.504885
0.0,90,4.523909
0.0,18,4.527735
0.0,56,4.539725
0.0,13,4.542484
0.0,26,4.547982
0.0,32,4.554794
0.0,18,4.558592
0.0,20,4.56283
0.0,21,4.567291
0.0,12,4.569861
0.0,77,4.586329
0.0,23,4.591244
0.0,87,4.609757
0.0,74,4.625591
0.0,134,4.654341
0.0,62,4.667555
0.0,93,4.687491
0.0,59,4.700016
0.0,181,4.738717
0.0,41,4.747455
0.0,50,4.758141
0.0,22,4.762799
0.0,48,4.773004
1.0,157,4.806484
0.0,54,4.817956
0.0,20,4.822253
0.0,94,4.842289
0.0,48,4.852523
0.0,21,4.856948
0.0,176,4.894633
0.0,23,4.899508
0.0,51,4.910228
1.0,53,4.921494
0.0,74,4.93727
0.0,11,4.939599
0.0,17,4.943159
0.0,32,4.949951
1.0,43,4.95912
1.0,9,4.961013
0.0,102,4.982813
0.0,7,4.984304
0.0,10,4.986473
0.0,71,5.001592
0.0,26,5.007186
0.0,54,5.018484
0.0,3,5.019122
0.0,116,5.043846
1.0,22,5.048465
0.0,23,5.053409
0.0,7,5.054893
0.0,19,5.058915
0.0,22,5.06358
0.0,64,5.077074
0.0,63,5.090508
0.0,52,5.101524
0.0,2,5.101954
0.0,8,5.10364
0.0,4,5.104463
0.0,51,5.115097
0.0,13,5.117844
0.0,40,5.12637
1.0,246,5.179166
0.0,17,5.182735
0.0,47,5.192782
0.0,119,5.218209
0.0,60,5.230987
0.0,12,5.233537
0.0,23,5.238451
0.0,134,5.266918
0.0,54,5.278423
0.0,6,5.279698
0.0,8,5.281386
0.0,18,5.285215
0.0,50,5.295857
0.0,23,5.300737
1.0,57,5.312814
0.0,3,5.313439
1.0,83,5.331066
0.0,26,5.336645
1.0,80,5.353647
0.0,24,5.358698
0.0,73,5.374281
0.0,6,5.375536
1.0,48,5.385647
0.0,57,5.397796
1.0,16,5.401166
0.0,15,5.404411
0.0,4,5.405262
0.0,11,5.407578
0.0,6,5.408836
0.0,15,5.411938
0.0,4,5.412785
0.0,15,5.415975
0.0,16,5.419319
1.0,7,5.420821
0.0,39,5.42899
1.0,19,5.432883
0.0,6,5.43416
0.0,164,5.469179
0.0,47,5.479224
0.0,4,5.480078
0.0,12,5.482632
0.0,130,5.510401
1.0,42,5.519357
0.0,11,5.521716
0.0,19,5.525705
0.0,10,5.527787
0.0,14,5.530743
0.0,8,5.53243
0.0,4,5.533276
0.0,33,5.540347
0.0,21,5.544705
1.0,57,5.556721
1.0,92,5.576271
0.0,17,5.579804
0.0,13,5.582524
0.0,11,5.584864
0.0,6,5.58612
0.0,38,5.594213
0.0,4,5.595041
0.0,5,5.596069
0.0,6,5.59731
0.0,3,5.597932
0.0,18,5.601725
0.0,49,5.612184
0.0,29,5.618161
0.0,57,5.630286
0.0,4,5.63113
1.0,41,5.639809
0.0,14,5.64274
1.0,6,5.643974
0.0,2,5.644384
0.0,15,5.647547
0.0,9,5.649404
0.0,2,5.649818
0.0,13,5.652559
0.0,9,5.654529
0.0,8,5.656175
0.0,46,5.665915
1.0,5,5.666957
1.0,15,5.670096
0.0,7,5.671523
0.0,4,5.672358
0.0,2,5.672767
0.0,106,5.695316
0.0,4,5.696137
1.0,8,5.697821
0.0,6,5.699064
0.0,10,5.701175
0.0,67,5.715297
0.0,87,5.733804
1.0,8,5.735477
0.0,22,5.740144
0.0,18,5.743874
1.0,6,5.745104
0.0,74,5.760829
0.0,77,5.777128
0.0,4,5.777964
0.0,13,5.780695
0.0,3,5.781325
0.0,7,5.782753
0.0,11,5.785083
0.0,64,5.798635
0.0,6,5.799893
1.0,18,5.803647
0.0,20,5.807867
1.0,14,5.81078
0.0,4,5.811599
0.0,6,5.812824
1.0,7,5.814267
0.0,3,5.814904
0.0,2,5.815317
1.0,20,5.819564
0.0,2,5.819993
0.0,4,5.820829
0.0,15,5.823984
1.0,6,5.82522
0.0,23,5.829925
0.0,4,5.830753
0.0,2,5.831162
1.0,29,5.837267
0.0,6,5.838504
1.0,6,5.839744
0.0,3,5.840369
0.0,4,5.8412
0.0,9,5.843022
0.0,2,5.84344
0.0,10,5.845525
0.0,70,5.8604
0.0,5,5.86143
1.0,85,5.879319
1.0,13,5.881961
0.0,27,5.887488
0.0,18,5.891294
0.0,56,5.903099
0.0,24,5.908194
0.0,23,5.913053
0.0,20,5.917272
0.0,61,5.930154
0.0,3,5.930786
0.0,13,5.933541
0.0,10,5.935643
0.0,9,5.937551
1.0,40,5.945872
0.0,9,5.947783
0.0,10,5.949849
1.0,15,5.953011
0.0,10,5.955111
1.0,22,5.95953
0.0,2,5.959964
1.0,19,5.963867
0.0,5,5.9649
0.0,5,5.965939
0.0,4,5.966764
0.0,6,5.967993
0.0,11,5.970276
0.0,11,5.972551
0.0,29,5.978683
0.0,8,5.98036
0.0,7,5.981814
0.0,3,5.982452
0.0,102,6.004037
1.0,103,6.025653
0.0,6,6.026917
0.0,49,6.03736
0.0,104,6.059533
0.0,22,6.0642
0.0,24,6.069305
0.0,56,6.081185
0.0,36,6.088877
0.0,107,6.111688
0.0,11,6.114016
0.0,39,6.122284
1.0,12,6.124803
1.0,93,6.144595
0.0,46,6.15439
0.0,22,6.159037
1.0,42,6.168102
0.0,15,6.171339
0.0,17,6.174868
0.0,6,6.176117
0.0,23,6.180985
0.0,5,6.18204
0.0,14,6.185022
0.0,16,6.188424
0.0,16,6.191789
1.0,79,6.208485
1.0,13,6.211125
0.0,6,6.212362
0.0,20,6.21657
0.0,6,6.217811
0.0,5,6.218837
0.0,12,6.221382
1.0,11,6.22364
1.0,17,6.227067
0.0,4,6.227891
1.0,13,6.23055
0.0,7,6.23198
0.0,12,6.234449
0.0,11,6.236745
0.0,9,6.23859
0.0,9,6.240421
1.0,10,6.242455
0.0,3,6.24308
0.0,5,6.244132
1.0,14,6.246983
0.0,9,6.24885
0.0,6,6.250089
0.0,16,6.25344
0.0,6,6.254701
0.0,4,6.255527
1.0,99,6.276467
1.0,8,6.278121
0.0,6,6.279353
0.0,23,6.28419
0.0,21,6.288692
0.0,5,6.289742
1.0,33,6.296496
0.0,7,6.29792
0.0,3,6.298543
1.0,32,6.305159
0.0,3,6.305804
1.0,29,6.311699
0.0,5,6.312735
0.0,7,6.314172
0.0,6,6.315408
1.0,12,6.317857
0.0,9,6.319745
0.0,11,6.322006
1.0,14,6.324864
0.0,16,6.328239
0.0,7,6.329685
0.0,4,6.330515
1.0,6,6.331739
0.0,14,6.334659
0.0,5,6.335698
0.0,4,6.336585
0.0,2,6.336998
0.0,14,6.339926
0.0,3,6.340558
0.0,16,6.34394
0.0,56,6.355791
1.0,30,6.362077
0.0,11,6.364676
0.0,13,6.367419
0.0,33,6.37444
0.0,13,6.377073
1.0,17,6.380642
0.0,3,6.381268
0.0,12,6.383692
0.0,6,6.384921
0.0,22,6.389598
0.0,3,6.390218
0.0,4,6.39106
1.0,44,6.400367
0.0,93,6.420136
0.0,4,6.421009
0.0,65,6.434835
1.0,35,6.442231
0.0,34,6.449374
0.0,7,6.450813
0.0,11,6.453142
0.0,8,6.454838
1.0,11,6.457117
0.0,14,6.460102
0.0,12,6.462594
0.0,7,6.464057
1.0,22,6.468611
0.0,9,6.470557
0.0,18,6.474328
0.0,4,6.475182
1.0,23,6.480026
1.0,22,6.484598
0.0,8,6.486339
0.0,20,6.490645
1.0,55,6.502072
0.0,3,6.502697
1.0,15,6.505812
1.0,27,6.511303
0.0,14,6.514151
0.0,27,6.519705
0.0,3,6.520343
0.0,9,6.522212
0.0,7,6.523685
0.0,2,6.524109
0.0,60,6.536791
1.0,12,6.539273
0.0,6,6.540529
0.0,4,6.541376
0.0,8,6.543039
0.0,6,6.544287
0.0,5,6.54533
0.0,20,6.549525
0.0,3,6.55016
0.0,4,6.551004
0.0,16,6.55442
1.0,19,6.558355
1.0,36,6.565805
1.0,34,6.572949
0.0,9,6.574847
0.0,30,6.581171
0.0,29,6.587364
1.0,15,6.590406
0.0,72,6.605746
1.0,128,6.632908
0.0,6,6.634163
1.0,32,6.640856
0.0,9,6.642769
0.0,8,6.644443
0.0,4,6.645285
1.0,14,6.648214
0.0,25,6.653502
0.0,51,6.664206
0.0,8,6.665859
0.0,32,6.672556
0.0,11,6.674865
1.0,48,6.684972
1.0,26,6.690512
0.0,12,6.692993
0.0,14,6.69588
1.0,19,6.699793
1.0,18,6.703567
1.0,8,6.705223
1.0,8,6.706897
0.0,3,6.70753
1.0,7,6.709004
0.0,14,6.711848
0.0,51,6.722705
0.0,4,6.72356
0.0,21,6.727974
0.0,3,6.728602
1.0,12,6.731065
0.0,30,6.737372
0.0,11,6.73971
1.0,11,6.74197
0.0,22,6.746637
0.0,16,6.750023
0.0,37,6.757936
0.0,23,6.76282
0.0,7,6.76431
0.0,46,6.774109
0.0,4,6.774962
0.0,4,6.775796
0.0,16,6.779173
1.0,22,6.783756
1.0,38,6.79182
1.0,18,6.795595
1.0,17,6.799033
0.0,62,6.812232
0.0,8,6.813929
1.0,27,6.819555
0.0,6,6.820868
1.0,13,6.823559
0.0,17,6.827117
0.0,5,6.828158
0.0,28,6.83395
0.0,9,6.835832
0.0,3,6.836488
0.0,6,6.837775
0.0,15,6.840949
0.0,7,6.842416
0.0,3,6.843054
0.0,17,6.846644
0.0,49,6.857117
0.0,38,6.865174
0.0,31,6.871683
0.0,6,6.872944
0.0,24,6.878028
0.0,11,6.880354
0.0,23,6.885267
1.0,71,6.900299
0.0,22,6.905026
0.0,70,6.919926
0.0,6,6.921213
1.0,151,6.953225
0.0,2,6.953666
0.0,7,6.955113
1.0,11,6.95735
0.0,13,6.960029
1.0,6,6.96127
0.0,12,6.963702
1.0,17,6.967182
1.0,10,6.969223
1.0,19,6.973152
0.0,4,6.974003
0.0,2,6.974417
0.0,8,6.97608
0.0,64,6.989756
0.0,3,6.990394
1.0,8,6.992025
0.0,8,6.993671
0.0,4,6.994507
0.0,17,6.998056
0.0,2,6.998462
1.0,10,7.000509
0.0,21,7.004947
0.0,27,7.010574
0.0,5,7.011615
0.0,3,7.012241
1.0,91,7.031478
1.0,47,7.041217
1.0,11,7.04351
0.0,10,7.045582
0.0,3,7.046223
0.0,13,7.048916
0.0,153,7.081346
0.0,13,7.084048
0.0,27,7.089842
0.0,99,7.110939
0.0,53,7.122229
0.0,38,7.130194
0.0,179,7.168248
0.0,25,7.173633
0.0,5,7.174685
0.0,2,7.175102
0.0,58,7.187424
0.0,45,7.196976
1.0,105,7.219323
0.0,32,7.226177
0.0,8,7.227867
0.0,80,7.245045
0.0,39,7.253372
1.0,39,7.261583
0.0,71,7.276714
0.0,65,7.290594
1.0,67,7.30482
1.0,17,7.308359
0.0,8,7.310019
0.0,20,7.314211
0.0,22,7.318893
1.0,118,7.343933
0.0,21,7.348402
0.0,41,7.357164
0.0,53,7.368445
0.0,3,7.36907
0.0,56,7.380983
0.0,24,7.386061
1.0,49,7.396501
0.0,41,7.405263
1.0,34,7.412463
0.0,24,7.417518
0.0,95,7.437778
0.0,18,7.441523
0.0,3,7.44216
0.0,11,7.444474
0.0,6,7.445739
0.0,6,7.44701
0.0,38,7.455087
0.0,114,7.479335
0.0,48,7.489553
0.0,9,7.491472
1.0,39,7.499654
1.0,18,7.50349
0.0,25,7.508809
0.0,5,7.509862
1.0,38,7.517802
0.0,19,7.521828
0.0,8,7.523525
0.0,3,7.524162
0.0,14,7.527142
0.0,74,7.542806
0.0,29,7.548945
0.0,65,7.562862
0.0,31,7.56941
0.0,25,7.574704
0.0,37,7.582565
0.0,3,7.583197
0.0,5,7.584224
0.0,3,7.584848
0.0,2,7.585278
0.0,111,7.608923
1.0,30,7.615238
1.0,104,7.637332
0.0,3,7.637979
0.0,43,7.647165
0.0,9,7.649026
0.0,6,7.650287
0.0,61,7.663296
0.0,18,7.66705
0.0,13,7.669798
0.0,2,7.670212
0.0,16,7.673626
0.0,44,7.682946
1.0,137,7.712246
0.0,47,7.722271
0.0,12,7.724809
0.0,16,7.728187
0.0,30,7.734571
0.0,26,7.740163
0.0,59,7.75274
0.0,83,7.770502
0.0,94,7.790556
0.0,58,7.802951
0.0,36,7.810617
0.0,112,7.834493
1.0,149,7.866286
0.0,7,7.867756
0.0,58,7.880124
0.0,6,7.881388
0.0,27,7.88713
0.0,35,7.894545
1.0,37,7.902349
0.0,5,7.90344
0.0,64,7.916876
0.0,99,7.938063
0.0,6,7.93932
0.0,55,7.951
0.0,34,7.958265
0.0,3,7.9589
0.0,6,7.960138
0.0,4,7.960979
1.0,37,7.968773
0.0,20,7.973029
1.0,96,7.993426
0.0,26,7.998893
1.0,16,8.002265
0.0,4,8.00313
1.0,91,8.022166
0.0,4,8.022989
0.0,2,8.023409
0.0,15,8.026569
0.0,2,8.026987
0.0,71,8.042145
0.0,66,8.056199
0.0,22,8.060865
0.0,25,8.066151
0.0,14,8.069149
0.0,37,8.077041
0.0,28,8.08298
0.0,96,8.103483
0.0,45,8.113008
0.0,98,8.133917
0.0,112,8.15766
0.0,12,8.160214
1.0,44,8.169523
0.0,40,8.178372
0.0,27,8.184105
0.0,148,8.215663
0.0,18,8.219506
0.0,21,8.223969
0.0,10,8.226074
0.0,143,8.256589
0.0,11,8.258892
0.0,113,8.282993
1.0,80,8.300057
0.0,45,8.309647
0.0,9,8.311539
0.0,132,8.33982
0.0,30,8.346128
1.0,138,8.37561
0.0,22,8.380286
0.0,11,8.382598
0.0,21,8.387073
0.0,21,8.391534
0.0,3,8.392169
0.0,4,8.393015
0.0,23,8.397873
0.0,52,8.408917
0.0,5,8.409968
0.0,16,8.413356
0.0,113,8.437427
0.0,26,8.442958
0.0,17,8.446555
0.0,41,8.455305
0.0,230,8.504593
1.0,64,8.518094
0.0,35,8.525637
0.0,164,8.560608
1.0,57,8.572718
0.0,8,8.574367
0.0,10,8.576453
0.0,147,8.607962
0.0,188,8.648091
0.0,30,8.654532
0.0,18,8.658322
0.0,6,8.659559
0.0,15,8.662715
1.0,10,8.664773
1.0,101,8.686267
0.0,3,8.686925
0.0,14,8.689798
0.0,10,8.691872
0.0,18,8.695635
0.0,12,8.698154
0.0,17,8.701799
0.0,4,8.70264
0.0,15,8.70584
0.0,13,8.708484
0.0,23,8.713175
0.0,6,8.714413
0.0,4,8.715233
1.0,22,8.719665
0.0,11,8.721951
0.0,3,8.722582
0.0,4,8.723413
0.0,21,8.727801
1.0,29,8.733921
1.0,34,8.741079
1.0,9,8.742928
0.0,3,8.743562
0.0,25,8.74886
1.0,10,8.750908
0.0,2,8.751324
0.0,19,8.755403
0.0,2,8.755817
0.0,18,8.759637
0.0,143,8.790094
1.0,26,8.795513
0.0,4,8.79634
0.0,27,8.801962
0.0,6,8.803218
0.0,17,8.806745
1.0,61,8.819553
0.0,3,8.820228
0.0,7,8.82172
0.0,4,8.822545
0.0,2,8.822959
0.0,12,8.82543
0.0,5,8.826464
0.0,15,8.829563
0.0,9,8.831422
0.0,7,8.832895
1.0,6,8.834144
0.0,4,8.834984
0.0,4,8.835831
0.0,5,8.836903
0.0,2,8.837321
0.0,41,8.846009
0.0,16,8.849339
1.0,21,8.853732
1.0,13,8.856403
0.0,12,8.858885
1.0,22,8.863367
1.0,13,8.866017
1.0,15,8.869046
1.0,9,8.870917
0.0,2,8.871349
0.0,5,8.872403
1.0,8,8.874029
0.0,61,8.887036
1.0,12,8.889471
0.0,11,8.891726
0.0,2,8.89214
0.0,6,8.893366
1.0,5,8.894416
1.0,28,8.900155
0.0,12,8.902618
1.0,9,8.90453
0.0,2,8.904947
0.0,22,8.90958
0.0,9,8.911469
0.0,6,8.912712
0.0,6,8.913953
0.0,21,8.918274
0.0,34,8.925438
0.0,3,8.926075
0.0,10,8.928139
0.0,12,8.930655
1.0,22,8.935171
0.0,7,8.936621
0.0,16,8.940008
0.0,6,8.941236
0.0,4,8.942065
1.0,181,8.980506
0.0,5,8.981544
0.0,12,8.984013
0.0,58,8.99631
0.0,2,8.996735
1.0,114,9.020908
0.0,41,9.029638
0.0,4,9.030489
1.0,67,9.044662
0.0,35,9.051988
0.0,5,9.053035
1.0,16,9.05636
0.0,27,9.062067
0.0,11,9.064319
0.0,42,9.073251
0.0,7,9.074681
0.0,10,9.076767
1.0,15,9.079792
1.0,54,9.091096
0.0,9,9.093
1.0,44,9.10231
0.0,10,9.104423
0.0,23,9.109302
0.0,16,9.112698
0.0,5,9.113742
0.0,3,9.114367
1.0,13,9.11704
0.0,5,9.118075
0.0,6,9.119344
0.0,7,9.120775
0.0,48,9.130978
0.0,4,9.131818
1.0,50,9.142293
0.0,21,9.146667
1.0,77,9.162637
0.0,5,9.163706
0.0,8,9.165326
0.0,36,9.172782
0.0,32,9.179939
0.0,17,9.183542
0.0,16,9.186933
0.0,12,9.189478
0.0,30,9.195834
0.0,9,9.197652
0.0,14,9.200607
0.0,7,9.202031
0.0,4,9.202868
1.0,46,9.212591
0.0,14,9.215521
1.0,20,9.219535
1.0,11,9.221771
0.0,5,9.222797
0.0,6,9.224028
0.0,8,9.225654
0.0,8,9.227284
0.0,10,9.229341
0.0,7,9.230781
0.0,3,9.231408
1.0,9,9.23324
0.0,2,9.233654
1.0,11,9.235917
0.0,2,9.236332
1.0,19,9.240332
1.0,17,9.243788
1.0,7,9.24522
0.0,9,9.24706
0.0,6,9.248293
0.0,4,9.249138
0.0,7,9.250605
0.0,41,9.259227
0.0,24,9.264263
0.0,18,9.26807
0.0,8,9.269753
0.0,46,9.279497
1.0,66,9.293361
0.0,9,9.295216
0.0,17,9.298778
0.0,4,9.299616
0.0,25,9.304896
1.0,14,9.307715
0.0,4,9.308544
0.0,4,9.30937
1.0,7,9.310812
1.0,9,9.312651
1.0,25,9.317738
0.0,4,9.318572
0.0,9,9.3204
0.0,2,9.320816
0.0,14,9.323741
0.0,12,9.326179
0.0,9,9.328017
1.0,18,9.331655
0.0,3,9.33228
1.0,13,9.33496
0.0,6,9.336218
0.0,4,9.337044
1.0,27,9.342709
1.0,6,9.343934
0.0,3,9.344564
0.0,3,9.345194
0.0,4,9.346014
0.0,71,9.361007
0.0,2,9.361422
0.0,23,9.366292
0.0,145,9.397103
0.0,23,9.401997
0.0,2,9.402423
0.0,12,9.404976
0.0,13,9.407742
0.0,15,9.410917
0.0,20,9.415161
0.0,10,9.417275
0.0,51,9.428079
0.0,46,9.437856
0.0,15,9.441027
0.0,54,9.452432
1.0,5,9.453466
0.0,16,9.456766
0.0,3,9.457392
1.0,7,9.458824
0.0,7,9.460282
0.0,9,9.462188
0.0,9,9.464061
0.0,37,9.471685
0.0,166,9.506885
0.0,9,9.508725
1.0,78,9.525271
0.0,15,9.528446
0.0,8,9.530127
0.0,5,9.531163
0.0,8,9.532804
0.0,2,9.533213
0.0,5,9.534252
0.0,23,9.539132
1.0,5,9.540173
0.0,2,9.540595
0.0,4,9.541437
1.0,48,9.551513
0.0,7,9.552975
1.0,16,9.556262
0.0,27,9.561822
0.0,3,9.562451
0.0,5,9.56351
0.0,15,9.566655
1.0,17,9.570189
0.0,41,9.578899
0.0,4,9.579753
0.0,6,9.581012
0.0,7,9.582489
1.0,6,9.583744
0.0,18,9.587472
0.0,7,9.588934
0.0,5,9.589987
0.0,9,9.591833
0.0,6,9.593077
0.0,8,9.594753
0.0,8,9.596392
0.0,12,9.598887
0.0,7,9.60036
0.0,53,9.6116
0.0,48,9.621797
0.0,12,9.624336
0.0,20,9.628555
0.0,20,9.632764
1.0,11,9.635076
1.0,38,9.643047
1.0,31,9.64958
0.0,40,9.657962
0.0,12,9.66049
0.0,84,9.678311
1.0,54,9.689638
0.0,41,9.698228
0.0,70,9.713032
0.0,13,9.715784
0.0,115,9.7402
1.0,23,9.744971
0.0,8,9.746661
0.0,66,9.760689
1.0,20,9.764885
0.0,45,9.774443
0.0,157,9.807837
1.0,34,9.814997
0.0,7,9.816461
0.0,8,9.818141
0.0,5,9.819182
0.0,16,9.822463
0.0,15,9.825589
0.0,3,9.826218
0.0,6,9.827496
0.0,13,9.830199
0.0,107,9.853001
0.0,170,9.889122
0.0,34,9.896326
0.0,133,9.924588
0.0,9,9.926496
0.0,14,9.929432
0.0,34,9.936619
1.0,12,9.93908
0.0,14,9.94192
0.0,6,9.943157
1.0,10,9.945196
0.0,14,9.948061
0.0,5,9.949098
0.0,4,9.949938
0.0,9,9.951781
1.0,12,9.954214
0.0,13,9.956826
0.0,2,9.95724
1.0,8,9.958884
1.0,17,9.96233
1.0,9,9.964162
1.0,13,9.966834
0.0,9,9.968657
0.0,4,9.969487
1.0,6,9.970738
0.0,7,9.9722
0.0,8,9.973858
0.0,14,9.976734
0.0,4,9.977563
0.0,6,9.978806
0.0,5,9.979836
1.0,37,9.987548
1.0,20,9.991576
1.0,8,9.993216
0.0,2,9.993637
0.0,21,9.998
0.0,2,9.998414
0.0,13,10.001185
0.0,3,10.001815
0.0,3,10.002448
0.0,2,10.002861
0.0,3,10.003502
1.0,11,10.005791
1.0,24,10.010726
0.0,2,10.01115
0.0,14,10.014121
0.0,10,10.016212
0.0,27,10.021776
0.0,4,10.022619
0.0,6,10.02388
0.0,44,10.033212
1.0,18,10.036917
0.0,9,10.038787
0.0,21,10.043027
0.0,3,10.043669
1.0,43,10.052786
0.0,3,10.053416
0.0,6,10.054647
1.0,43,10.063667
0.0,16,10.066946
0.0,2,10.06736
0.0,12,10.069851
0.0,2,10.070269
0.0,30,10.076569
0.0,14,10.079468
0.0,9,10.081371
0.0,4,10.082198
0.0,12,10.084674
1.0,14,10.087501
1.0,16,10.090745
0.0,7,10.092199
1.0,13,10.094838
0.0,12,10.097315
0.0,2,10.097732
0.0,6,10.098999
1.0,31,10.105452
1.0,7,10.106876
0.0,2,10.107297
1.0,34,10.114358
0.0,8,10.116
0.0,8,10.117642
0.0,3,10.11827
0.0,6,10.119497
0.0,42,10.128195
0.0,14,10.131121
0.0,11,10.133436
1.0,16,10.136725
0.0,2,10.137145
0.0,17,10.140724
1.0,19,10.144601
0.0,12,10.147037
0.0,7,10.148452
0.0,3,10.149079
1.0,8,10.150713
1.0,6,10.151942
0.0,7,10.153369
0.0,2,10.153789
0.0,5,10.154852
0.0,2,10.155264
0.0,77,10.171566
0.0,26,10.177055
0.0,20,10.181244
1.0,21,10.185604
0.0,3,10.186237
0.0,7,10.187691
0.0,7,10.189118
0.0,2,10.189529
1.0,25,10.194678
0.0,2,10.195091
0.0,2,10.195514
0.0,14,10.198475
0.0,26,10.203963
1.0,16,10.207209
0.0,5,10.208236
0.0,4,10.209081
0.0,9,10.210937
0.0,53,10.222168
0.0,4,10.222987
0.0,6,10.224247
0.0,2,10.224662
0.0,8,10.226296
0.0,4,10.22712
0.0,4,10.22795
1.0,135,10.256548
0.0,13,10.259303
1.0,7,10.260735
0.0,37,10.268557
0.0,10,10.270594
0.0,15,10.273732
0.0,12,10.276185
0.0,8,10.277829
0.0,4,10.278673
0.0,14,10.281646
0.0,5,10.282692
0.0,34,10.289828
0.0,22,10.29442
0.0,4,10.29526
0.0,16,10.298556
1.0,21,10.302839
0.0,5,10.303889
0.0,5,10.304943
0.0,10,10.307006
0.0,41,10.315596
0.0,22,10.320073
1.0,41,10.328609
0.0,69,10.343238
0.0,11,10.345526
0.0,11,10.347762
0.0,2,10.348177
0.0,7,10.349659
0.0,12,10.352149
0.0,4,10.352972
0.0,14,10.355882
0.0,5,10.356909
0.0,5,10.357944
0.0,2,10.35836
1.0,73,10.373808
0.0,53,10.38489
0.0,50,10.395496
0.0,13,10.398246
0.0,14,10.401099
0.0,6,10.402323
0.0,12,10.404793
0.0,7,10.406256
0.0,4,10.407074
0.0,23,10.411858
0.0,2,10.412281
0.0,30,10.418651
0.0,18,10.422446
0.0,4,10.423295
0.0,17,10.42689
0.0,9,10.42878
0.0,75,10.44464
0.0,16,10.448041
0.0,5,10.44909
0.0,14,10.452056
0.0,61,10.464977
1.0,79,10.481699
0.0,27,10.487378
0.0,63,10.500676
0.0,32,10.507449
0.0,3,10.508085
0.0,7,10.509564
0.0,16,10.512951
0.0,9,10.514859
0.0,71,10.52989
0.0,19,10.533925
0.0,112,10.5576
0.0,30,10.563937
1.0,38,10.571914
0.0,49,10.582335
0.0,25,10.587786
0.0,39,10.596058
0.0,42,10.604964
0.0,14,10.607939
0.0,95,10.62816
1.0,64,10.641835
0.0,80,10.658981
1.0,99,10.679911
0.0,35,10.687347
0.0,61,10.700326
0.0,21,10.704821
1.0,72,10.720052
0.0,43,10.729176
0.0,9,10.73109
0.0,7,10.732574
0.0,74,10.748295
1.0,42,10.757066
0.0,44,10.766396
0.0,13,10.76913
0.0,13,10.771855
1.0,24,10.776846
0.0,48,10.786899
0.0,8,10.788582
0.0,4,10.789422
0.0,54,10.800879
0.0,5,10.801942
0.0,28,10.807897
0.0,19,10.811869
0.0,53,10.823096
0.0,20,10.827362
0.0,36,10.834988
1.0,7,10.836442
1.0,161,10.870624
0.0,4,10.871467
1.0,6,10.872724
0.0,9,10.874587
0.0,6,10.875825
0.0,14,10.878794
0.0,4,10.879644
0.0,8,10.881339
0.0,22,10.886007
0.0,2,10.886434
0.0,58,10.898759
0.0,9,10.900623
0.0,7,10.902097
0.0,28,10.908053
1.0,27,10.913714
0.0,7,10.915193
0.0,52,10.926263
0.0,8,10.927965
0.0,10,10.93007
0.0,7,10.931527
0.0,62,10.944666
0.0,21,10.94913
0.0,45,10.958734
1.0,55,10.970384
0.0,28,10.976324
0.0,20,10.980567
0.0,6,10.981814
0.0,48,10.99196
0.0,18,10.995777
0.0,15,10.998956
1.0,13,11.00165
0.0,74,11.017358
1.0,35,11.024786
0.0,31,11.031256
0.0,12,11.033722
0.0,9,11.035606
0.0,21,11.04007
0.0,12,11.042609
0.0,37,11.050432
0.0,78,11.066974
0.0,11,11.069236
0.0,22,11.073903
0.0,8,11.075543
0.0,2,11.075953
0.0,40,11.084435
0.0,6,11.085674
0.0,2,11.086087
0.0,13,11.088763
0.0,7,11.090242
1.0,16,11.093536
0.0,10,11.095597
0.0,15,11.098692
0.0,25,11.103997
1.0,10,11.106062
1.0,16,11.109351
0.0,3,11.109984
1.0,8,11.111627
0.0,4,11.112458
0.0,5,11.113487
1.0,22,11.118036
0.0,12,11.120506
0.0,4,11.121346
1.0,13,11.124028
1.0,12,11.126473
0.0,10,11.128504
1.0,21,11.13278
0.0,6,11.134015
0.0,6,11.135245
0.0,31,11.141813
0.0,3,11.142443
0.0,8,11.144089
0.0,5,11.145126
0.0,14,11.147986
0.0,7,11.149438
0.0,11,11.151689
1.0,29,11.157767
0.0,12,11.16025
0.0,7,11.161689
0.0,5,11.162729
0.0,40,11.171214
0.0,23,11.176083
0.0,8,11.177713
0.0,6,11.178963
0.0,4,11.179789
0.0,22,11.184716
0.0,57,11.196743
0.0,11,11.199049
0.0,72,11.214122
0.0,2,11.214535
0.0,16,11.21781
0.0,20,11.22195
1.0,14,11.224767
0.0,5,11.225792
0.0,2,11.226206
0.0,12,11.228671
0.0,12,11.231091
0.0,9,11.23292
1.0,11,11.235169
0.0,4,11.235998
1.0,10,11.238028
0.0,12,11.240511
0.0,34,11.247704
1.0,9,11.249529
0.0,5,11.250557
1.0,7,11.252004
0.0,2,11.252415
0.0,88,11.270873
0.0,5,11.271906
0.0,64,11.285347
0.0,41,11.294032
0.0,69,11.308649
1.0,25,11.313956
0.0,11,11.316258
0.0,13,11.319002
0.0,45,11.328507
0.0,6,11.329751
1.0,57,11.34177
1.0,53,11.352948
0.0,24,11.357885
0.0,7,11.35933
1.0,50,11.369853
0.0,7,11.371328
0.0,2,11.371738
1.0,24,11.376754
0.0,2,11.377175
0.0,25,11.382444
0.0,12,11.384882
0.0,9,11.386733
1.0,23,11.391408
0.0,5,11.392434
0.0,4,11.393262
0.0,13,11.395882
0.0,6,11.397122
0.0,33,11.404113
0.0,47,11.414043
0.0,11,11.416306
1.0,15,11.419459
0.0,14,11.422367
1.0,24,11.427275
0.0,14,11.430126
0.0,2,11.430547
0.0,23,11.435407
0.0,32,11.442009
1.0,17,11.445445
0.0,7,11.446873
0.0,11,11.449148
1.0,7,11.45059
0.0,12,11.453065
0.0,8,11.454698
0.0,8,11.456362
0.0,17,11.459906
0.0,2,11.460314
1.0,26,11.465829
1.0,18,11.469528
1.0,19,11.473415
0.0,13,11.47612
0.0,4,11.476948
0.0,6,11.478217
0.0,3,11.478853
0.0,35,11.486277
0.0,13,11.489001
1.0,8,11.49062
1.0,8,11.492265
0.0,6,11.493508
0.0,3,11.494136
0.0,16,11.497416
0.0,46,11.507083
0.0,13,11.509715
0.0,10,11.511748
0.0,4,11.512586
1.0,9,11.514432
0.0,7,11.515851
0.0,6,11.517094
0.0,2,11.517507
0.0,31,11.524071
0.0,2,11.524484
0.0,61,11.537347
0.0,25,11.542625
0.0,15,11.545804
0.0,110,11.568945
1.0,21,11.573189
0.0,14,11.576035
1.0,7,11.577474
0.0,9,11.579293
1.0,16,11.582572
0.0,5,11.583603
1.0,12,11.586015
0.0,8,11.587638
1.0,18,11.591315
0.0,11,11.593557
0.0,9,11.5954
0.0,5,11.596429
0.0,7,11.597862
0.0,10,11.599918
0.0,6,11.601183
0.0,6,11.602409
0.0,10,11.604468
0.0,2,11.604877
1.0,12,11.607342
0.0,2,11.607759
0.0,22,11.612268
0.0,14,11.615178
0.0,2,11.615613
0.0,8,11.61727
1.0,16,11.62052
0.0,2,11.620938
0.0,9,11.622773
0.0,2,11.623199
0.0,2,11.623624
1.0,10,11.625703
1.0,17,11.629205
0.0,3,11.629853
0.0,4,11.630679
0.0,7,11.632105
1.0,16,11.635438
1.0,19,11.639323
0.0,21,11.643591
0.0,16,11.646887
0.0,10,11.648994
0.0,13,11.651673
0.0,6,11.652934
0.0,2,11.653347
0.0,55,11.664972
0.0,60,11.677631
1.0,33,11.684497
1.0,4,11.685328
1.0,11,11.687557
0.0,4,11.688384
0.0,2,11.6888
0.0,5,11.689854
0.0,26,11.695317
0.0,4,11.696141
0.0,14,11.699065
0.0,15,11.702177
0.0,59,11.714668
0.0,14,11.717621
1.0,28,11.723472
0.0,7,11.724898
0.0,19,11.728858
0.0,6,11.730093
0.0,76,11.745979
0.0,4,11.746812
0.0,116,11.774449
0.0,163,11.809196
0.0,29,11.815249
1.0,8,11.816888
0.0,16,11.820167
0.0,2,11.820586
0.0,2,11.821009
0.0,25,11.826332
0.0,14,11.829244
0.0,3,11.829885
0.0,51,11.840696
0.0,133,11.868873
0.0,13,11.871609
1.0,20,11.875681
0.0,4,11.876522
0.0,3,11.877149
0.0,8,11.878799
0.0,5,11.879862
0.0,16,11.883209
1.0,18,11.886947
0.0,3,11.887571
0.0,15,11.890752
1.0,32,11.897507
0.0,37,11.905268
1.0,50,11.915844
0.0,7,11.91732
0.0,12,11.919808
1.0,26,11.925211
0.0,5,11.926251
0.0,5,11.927281
0.0,10,11.929325
0.0,3,11.929954
1.0,37,11.937731
0.0,5,11.938761
0.0,15,11.941862
0.0,20,11.945982
0.0,2,11.946398
0.0,12,11.948923
0.0,23,11.953761
0.0,9,11.955629
0.0,21,11.96005
0.0,8,11.961705
0.0,8,11.963357
0.0,68,11.977744
0.0,27,11.983362
1.0,23,11.988124
0.0,12,11.990582
0.0,5,11.991614
0.0,24,11.996634
0.0,117,12.021464
0.0,139,12.050952
1.0,32,12.05762
0.0,3,12.058246
0.0,19,12.062138
0.0,10,12.064192
0.0,26,12.069563
0.0,47,12.079466
0.0,2,12.079888
0.0,3,12.080524
0.0,10,12.082605
1.0,13,12.085241
0.0,4,12.086074
0.0,8,12.087725
1.0,13,12.090419
0.0,2,12.090836
1.0,21,12.095161
0.0,13,12.097838
1.0,9,12.099693
0.0,14,12.102548
0.0,2,12.102983
0.0,150,12.134774
0.0,77,12.151154
0.0,3,12.151794
0.0,20,12.156039
1.0,130,12.183676
0.0,9,12.185549
0.0,3,12.186169
0.0,83,12.204018
0.0,3,12.204658
0.0,26,12.21021
0.0,15,12.213325
0.0,5,12.214381
0.0,20,12.218572
0.0,3,12.219197
1.0,8,12.220817
1.0,13,12.223502
0.0,11,12.225768
0.0,12,12.228299
0.0,19,12.232285
0.0,5,12.233328
0.0,19,12.2373
0.0,8,12.238996
0.0,7,12.240456
0.0,4,12.241285
0.0,8,12.242971
0.0,9,12.244837
0.0,24,12.249924
0.0,4,12.250762
1.0,21,12.255138
0.0,18,12.2589
1.0,7,12.260364
0.0,5,12.261387
0.0,2,12.261802
0.0,14,12.264736
0.0,2,12.265154
0.0,103,12.286949
0.0,12,12.289468
0.0,3,12.290093
0.0,6,12.291321
0.0,2,12.291732
0.0,10,12.293817
0.0,15,12.296917
1.0,7,12.298358
0.0,2,12.29878
0.0,24,12.303793
0.0,6,12.305049
0.0,6,12.306276
0.0,4,12.30711
0.0,3,12.307749
0.0,9,12.309576
0.0,4,12.310414
1.0,18,12.314055
1.0,15,12.317074
1.0,8,12.318696
0.0,6,12.319938
0.0,6,12.321169
0.0,3,12.321793
0.0,11,12.32404
0.0,15,12.327097
0.0,10,12.32919
0.0,41,12.337859
0.0,28,12.343768
0.0,25,12.348955
0.0,5,12.349991
0.0,9,12.351857
1.0,21,12.356183
0.0,14,12.359093
0.0,3,12.359732
0.0,6,12.360975
0.0,38,12.368955
0.0,20,12.373136
0.0,21,12.377589
0.0,13,12.380317
0.0,8,12.381977
0.0,7,12.383461
0.0,14,12.386414
0.0,85,12.404385
0.0,12,12.406937
0.0,3,12.407573
0.0,107,12.430165
0.0,58,12.44245
1.0,132,12.47032
0.0,7,12.471781
0.0,4,12.472624
0.0,12,12.475077
0.0,4,12.475916
0.0,231,12.524779
0.0,46,12.534535
0.0,85,12.552554
1.0,149,12.584221
0.0,41,12.592796
1.0,25,12.597928
0.0,2,12.598342
0.0,209,12.642686
0.0,20,12.646917
1.0,21,12.651193
0.0,32,12.657981
0.0,15,12.661034
1.0,8,12.662663
0.0,15,12.665734
0.0,3,12.666367
0.0,4,12.667194
0.0,15,12.670381
0.0,9,12.672259
1.0,16,12.675499
1.0,18,12.679144
0.0,7,12.680566
1.0,8,12.682203
0.0,2,12.682626
0.0,7,12.684113
0.0,5,12.685146
1.0,11,12.6874
0.0,6,12.688646
0.0,2,12.689062
0.0,5,12.690171
0.0,6,12.691436
0.0,22,12.696017
0.0,10,12.698118
0.0,3,12.698755
0.0,5,12.699781
1.0,58,12.71186
0.0,2,12.712285
0.0,17,12.715888
0.0,2,12.716303
0.0,18,12.720107
0.0,10,12.722197
0.0,43,12.731346
0.0,7,12.732798
0.0,6,12.734051
1.0,40,12.742389
0.0,7,12.743833
0.0,2,12.744252
0.0,23,12.749092
0.0,102,12.770749
0.0,2,12.771165
0.0,4,12.772016
1.0,112,12.795798
1.0,22,12.800386
0.0,3,12.801024
0.0,32,12.80781
0.0,5,12.808849
0.0,14,12.811763
0.0,22,12.816403
0.0,3,12.817025
1.0,57,12.8291
0.0,12,12.831611
0.0,6,12.832882
0.0,5,12.833938
0.0,23,12.838787
0.0,10,12.840902
1.0,10,12.842957
0.0,3,12.843593
1.0,10,12.845622
1.0,26,12.850834
0.0,14,12.853715
0.0,10,12.85577
0.0,4,12.856603
0.0,3,12.857223
0.0,2,12.857637
0.0,6,12.858891
0.0,14,12.861757
0.0,38,12.869745
0.0,30,12.87607
0.0,9,12.877944
0.0,7,12.879414
0.0,18,12.883204
0.0,10,12.885321
0.0,2,12.885737
0.0,4,12.886587
0.0,39,12.894812
0.0,14,12.89777
0.0,83,12.915411
0.0,10,12.91749
0.0,72,12.932726
0.0,45,12.942271
1.0,17,12.945752
0.0,4,12.946588
0.0,4,12.947429
0.0,3,12.948056
1.0,5,12.949086
0.0,2,12.949503
0.0,10,12.95162
1.0,14,12.9545
0.0,3,12.955127
0.0,2,12.955543
0.0,13,12.958277
0.0,10,12.960343
1.0,35,12.967583
0.0,9,12.969445
0.0,2,12.969858
0.0,2,12.97028
1.0,20,12.974405
0.0,2,12.974824
1.0,12,12.977255
0.0,4,12.978094
0.0,5,12.979128
0.0,19,12.983032
0.0,6,12.984276
0.0,4,12.985105
0.0,4,12.985942
1.0,10,12.988015
0.0,3,12.988643
0.0,4,12.989486
1.0,45,12.999016
0.0,2,12.999444
0.0,51,13.010195
0.0,6,13.011443
0.0,4,13.012291
0.0,3,13.012913
0.0,14,13.015872
0.0,19,13.019828
0.0,8,13.021475
0.0,20,13.025694
1.0,35,13.033066
0.0,25,13.038329
0.0,37,13.046149
0.0,4,13.046989
0.0,57,13.05904
1.0,33,13.066026
0.0,4,13.06685
0.0,6,13.068072
0.0,2,13.068486
0.0,12,13.071043
0.0,65,13.08477
1.0,69,13.099238
0.0,7,13.100681
0.0,14,13.103568
1.0,19,13.107554
0.0,3,13.108197
0.0,59,13.120716
0.0,32,13.127472
0.0,42,13.136382
0.0,55,13.148009
1.0,86,13.166057
0.0,53,13.177213
0.0,16,13.180455
0.0,4,13.181284
0.0,27,13.187014
0.0,18,13.190666
0.0,8,13.192449
1.0,13,13.195352
0.0,8,13.197009
0.0,9,13.198894
0.0,14,13.20179
0.0,6,13.203051
0.0,57,13.215132
0.0,23,13.21998
0.0,4,13.220827
0.0,30,13.227174
0.0,73,13.242642
0.0,6,13.243877
0.0,3,13.244502
0.0,2,13.244917
1.0,47,13.254801
0.0,161,13.288889
1.0,11,13.29119
0.0,9,13.293024
0.0,5,13.294086
0.0,3,13.294721
0.0,34,13.301881
0.0,3,13.302508
0.0,14,13.305446
0.0,53,13.316685
1.0,14,13.319586
1.0,11,13.321819
0.0,6,13.323056
0.0,2,13.323472
0.0,3,13.324112
0.0,19,13.3281
0.0,44,13.337472
0.0,62,13.350671
0.0,65,13.364503
0.0,25,13.369787
0.0,37,13.377645
1.0,58,13.389887
0.0,6,13.391124
0.0,5,13.392178
0.0,12,13.394672
0.0,22,13.399166
0.0,3,13.399799
0.0,5,13.400826
0.0,26,13.406272
1.0,65,13.419997
0.0,3,13.420621
0.0,14,13.423572
0.0,34,13.430728
1.0,12,13.433215
0.0,4,13.434054
0.0,6,13.435281
0.0,115,13.459718
0.0,89,13.478625
0.0,19,13.482634
0.0,9,13.484509
0.0,41,13.493204
1.0,8,13.494879
0.0,21,13.49933
0.0,3,13.499966
1.0,30,13.506293
0.0,3,13.506919
0.0,56,13.518749
1.0,93,13.538381
0.0,9,13.540261
0.0,11,13.542474
0.0,3,13.543102
0.0,8,13.544751
0.0,21,13.549174
0.0,44,13.558497
0.0,30,13.564838
0.0,29,13.570977
0.0,48,13.581175
0.0,29,13.587338
0.0,4,13.588188
0.0,3,13.588827
1.0,44,13.598119
0.0,60,13.610873
1.0,26,13.616262
0.0,9,13.618129
0.0,4,13.618959
0.0,3,13.619586
0.0,11,13.621876
1.0,17,13.625389
0.0,11,13.627711
0.0,5,13.628751
0.0,5,13.629804
0.0,5,13.630863
1.0,24,13.635852
0.0,3,13.636478
1.0,28,13.642392
0.0,8,13.64405
0.0,4,13.644895
0.0,7,13.646346
0.0,15,13.649457
0.0,2,13.649892
0.0,38,13.657902
0.0,9,13.659789
0.0,5,13.660851
0.0,40,13.669323
0.0,5,13.670374
0.0,110,13.693685
0.0,3,13.694325
0.0,41,13.703051
1.0,10,13.705139
0.0,64,13.718689
0.0,27,13.724469
0.0,16,13.727851
0.0,75,13.743826
1.0,55,13.755444
0.0,3,13.756068
0.0,31,13.762614
0.0,20,13.76686
0.0,4,13.767693
0.0,161,13.801991
0.0,33,13.809015
0.0,4,13.809858
0.0,78,13.82651
0.0,49,13.836863
0.0,6,13.838125
0.0,86,13.856415
0.0,57,13.868474
0.0,32,13.875263
0.0,55,13.887005
0.0,35,13.894454
1.0,85,13.912473
1.0,66,13.926418
0.0,21,13.930803
0.0,6,13.932034
0.0,33,13.938935
0.0,5,13.939982
0.0,2,13.940397
0.0,8,13.942071
0.0,3,13.942707
1.0,7,13.944155
0.0,4,13.944989
0.0,18,13.94878
0.0,13,13.951428
0.0,19,13.955425
0.0,7,13.956905
0.0,8,13.958576
0.0,2,13.958992
0.0,10,13.961039
0.0,4,13.961876
1.0,15,13.965012
0.0,6,13.966242
0.0,4,13.967068
1.0,19,13.97092
0.0,4,13.971749
0.0,12,13.974212
1.0,8,13.975837
0.0,2,13.976251
0.0,8,13.977887
0.0,6,13.979115
0.0,6,13.980351
0.0,10,13.982436
0.0,25,13.987743
0.0,3,13.98838
0.0,5,13.989414
0.0,40,13.997866
0.0,25,14.003069
0.0,27,14.008782
0.0,76,14.024902
0.0,32,14.031707
0.0,21,14.036094
0.0,6,14.037326
0.0,3,14.037958
0.0,2,14.038367
0.0,8,14.040027
0.0,8,14.041697
0.0,30,14.047991
0.0,38,14.056088
0.0,4,14.056922
0.0,44,14.066213
0.0,73,14.081588
0.0,24,14.086597
0.0,9,14.088481
1.0,9,14.090304
1.0,17,14.093814
0.0,6,14.09506
0.0,5,14.096088
0.0,5,14.097117
0.0,11,14.099349
0.0,2,14.099763
0.0,7,14.101202
0.0,3,14.101832
0.0,19,14.105742
0.0,37,14.113437
0.0,12,14.115935
0.0,2,14.116358
0.0,104,14.13838
0.0,48,14.148485
0.0,5,14.149539
1.0,21,14.15391
0.0,12,14.156359
0.0,55,14.167931
0.0,32,14.174715
0.0,63,14.188069
0.0,112,14.212044
0.0,47,14.221999
0.0,133,14.250211
0.0,25,14.255525
0.0,26,14.260982
0.0,46,14.270695
0.0,5,14.271747
0.0,89,14.290728
0.0,162,14.325076
0.0,4,14.325911
0.0,16,14.329307
0.0,107,14.351988
0.0,23,14.356864
0.0,20,14.361109
0.0,2,14.361521
0.0,2,14.361943
0.0,45,14.371515
1.0,85,14.389486
0.0,8,14.391162
0.0,19,14.395195
0.0,6,14.396467
0.0,106,14.418897
0.0,5,14.419928
0.0,12,14.422446
0.0,16,14.425773
0.0,10,14.427827
1.0,15,14.430869
0.0,6,14.432099
0.0,10,14.434155
1.0,14,14.436982
0.0,12,14.439465
0.0,28,14.44527
0.0,15,14.448472
0.0,4,14.449315
0.0,12,14.451795
0.0,37,14.459494
1.0,13,14.462147
1.0,16,14.465392
0.0,4,14.466229
0.0,9,14.468135
0.0,9,14.470041
0.0,30,14.47628
0.0,57,14.488348
0.0,6,14.489596
0.0,3,14.490224
0.0,3,14.49086
0.0,7,14.492311
0.0,5,14.493343
0.0,4,14.494187
1.0,10,14.496213
0.0,3,14.496839
1.0,11,14.49908
1.0,10,14.501108
0.0,6,14.502338
0.0,3,14.502964
0.0,3,14.503586
0.0,5,14.50462
0.0,2,14.505034
0.0,8,14.506679
0.0,4,14.507511
1.0,7,14.508969
0.0,15,14.512045
0.0,2,14.512464
1.0,31,14.518993
0.0,3,14.519614
1.0,17,14.52319
1.0,8,14.524832
0.0,8,14.526467
0.0,4,14.527291
0.0,10,14.529346
0.0,10,14.531377
0.0,5,14.532431
0.0,20,14.536617
0.0,24,14.541668
0.0,34,14.548844
0.0,3,14.549479
0.0,11,14.551738
0.0,3,14.552359
0.0,3,14.552998
1.0,103,14.574672
0.0,6,14.575908
0.0,3,14.576537
0.0,4,14.577373
0.0,35,14.584796
0.0,13,14.587493
0.0,16,14.590848
0.0,4,14.591674
0.0,30,14.598006
0.0,4,14.598851
1.0,28,14.60471
0.0,51,14.615542
0.0,12,14.618014
0.0,14,14.620973
1.0,32,14.627649
0.0,7,14.629127
0.0,10,14.63121
0.0,9,14.63305
0.0,25,14.638343
0.0,66,14.652357
0.0,9,14.654216
0.0,21,14.658624
0.0,6,14.659897
1.0,8,14.661575
0.0,5,14.662618
0.0,8,14.664262
0.0,5,14.665303
0.0,6,14.666551
1.0,20,14.670739
0.0,7,14.672187
0.0,89,14.69098
0.0,68,14.705369
0.0,34,14.712595
0.0,7,14.714061
0.0,37,14.721869
0.0,41,14.730534
0.0,36,14.7381
1.0,23,14.742911
0.0,8,14.744584
0.0,6,14.745848
0.0,5,14.746899
0.0,23,14.751768
0.0,21,14.756154
0.0,189,14.79618
0.0,3,14.796818
0.0,18,14.800683
0.0,5,14.801737
0.0,48,14.811872
0.0,37,14.819692
0.0,35,14.827106
0.0,183,14.866159
0.0,28,14.872097
0.0,9,14.87401
0.0,23,14.87891
0.0,22,14.883597
1.0,192,14.924611
1.0,60,14.937219
0.0,23,14.941959
0.0,26,14.947439
1.0,10,14.949538
0.0,9,14.951391
1.0,27,14.956952
0.0,5,14.957999
0.0,17,14.961464
0.0,2,14.961891
0.0,11,14.964209
0.0,5,14.965264
0.0,3,14.965889
0.0,67,14.980126
0.0,36,14.98769
1.0,18,14.991449
0.0,58,15.003815
0.0,2,15.004241
0.0,3,15.004879
1.0,8,15.006531
0.0,2,15.006947
0.0,2,15.007371
0.0,12,15.009898
0.0,2,15.010316
0.0,3,15.010949
0.0,17,15.014558
0.0,3,15.015181
0.0,13,15.01787
0.0,4,15.018718
0.0,84,15.036564
0.0,64,15.050167
0.0,64,15.063662
0.0,21,15.068113
0.0,30,15.074497
0.0,4,15.075345
0.0,52,15.086481
0.0,8,15.088149
1.0,7,15.089586
0.0,8,15.091238
0.0,7,15.092684
0.0,3,15.093314
0.0,16,15.09661
0.0,6,15.097837
0.0,7,15.099303
0.0,2,15.099718
0.0,22,15.104322
0.0,5,15.105351
0.0,3,15.105974
0.0,12,15.108467
0.0,10,15.110559
0.0,13,15.113279
0.0,26,15.11877
0.0,13,15.121434
1.0,31,15.127855
0.0,6,15.129092
0.0,3,15.129722
1.0,25,15.134808
1.0,13,15.137459
0.0,2,15.13787
0.0,5,15.13891
1.0,9,15.140725
0.0,3,15.141351
1.0,15,15.14438
1.0,8,15.146012
0.0,5,15.147044
1.0,17,15.150482
0.0,10,15.152566
1.0,11,15.154809
0.0,9,15.156639
0.0,8,15.158314
0.0,15,15.161497
0.0,17,15.165081
0.0,10,15.167153
0.0,12,15.16964
0.0,101,15.190994
0.0,3,15.191623
0.0,5,15.19265
1.0,84,15.210653
1.0,12,15.2131
0.0,2,15.213517
0.0,49,15.223862
0.0,5,15.224899
0.0,4,15.225738
0.0,3,15.226361
1.0,12,15.228877
1.0,112,15.25258
0.0,2,15.252992
0.0,44,15.262311
0.0,3,15.262935
0.0,7,15.264419
0.0,8,15.266108
0.0,411,15.353397
0.0,82,15.370879
0.0,8,15.372494
1.0,21,15.376948
0.0,65,15.390714
0.0,49,15.401084
0.0,3,15.401722
0.0,119,15.42698
0.0,36,15.43465
0.0,9,15.436568
0.0,75,15.452512
0.0,60,15.465252
0.0,60,15.477924
0.0,15,15.481118
0.0,141,15.511067
0.0,118,15.536134
0.0,107,15.558975
0.0,59,15.571541
0.0,72,15.586887
0.0,11,15.589211
0.0,14,15.592191
1.0,35,15.599595
0.0,5,15.600649
0.0,14,15.603588
0.0,4,15.604448
0.0,18,15.608266
1.0,17,15.611858
1.0,8,15.613539
0.0,20,15.6177
0.0,59,15.630246
0.0,51,15.641102
0.0,9,15.642941
0.0,14,15.645849
0.0,4,15.646701
0.0,21,15.651106
0.0,40,15.659529
0.0,41,15.668189
0.0,65,15.68198
0.0,253,15.735884
0.0,3,15.736519
1.0,87,15.754959
0.0,32,15.761752
0.0,9,15.763613
0.0,3,15.764242
0.0,4,15.765083
0.0,49,15.775481
0.0,7,15.776982
0.0,57,15.789035
0.0,14,15.791955
0.0,15,15.795142
0.0,63,15.808529
1.0,18,15.812334
0.0,3,15.812971
1.0,8,15.814627
0.0,2,15.815045
0.0,93,15.834825
0.0,6,15.8361
0.0,14,15.839069
0.0,7,15.840521
0.0,21,15.844973
0.0,2,15.845385
0.0,2,15.845811
0.0,119,15.871125
0.0,6,15.872399
1.0,50,15.882977
0.0,3,15.883607
0.0,4,15.884437
1.0,16,15.88767
0.0,3,15.888298
1.0,343,15.961202
1.0,14,15.964065
0.0,7,15.965507
1.0,11,15.967741
0.0,4,15.968577
1.0,28,15.97425
0.0,4,15.975087
0.0,6,15.976327
0.0,3,15.976957
0.0,10,15.978996
0.0,4,15.979831
1.0,15,15.982896
0.0,3,15.983534
1.0,16,15.986854
1.0,10,15.988884
0.0,4,15.989726
1.0,13,15.992345
1.0,7,15.993801
1.0,8,15.995448
0.0,3,15.996082
0.0,23,16.000723
0.0,9,16.002568
0.0,6,16.003803
0.0,4,16.004632
0.0,2,16.005048
0.0,8,16.006711
0.0,3,16.007347
0.0,6,16.008582
0.0,14,16.011491
0.0,6,16.012718
0.0,2,16.013133
0.0,5,16.01419
0.0,12,16.016719
0.0,7,16.018182
0.0,17,16.021725
0.0,10,16.023794
1.0,36,16.031425
0.0,17,16.03494
0.0,12,16.037473
0.0,5,16.038512
0.0,70,16.053277
0.0,48,16.06347
0.0,33,16.07044
0.0,65,16.08418
0.0,56,16.096068
0.0,24,16.101094
0.0,56,16.112942
0.0,74,16.128647
0.0,5,16.129709
0.0,79,16.146376
0.0,26,16.151914
0.0,10,16.153994
1.0,107,16.176597
0.0,5,16.177642
0.0,29,16.183744
0.0,9,16.185591
1.0,7,16.187018
0.0,12,16.18953
0.0,6,16.190775
0.0,2,16.191192
1.0,94,16.211359
1.0,70,16.226126
0.0,2,16.226552
0.0,31,16.233123
0.0,29,16.239303
0.0,9,16.241211
0.0,3,16.24184
0.0,10,16.243915
0.0,11,16.246243
1.0,44,16.255553
0.0,2,16.255971
0.0,5,16.257017
0.0,69,16.271703
0.0,5,16.272762
0.0,79,16.289562
1.0,205,16.333066
0.0,8,16.334744
0.0,31,16.341254
0.0,25,16.346506
0.0,6,16.347737
1.0,18,16.351424
1.0,82,16.368855
0.0,28,16.374606
0.0,33,16.381426
0.0,2,16.381845
0.0,71,16.396926
0.0,24,16.401988
0.0,84,16.419633
0.0,2,16.420081
1.0,55,16.43175
0.0,7,16.433164
0.0,13,16.43584
0.0,4,16.436678
0.0,12,16.439151
1.0,18,16.442851
1.0,7,16.444329
1.0,21,16.448696
0.0,7,16.450142
1.0,12,16.452586
0.0,5,16.453634
0.0,7,16.455077
1.0,7,16.456522
0.0,5,16.457567
0.0,30,16.463674
1.0,5,16.46471
0.0,4,16.465538
0.0,4,16.466378
0.0,2,16.466789
0.0,18,16.470607
0.0,9,16.472466
1.0,17,16.4759
1.0,25,16.480995
0.0,5,16.482035
0.0,4,16.482864
1.0,13,16.48555
0.0,4,16.486385
0.0,9,16.488222
0.0,2,16.488639
0.0,17,16.492173
0.0,3,16.492804
1.0,14,16.495705
0.0,2,16.496115
0.0,5,16.497174
0.0,9,16.49902
0.0,14,16.501961
1.0,12,16.504438
0.0,15,16.507551
0.0,11,16.509854
0.0,5,16.510889
0.0,75,16.526826
0.0,8,16.528464
1.0,13,16.531189
0.0,7,16.532623
0.0,26,16.538046
0.0,46,16.547818
0.0,3,16.548455
1.0,59,16.560869
1.0,22,16.565477
0.0,3,16.566103
0.0,3,16.566732
0.0,11,16.569002
0.0,35,16.57641
0.0,11,16.578717
0.0,46,16.588474
1.0,15,16.59155
0.0,5,16.592584
0.0,18,16.59632
0.0,5,16.597347
0.0,3,16.59798
1.0,8,16.599647
1.0,35,16.606962
0.0,5,16.607996
0.0,5,16.609032
0.0,67,16.623207
1.0,34,16.630355
0.0,4,16.631197
1.0,197,16.672921
0.0,10,16.674969
1.0,14,16.677815
0.0,8,16.679454
0.0,7,16.6809
0.0,2,16.681311
0.0,7,16.682766
0.0,2,16.683184
0.0,6,16.684455
0.0,8,16.686115
0.0,3,16.686742
0.0,4,16.687577
1.0,15,16.69067
0.0,4,16.691511
0.0,6,16.692737
0.0,29,16.698867
0.0,2,16.699292
1.0,21,16.703763
1.0,102,16.725454
0.0,6,16.726726
0.0,31,16.733271
0.0,36,16.740816
0.0,5,16.741859
0.0,7,16.743281
0.0,2,16.743694
1.0,12,16.746146
1.0,31,16.752539
1.0,22,16.757009
1.0,14,16.759878
0.0,13,16.76253
0.0,20,16.766782
0.0,2,16.767205
0.0,26,16.772659
0.0,34,16.779531
0.0,10,16.781563
0.0,3,16.782187
0.0,5,16.783241
0.0,2,16.783655
1.0,15,16.786771
1.0,13,16.789464
0.0,4,16.790305
0.0,3,16.790941
0.0,2,16.791366
1.0,22,16.795851
0.0,6,16.797117
0.0,2,16.797528
0.0,34,16.804755
0.0,3,16.805387
0.0,7,16.806834
0.0,15,16.809871
1.0,23,16.814731
0.0,3,16.815362
0.0,20,16.819449
0.0,2,16.819864
0.0,124,16.846121
0.0,43,16.855261
1.0,94,16.875199
1.0,8,16.876854
0.0,8,16.878534
0.0,27,16.884273
0.0,3,16.88491
0.0,12,16.887406
0.0,23,16.892296
1.0,9,16.89416
0.0,10,16.896222
1.0,12,16.898703
0.0,12,16.901179
0.0,7,16.902625
0.0,5,16.903664
0.0,4,16.904503
0.0,6,16.905766
0.0,9,16.907722
1.0,156,16.940829
0.0,138,16.970316
0.0,14,16.973267
0.0,6,16.974521
0.0,60,16.987187
0.0,5,16.988255
0.0,33,16.995227
0.0,2,16.995654
0.0,46,17.005401
0.0,4,17.006244
1.0,12,17.008706
0.0,12,17.011172
1.0,10,17.013231
0.0,8,17.014885
0.0,6,17.016123
0.0,10,17.018174
0.0,45,17.027642
0.0,4,17.028472
1.0,7,17.029915
0.0,12,17.032392
0.0,3,17.033017
0.0,9,17.034866
1.0,29,17.040796
0.0,2,17.041211
1.0,14,17.044135
0.0,4,17.044966
1.0,7,17.046395
0.0,8,17.048036
0.0,5,17.049083
1.0,9,17.05096
1.0,18,17.054659
0.0,5,17.055699
1.0,13,17.058336
0.0,7,17.059799
0.0,6,17.061033
0.0,2,17.061444
0.0,3,17.062084
0.0,4,17.062918
0.0,42,17.071868
1.0,38,17.079838
0.0,5,17.080887
0.0,2,17.081297
0.0,24,17.086306
0.0,12,17.088757
1.0,5,17.089801
0.0,3,17.090433
0.0,2,17.090842
0.0,27,17.096542
0.0,8,17.098196
0.0,49,17.108481
1.0,49,17.118857
0.0,7,17.120301
0.0,9,17.122147
0.0,99,17.143196
0.0,3,17.143826
0.0,25,17.148952
0.0,5,17.150016
0.0,3,17.150653
0.0,16,17.153912
0.0,5,17.154942
0.0,32,17.161508
0.0,11,17.163793
1.0,9,17.165658
0.0,4,17.166482
0.0,4,17.167333
0.0,190,17.20759
0.0,18,17.211681
0.0,16,17.215049
1.0,16,17.218381
0.0,16,17.221767
0.0,2,17.22219
1.0,66,17.236237
1.0,62,17.249394
1.0,12,17.251893
0.0,7,17.253341
0.0,7,17.254794
0.0,11,17.257069
0.0,103,17.278832
0.0,8,17.280513
0.0,20,17.284615
0.0,8,17.286296
0.0,32,17.293071
1.0,15,17.296144
0.0,13,17.298776
1.0,13,17.301444
0.0,17,17.304977
0.0,5,17.306007
0.0,3,17.306633
0.0,5,17.307669
0.0,2,17.30808
1.0,65,17.32181
1.0,33,17.328504
0.0,3,17.329134
1.0,17,17.332592
0.0,2,17.333008
0.0,4,17.33385
0.0,6,17.335114
1.0,26,17.340407
0.0,2,17.340825
0.0,3,17.341462
1.0,13,17.34412
0.0,8,17.345766
1.0,6,17.346996
0.0,5,17.348046
0.0,6,17.349286
0.0,6,17.350516
0.0,7,17.351971
0.0,7,17.353425
0.0,22,17.358068
0.0,25,17.363305
0.0,10,17.365342
0.0,12,17.367871
0.0,6,17.369119
1.0,94,17.388882
0.0,13,17.391641
0.0,124,17.41792
1.0,21,17.422288
0.0,7,17.423771
0.0,18,17.427586
0.0,4,17.428417
1.0,9,17.430248
0.0,8,17.431897
0.0,10,17.433984
0.0,86,17.452253
0.0,10,17.454348
0.0,4,17.45518
0.0,15,17.458349
0.0,19,17.462382
1.0,117,17.487239
0.0,39,17.495491
0.0,16,17.498784
0.0,2,17.499198
0.0,63,17.512515
0.0,4,17.51336
0.0,16,17.516748
0.0,84,17.534349
0.0,18,17.53815
1.0,23,17.542922
0.0,6,17.544186
0.0,28,17.55009
0.0,5,17.551145
0.0,9,17.552985
0.0,9,17.554825
1.0,28,17.560654
1.0,12,17.563113
0.0,2,17.563528
0.0,22,17.568171
1.0,7,17.569636
0.0,3,17.570264
0.0,22,17.574931
1.0,7,17.576367
0.0,2,17.57678
0.0,3,17.577419
0.0,72,17.592628
0.0,13,17.595269
0.0,7,17.596703
0.0,48,17.606841
0.0,5,17.607874
0.0,10,17.609968
1.0,97,17.630438
0.0,12,17.632893
0.0,82,17.650249
0.0,23,17.655058
1.0,24,17.660058
1.0,21,17.664298
0.0,23,17.669121
0.0,2,17.66954
0.0,11,17.671874
0.0,6,17.67311
0.0,6,17.674357
0.0,3,17.674996
1.0,18,17.678615
0.0,13,17.681299
0.0,6,17.682527
0.0,6,17.683754
0.0,5,17.684793
0.0,7,17.686231
1.0,6,17.687458
0.0,9,17.689299
1.0,6,17.690525
1.0,26,17.695812
0.0,4,17.696668
0.0,10,17.698713
0.0,5,17.699733
0.0,7,17.701171
0.0,5,17.70222
1.0,11,17.704468
0.0,2,17.704889
0.0,13,17.707631
0.0,11,17.709905
0.0,36,17.717434
0.0,16,17.720764
1.0,18,17.724424
0.0,5,17.725472
0.0,2,17.725886
0.0,20,17.730132
0.0,5,17.731167
1.0,72,17.746403
0.0,5,17.747441
0.0,10,17.749481
1.0,10,17.751509
1.0,18,17.755213
0.0,3,17.755839
0.0,5,17.756867
0.0,6,17.758117
1.0,9,17.759942
1.0,10,17.761966
0.0,6,17.763239
0.0,16,17.766629
0.0,3,17.767255
0.0,3,17.767876
0.0,3,17.768509
0.0,10,17.770563
1.0,29,17.776672
0.0,8,17.778345
0.0,88,17.796891
0.0,158,17.830363
0.0,42,17.839147
0.0,11,17.841465
0.0,8,17.843147
0.0,25,17.848447
0.0,10,17.850569
0.0,9,17.852473
0.0,37,17.860344
0.0,2,17.860768
0.0,165,17.895707
0.0,38,17.903712
0.0,51,17.914501
0.0,29,17.920651
0.0,25,17.925857
0.0,2,17.926273
0.0,6,17.927536
0.0,105,17.949812
0.0,33,17.956793
0.0,3,17.957432
0.0,16,17.960807
1.0,92,17.980256
0.0,13,17.982945
0.0,11,17.985211
1.0,67,17.999377
1.0,12,18.001854
0.0,2,18.002277
0.0,12,18.004769
1.0,8,18.006398
0.0,23,18.011068
1.0,9,18.0129
0.0,2,18.013314
0.0,15,18.016457
0.0,3,18.017087
0.0,2,18.017497
0.0,4,18.018333
1.0,11,18.020644
0.0,4,18.021474
0.0,15,18.024507
0.0,13,18.027137
0.0,2,18.027554
1.0,16,18.030793
0.0,7,18.032226
0.0,8,18.033841
1.0,19,18.037781
0.0,2,18.038206
0.0,22,18.042842
0.0,2,18.043253
0.0,14,18.046236
0.0,15,18.049418
0.0,24,18.054521
1.0,131,18.082172
0.0,8,18.083852
0.0,6,18.085123
0.0,11,18.087452
0.0,7,18.088917
0.0,5,18.089976
1.0,107,18.112538
0.0,61,18.125364
0.0,2,18.125776
0.0,6,18.127017
0.0,7,18.128459
0.0,8,18.130081
0.0,3,18.13071
0.0,2,18.13112
0.0,12,18.133578
0.0,6,18.134811
1.0,9,18.136639
0.0,2,18.137054
0.0,12,18.139524
0.0,3,18.140147
0.0,26,18.145627
0.0,4,18.146463
0.0,3,18.147087
0.0,64,18.160658
0.0,151,18.192614
0.0,58,18.204867
0.0,56,18.216837
0.0,100,18.23809
1.0,11,18.24039
0.0,6,18.241654
0.0,20,18.245888
0.0,4,18.246739
0.0,29,18.252886
0.0,15,18.256068
0.0,40,18.264518
1.0,58,18.276707
0.0,14,18.279647
0.0,21,18.284057
0.0,4,18.284906
0.0,13,18.28767
0.0,23,18.292556
0.0,33,18.299397
0.0,8,18.301084
0.0,15,18.304261
0.0,9,18.306136
0.0,4,18.306984
0.0,3,18.307611
0.0,8,18.309292
0.0,141,18.33916
0.0,11,18.341468
0.0,8,18.343121
0.0,11,18.345449
0.0,8,18.347136
0.0,60,18.359813
0.0,7,18.361296
0.0,4,18.362144
0.0,153,18.394604
0.0,4,18.395456
0.0,8,18.397136
0.0,3,18.397775
0.0,55,18.409487
0.0,24,18.414566
0.0,57,18.426541
0.0,47,18.43648
0.0,38,18.444518
0.0,33,18.451505
0.0,25,18.45682
0.0,52,18.467876
0.0,91,18.487272
0.0,22,18.491914
0.0,28,18.497798
0.0,47,18.507781
0.0,4,18.50862
0.0,13,18.511375
0.0,73,18.526931
1.0,17,18.530507
1.0,11,18.532759
0.0,11,18.535023
0.0,4,18.535862
0.0,2,18.536274
1.0,14,18.539122
0.0,4,18.539946
1.0,5,18.540984
1.0,20,18.545029
0.0,2,18.545444
0.0,4,18.546283
0.0,7,18.547712
0.0,3,18.548338
0.0,5,18.549374
0.0,2,18.549789
0.0,5,18.550822
0.0,6,18.552059
0.0,9,18.553886
0.0,4,18.554722
0.0,9,18.556567
0.0,3,18.557197
0.0,12,18.559687
0.0,13,18.562394
0.0,11,18.564647
0.0,9,18.566529
1.0,14,18.56941
0.0,8,18.571052
0.0,7,18.572478
1.0,26,18.577788
0.0,37,18.585523
0.0,17,18.589128
1.0,12,18.59156
0.0,2,18.591976
1.0,25,18.597225
1.0,10,18.599261
0.0,21,18.603512
1.0,21,18.607819
0.0,14,18.610789
0.0,6,18.612019
1.0,8,18.61369
1.0,25,18.618754
1.0,21,18.62299
0.0,10,18.625059
0.0,5,18.626091
0.0,4,18.626929
1.0,7,18.628365
1.0,17,18.631806
0.0,24,18.63671
0.0,4,18.637535
1.0,37,18.645222
0.0,7,18.646637
1.0,15,18.649695
0.0,11,18.651931
0.0,13,18.654553
1.0,26,18.660033
1.0,8,18.661664
0.0,5,18.662702
0.0,7,18.664174
0.0,30,18.670456
0.0,2,18.670866
0.0,61,18.683787
0.0,35,18.691116
0.0,10,18.693181
0.0,5,18.694208
1.0,25,18.699338
0.0,6,18.70058
0.0,3,18.70122
0.0,3,18.701842
1.0,28,18.707664
1.0,8,18.709279
0.0,19,18.713116
0.0,3,18.713749
0.0,2,18.714169
1.0,24,18.719184
0.0,2,18.719607
0.0,3,18.720243
0.0,64,18.733825
0.0,7,18.735309
0.0,2,18.735723
0.0,6,18.73699
0.0,80,18.753717
0.0,4,18.754545
0.0,3,18.755166
0.0,9,18.756993
0.0,49,18.767143
1.0,9,18.768986
0.0,4,18.769813
0.0,58,18.781963
0.0,3,18.782589
0.0,6,18.783842
0.0,46,18.793573
0.0,68,18.807987
0.0,125,18.834498
0.0,9,18.836407
0.0,162,18.870755
0.0,13,18.873527
0.0,7,18.875
0.0,8,18.876689
0.0,4,18.877515
0.0,13,18.880246
1.0,18,18.883999
0.0,14,18.886921
0.0,12,18.889417
0.0,2,18.889841
0.0,29,18.89593
0.0,15,18.899115
0.0,60,18.911783
0.0,4,18.912609
0.0,46,18.922373
1.0,21,18.926782
1.0,15,18.92987
0.0,21,18.934298
0.0,11,18.936549
1.0,13,18.939185
0.0,3,18.939816
0.0,6,18.941041
0.0,2,18.941457
0.0,14,18.944431
0.0,28,18.950263
0.0,4,18.951098
0.0,57,18.963172
0.0,17,18.966775
0.0,10,18.968895
0.0,74,18.984567
0.0,58,18.996797
0.0,24,19.00187
0.0,42,19.010872
0.0,3,19.011503
0.0,19,19.015343
0.0,2,19.015758
0.0,6,19.017011
0.0,6,19.018228
0.0,2,19.018641
0.0,27,19.024344
0.0,10,19.026454
0.0,17,19.030057
0.0,8,19.031755
0.0,67,19.045887
1.0,7,19.04735
0.0,9,19.049247
0.0,73,19.064791
1.0,8,19.06646
0.0,5,19.067506
0.0,3,19.068144
0.0,87,19.086407
0.0,27,19.092061
0.0,31,19.09864
0.0,83,19.116223
1.0,30,19.122547
0.0,9,19.124458
1.0,11,19.12669
0.0,7,19.128159
0.0,8,19.129809
0.0,2,19.130218
0.0,8,19.131856
0.0,2,19.13227
0.0,8,19.133934
0.0,62,19.14701
0.0,33,19.153887
0.0,4,19.154723
0.0,12,19.157269
0.0,30,19.163375
0.0,7,19.164834
0.0,77,19.181131
0.0,2,19.181541
0.0,29,19.187703
0.0,80,19.204604
1.0,77,19.22122
0.0,32,19.227976
0.0,6,19.229239
0.0,17,19.23268
1.0,30,19.238833
1.0,30,19.245047
1.0,41,19.253565
0.0,12,19.256004
0.0,14,19.258829
0.0,3,19.259454
0.0,6,19.260676
1.0,17,19.264194
0.0,2,19.264604
1.0,44,19.27379
0.0,11,19.276087
0.0,18,19.279888
1.0,112,19.303587
0.0,6,19.304835
0.0,4,19.305674
0.0,24,19.310626
1.0,31,19.317052
0.0,14,19.319985
1.0,6,19.321219
0.0,4,19.322047
1.0,17,19.325512
0.0,6,19.326749
0.0,5,19.327784
1.0,21,19.332107
0.0,2,19.332525
0.0,2,19.332947
0.0,33,19.339952
1.0,130,19.367457
0.0,6,19.368689
0.0,12,19.371227
0.0,4,19.372065
1.0,118,19.397092
0.0,76,19.413145
0.0,7,19.414591
0.0,50,19.425154
0.0,4,19.425999
1.0,82,19.443336
0.0,13,19.446094
0.0,5,19.447148
0.0,10,19.44922
0.0,36,19.456842
1.0,129,19.483963
0.0,5,19.48501
0.0,7,19.486446
0.0,4,19.487283
0.0,2,19.487692
0.0,16,19.491085
0.0,30,19.497405
0.0,141,19.52736
0.0,5,19.528428
0.0,7,19.529914
1.0,65,19.543653
0.0,39,19.551938
0.0,24,19.556853
1.0,26,19.562141
0.0,6,19.563383
0.0,12,19.565813
0.0,5,19.566848
1.0,6,19.56809
1.0,20,19.572182
0.0,2,19.572603
0.0,9,19.574504
0.0,12,19.576947
0.0,5,19.577983
1.0,7,19.57945
0.0,2,19.579862
0.0,5,19.580898
0.0,2,19.58131
0.0,24,19.586299
0.0,9,19.588155
0.0,2,19.588566
0.0,3,19.589205
0.0,6,19.590453
0.0,6,19.5917
0.0,16,19.595067
0.0,163,19.629497
0.0,3,19.630136
0.0,3,19.630761
0.0,7,19.632199
0.0,60,19.644957
0.0,23,19.649843
0.0,89,19.668747
0.0,99,19.689763
0.0,37,19.697462
0.0,28,19.703383
0.0,4,19.704239
1.0,136,19.733008
0.0,20,19.737258
0.0,106,19.759711
0.0,25,19.764951
0.0,151,19.797233
0.0,8,19.798923
0.0,2,19.799337
0.0,2,19.799762
0.0,11,19.802098
0.0,10,19.804167
0.0,9,19.806059
0.0,29,19.812236
1.0,10,19.814283
0.0,3,19.81492
0.0,2,19.81534
0.0,10,19.817371
0.0,34,19.824576
0.0,6,19.825831
0.0,8,19.827494
0.0,8,19.829151
1.0,17,19.832662
0.0,44,19.841976
0.0,20,19.846198
0.0,65,19.859891
0.0,2,19.860309
0.0,19,19.864217
1.0,13,19.866844
0.0,3,19.867474
0.0,4,19.868309
0.0,9,19.870173
0.0,5,19.8712
0.0,5,19.872223
0.0,4,19.873054
0.0,17,19.876635
0.0,27,19.882268
0.0,18,19.886015
0.0,16,19.889322
1.0,52,19.900231
0.0,8,19.901868
0.0,11,19.904168
0.0,24,19.909268
1.0,30,19.91562
0.0,91,19.93484
1.0,111,19.958333
0.0,8,19.960002
1.0,49,19.970123
1.0,32,19.976856
0.0,31,19.983355
0.0,88,20.002057
0.0,26,20.007579
0.0,24,20.012681
0.0,91,20.032023
0.0,10,20.034148
0.0,65,20.047981
0.0,59,20.060497
1.0,49,20.070859
0.0,88,20.089497
0.0,27,20.095189
0.0,7,20.096632
0.0,5,20.097685
0.0,124,20.124084
0.0,66,20.138019
0.0,22,20.142694
0.0,48,20.152914
1.0,20,20.157139
1.0,29,20.163242
0.0,7,20.164696
0.0,3,20.165322
1.0,14,20.168286
0.0,51,20.179119
1.0,37,20.186896
0.0,7,20.188338
0.0,6,20.189571
0.0,28,20.195497
0.0,17,20.199046
0.0,13,20.201721
0.0,28,20.207646
0.0,17,20.211237
0.0,14,20.214156
0.0,10,20.216231
1.0,7,20.217678
0.0,15,20.220795
0.0,5,20.221974
0.0,8,20.223805
0.0,16,20.227179
1.0,45,20.236727
0.0,9,20.238617
1.0,15,20.241679
0.0,5,20.242707
0.0,4,20.243527
1.0,24,20.24846
0.0,10,20.250513
0.0,3,20.25115
1.0,16,20.254421
0.0,3,20.255058
1.0,13,20.257743
1.0,18,20.261381
0.0,8,20.263051
0.0,4,20.263883
0.0,2,20.264304
0.0,28,20.270129
0.0,11,20.272367
0.0,11,20.274652
1.0,24,20.279698
0.0,26,20.285215
0.0,2,20.285625
0.0,30,20.292002
0.0,27,20.297717
0.0,26,20.303126
0.0,29,20.309263
0.0,5,20.310297
0.0,5,20.311322
0.0,7,20.312789
0.0,28,20.318694
0.0,2,20.31911
0.0,34,20.326303
0.0,2,20.326728
0.0,63,20.340001
0.0,20,20.344235
0.0,7,20.345711
1.0,39,20.353866
0.0,3,20.3545
1.0,18,20.358252
0.0,4,20.35909
0.0,3,20.359723
0.0,2,20.360133
0.0,101,20.381481
0.0,34,20.388648
0.0,21,20.393073
0.0,2,20.393496
0.0,153,20.425886
0.0,4,20.426722
0.0,5,20.427747
0.0,8,20.429437
0.0,18,20.433251
0.0,72,20.44854
0.0,57,20.460631
0.0,50,20.471249
0.0,22,20.475912
1.0,80,20.492913
0.0,45,20.502403
0.0,31,20.509005
1.0,10,20.511065
0.0,39,20.519317
0.0,61,20.532252
1.0,65,20.545968
0.0,33,20.552947
0.0,17,20.55654
0.0,18,20.560293
0.0,3,20.560921
0.0,11,20.563224
1.0,26,20.568673
0.0,6,20.569939
0.0,25,20.575192
0.0,4,20.576042
0.0,24,20.581131
0.0,21,20.585528
1.0,20,20.589738
0.0,5,20.590787
0.0,6,20.592043
1.0,30,20.598328
1.0,9,20.600185
0.0,11,20.602472
0.0,16,20.605872
0.0,10,20.607988
0.0,28,20.613952
0.0,67,20.62809
0.0,20,20.632328
1.0,89,20.650995
0.0,236,20.701268
1.0,20,20.705497
0.0,17,20.709013
0.0,5,20.71007
0.0,71,20.725177
0.0,6,20.726432
1.0,22,20.731074
0.0,20,20.735315
0.0,6,20.736574
0.0,24,20.741526
1.0,26,20.747028
1.0,22,20.751525
1.0,7,20.752977
1.0,16,20.756291
0.0,3,20.756914
1.0,20,20.761011
1.0,8,20.762699
0.0,9,20.764573
0.0,5,20.765622
0.0,3,20.766261
0.0,6,20.767521
1.0,10,20.76959
1.0,11,20.771868
0.0,6,20.773123
1.0,11,20.775372
1.0,11,20.777647
0.0,5,20.778702
0.0,9,20.780559
0.0,8,20.782262
1.0,17,20.785744
0.0,12,20.78823
0.0,5,20.789277
0.0,45,20.798812
1.0,38,20.806788
1.0,15,20.809877
0.0,9,20.811745
0.0,3,20.812375
0.0,6,20.813631
0.0,5,20.814682
1.0,30,20.820964
0.0,5,20.822027
0.0,7,20.823474
0.0,7,20.824949
1.0,13,20.827644
0.0,9,20.829546
1.0,19,20.833565
0.0,7,20.835017
0.0,4,20.835871
0.0,35,20.843231
0.0,8,20.844893
0.0,21,20.849312
0.0,3,20.84995
1.0,48,20.860082
0.0,8,20.861743
1.0,15,20.864838
0.0,17,20.868372
0.0,164,20.903161
1.0,16,20.906493
0.0,12,20.909059
0.0,12,20.911586
1.0,13,20.91427
0.0,6,20.915515
0.0,12,20.918029
0.0,5,20.919083
0.0,39,20.927349
0.0,7,20.92881
0.0,11,20.931051
1.0,7,20.932499
0.0,4,20.933344
0.0,5,20.934393
0.0,7,20.935845
0.0,9,20.937722
1.0,14,20.940631
1.0,14,20.943568
0.0,8,20.945239
1.0,10,20.947313
1.0,9,20.949161
0.0,11,20.951403
0.0,6,20.952658
0.0,4,20.9535
1.0,25,20.95866
1.0,6,20.959925
0.0,6,20.961191
1.0,12,20.963643
1.0,6,20.964901
0.0,5,20.96594
0.0,8,20.967618
0.0,10,20.969679
0.0,11,20.971916
0.0,8,20.973584
1.0,15,20.976694
0.0,29,20.982847
0.0,5,20.983909
0.0,35,20.991369
0.0,128,21.018546
1.0,128,21.045613
0.0,36,21.053248
0.0,21,21.057707
0.0,23,21.062599
0.0,13,21.065373
0.0,70,21.080171
0.0,35,21.087565
0.0,12,21.090112
1.0,45,21.099634
0.0,22,21.104266
0.0,50,21.114972
