#{"t_start": 1717164630.889913, "env_id": "Office-single-v0"}
r,l,t
-0.01,33,0.004752
-0.01,52,0.010974
-0.01,22,0.013603
-0.01,14,0.015301
-0.01,12,0.016665
-0.01,12,0.018015
-0.01,26,0.020912
-0.01,30,0.024234
-0.01,12,0.025619
-0.01,97,0.036076
-0.01,48,0.041118
-0.01,54,0.046807
-0.01,22,0.049136
-0.01,163,0.065746
-0.01,85,0.074697
-0.01,94,0.084554
-0.01,71,0.091966
-0.01,128,0.105439
-0.01,28,0.10839
-0.01,34,0.111979
-0.01,4,0.112413
-0.01,124,0.125469
-0.01,12,0.126733
-0.01,9,0.127691
-0.01,75,0.13526
-0.01,10,0.136343
-0.01,98,0.146685
-0.01,117,0.15905
-0.01,81,0.167601
-0.01,94,0.177538
-0.01,221,0.200632
-0.01,18,0.202527
-0.01,207,0.224142
-0.01,2,0.224385
-0.01,7,0.225125
-0.01,14,0.226612
-0.01,9,0.22756
-0.01,22,0.230054
-0.01,106,0.240913
-0.01,80,0.249331
-0.01,592,0.310671
-0.01,290,0.34098
-0.01,4,0.341433
-0.01,43,0.345804
-0.01,269,0.374
-0.01,409,0.416978
-0.01,189,0.436799
-0.01,324,0.470813
-0.01,343,0.507047
-0.01,29,0.510115
-0.01,75,0.517944
-0.01,165,0.535187
-0.01,140,0.549847
-0.01,55,0.555234
-0.01,193,0.574635
-0.01,134,0.588034
-0.01,67,0.595066
-0.01,44,0.599657
-0.01,62,0.606169
-0.01,53,0.61171
-0.01,128,0.624882
-0.01,293,0.655197
-0.01,394,0.694881
-0.01,44,0.699483
-0.01,364,0.737391
-0.01,57,0.743402
-0.01,69,0.750433
-0.01,30,0.753567
-0.01,13,0.754948
-0.01,60,0.761234
-0.01,22,0.763525
-0.01,10,0.764584
-0.01,89,0.773961
-0.01,80,0.782362
-0.01,30,0.785524
-0.01,48,0.790582
-0.01,226,0.814341
-0.01,240,0.838986
-0.01,485,0.889767
-0.01,332,0.923866
-0.01,170,0.941407
-0.01,2,0.941646
-0.01,156,0.958127
-0.01,113,0.970079
-0.01,121,0.982776
-0.01,257,1.009728
-0.01,15,1.01129
-0.01,21,1.013551
-0.01,219,1.036675
-0.01,67,1.04376
-0.01,145,1.067955
-0.01,15,1.069829
-0.01,200,1.090724
-0.01,33,1.094169
-0.01,101,1.104922
-0.01,36,1.108763
-0.01,163,1.125115
-0.01,11,1.12629
-0.01,122,1.139343
-0.01,101,1.150051
-0.01,34,1.153653
-0.01,34,1.157204
-0.01,96,1.167309
-0.01,267,1.195499
-0.01,89,1.205019
-0.01,107,1.216353
-0.01,82,1.225165
-0.01,143,1.240343
-0.01,10,1.241432
-0.01,91,1.251201
-0.01,133,1.265443
-0.01,162,1.282471
-0.01,92,1.292364
-0.01,96,1.302646
-0.01,156,1.31919
-0.01,91,1.32892
-0.01,129,1.342819
-0.01,86,1.352037
-0.01,114,1.364198
-0.01,80,1.37276
-0.01,102,1.383665
-0.01,103,1.394596
-0.01,165,1.412135
-0.01,123,1.425068
-0.01,59,1.431455
-0.01,6,1.432101
-0.01,60,1.438659
-0.01,35,1.442409
-0.01,9,1.443393
-0.01,136,1.457914
-0.01,21,1.460187
-0.01,84,1.469106
-0.01,59,1.475442
-0.01,78,1.483691
-0.01,93,1.49358
-0.01,17,1.495414
-0.01,48,1.500633
-0.01,76,1.508727
-0.01,16,1.510451
-0.01,32,1.513903
-0.01,65,1.520883
-0.01,71,1.528422
-0.01,85,1.537481
-0.01,2,1.537706
-0.01,2,1.537938
-0.01,22,1.540349
-0.01,24,1.542948
-0.01,49,1.548194
-0.01,64,1.55503
-0.01,42,1.559575
-0.01,45,1.564325
-0.01,108,1.575441
-0.01,51,1.580823
-0.01,49,1.586123
-0.01,53,1.591753
-0.01,13,1.593172
-0.01,22,1.595538
-0.01,26,1.598344
-0.01,70,1.60567
-0.01,41,1.610027
-0.01,38,1.614109
-0.01,85,1.623145
-0.01,31,1.626489
-0.01,43,1.630964
-0.01,55,1.636888
-0.01,20,1.639064
-0.01,56,1.645045
-0.01,39,1.649182
-0.01,37,1.653125
-0.01,20,1.65527
-0.01,23,1.657757
-0.01,36,1.661599
-0.01,64,1.668409
-0.01,27,1.671333
-0.01,114,1.683293
-0.01,63,1.690014
-0.01,33,1.693528
-0.01,35,1.697295
-0.01,34,1.700936
-0.01,72,1.708635
-0.01,2,1.708867
-0.01,38,1.712939
-0.01,33,1.716423
-0.01,30,1.719627
-0.01,43,1.724215
-0.01,35,1.727903
-0.01,32,1.7313
-0.01,19,1.733352
-0.01,32,1.736719
-0.01,31,1.740004
-0.01,48,1.745083
-0.01,36,1.748837
-0.01,35,1.752544
-0.01,64,1.75937
-0.01,46,1.764209
-0.01,5,1.764759
-0.01,14,1.766143
-0.01,63,1.772352
-0.01,54,1.778093
-0.01,7,1.778864
-0.01,55,1.784683
-0.01,11,1.785838
-0.01,9,1.786823
-0.01,38,1.790781
-0.01,4,1.791225
-0.01,42,1.795564
-0.01,30,1.798714
-0.01,11,1.799885
-0.01,34,1.80352
-0.01,41,1.807847
-0.01,31,1.811099
-0.01,6,1.811756
-0.01,57,1.817858
-0.01,7,1.818623
-0.01,33,1.822171
-0.01,21,1.824401
-0.01,2,1.824632
-0.01,6,1.825287
-0.01,9,1.826271
-0.01,18,1.828174
-0.01,57,1.83424
-0.01,45,1.838939
-0.01,9,1.839913
-0.01,47,1.844918
-0.01,30,1.848071
-0.01,35,1.851734
-0.01,32,1.855082
-0.01,2,1.855306
-0.01,2,1.855528
-0.01,21,1.857801
-0.01,25,1.860481
-0.01,90,1.869916
-0.01,48,1.874918
-0.01,32,1.878332
-0.01,28,1.881317
-0.01,12,1.882622
-0.01,35,1.886331
-0.01,37,1.890258
-0.01,36,1.894039
-0.01,39,1.898108
-0.01,19,1.900223
-0.01,20,1.902383
-0.01,32,1.905724
-0.01,14,1.907209
-0.01,32,1.910547
-0.01,36,1.91436
-0.01,30,1.917526
-0.01,30,1.920703
-0.01,33,1.924192
-0.01,40,1.928419
-0.01,32,1.931807
-0.01,55,1.937687
-0.01,33,1.941143
-0.01,33,1.944627
-0.01,32,1.948026
-0.01,34,1.951616
-0.01,26,1.9544
-0.01,32,1.957762
-0.01,14,1.959287
-0.01,2,1.959517
-0.01,41,1.963801
-0.01,35,1.967497
-0.01,33,1.970895
-0.01,19,1.972908
-0.01,12,1.974213
-0.01,33,1.977707
-0.01,61,1.984184
-0.01,11,1.985342
-0.01,35,1.988929
-0.01,36,1.992626
-0.01,14,1.99409
-0.01,30,1.997266
-0.01,21,1.999489
-0.01,38,2.003528
-0.01,2,2.003752
-0.01,37,2.007662
-0.01,27,2.010544
-0.01,37,2.014405
-0.01,37,2.018314
-0.01,4,2.018756
-0.01,32,2.022137
-0.01,40,2.026369
-0.01,23,2.028838
-0.01,33,2.032276
-0.01,37,2.03617
-0.01,30,2.039339
-0.01,33,2.04284
-0.01,23,2.045275
-0.01,33,2.048776
-0.01,32,2.052173
-0.01,32,2.055523
-0.01,35,2.059238
-0.01,27,2.06212
-0.01,40,2.066359
-0.01,30,2.069551
-0.01,31,2.072837
-0.01,34,2.076437
-0.01,2,2.076668
-0.01,35,2.080375
-0.01,15,2.081905
-0.01,36,2.085712
-0.01,32,2.089091
-0.01,32,2.092464
-0.01,4,2.092902
-0.01,38,2.09689
-0.01,30,2.100066
-0.01,30,2.10319
-0.01,31,2.106466
-0.01,29,2.109532
-0.01,22,2.11183
-0.01,30,2.114995
-0.01,29,2.118383
-0.01,35,2.122032
-0.01,36,2.125777
-0.01,2,2.126003
-0.01,33,2.129478
-0.01,36,2.133215
-0.01,16,2.134941
-0.01,36,2.138743
-0.01,30,2.14192
-0.01,39,2.145973
-0.01,32,2.149351
-0.01,35,2.153005
-0.01,33,2.156487
-0.01,6,2.157144
-0.01,27,2.160016
-0.01,34,2.163592
-0.01,2,2.163822
-0.01,27,2.166696
-0.01,29,2.169726
-0.01,30,2.172881
-0.01,42,2.177231
-0.01,34,2.180816
-0.01,36,2.184651
-0.01,4,2.185083
-0.01,36,2.188869
-0.01,36,2.192663
-0.01,33,2.19616
-0.01,30,2.199351
-0.01,31,2.202583
-0.01,32,2.205946
-0.01,33,2.209443
-0.01,17,2.211284
-0.01,30,2.214444
-0.01,30,2.217615
-0.01,28,2.22059
-0.01,40,2.2248
-0.01,32,2.228179
-0.01,32,2.231546
-0.01,31,2.234879
-0.01,33,2.238358
-0.01,34,2.241946
-0.01,35,2.245631
-0.01,30,2.248817
-0.01,35,2.252582
-0.01,14,2.254099
-0.01,32,2.257469
-0.01,30,2.260646
-0.01,34,2.264252
-0.01,29,2.267347
-0.01,36,2.271131
-0.01,37,2.275077
-0.01,30,2.278249
-0.01,38,2.282229
-0.01,8,2.283103
-0.01,36,2.286877
-0.01,11,2.288032
-0.01,30,2.291196
-0.01,8,2.292056
-0.01,34,2.295604
-0.01,30,2.298771
-0.01,33,2.302184
-0.01,32,2.305514
-0.01,30,2.308678
-0.01,6,2.309333
-0.01,32,2.312717
-0.01,26,2.315469
-0.01,6,2.316123
-0.01,17,2.317958
-0.01,37,2.32188
-0.01,30,2.325058
-0.01,18,2.326992
-0.01,30,2.330169
-0.01,30,2.3334
-0.01,32,2.336822
-0.01,9,2.337792
-0.01,28,2.340785
-0.01,34,2.344375
-0.01,32,2.347698
-0.01,31,2.350978
-0.01,31,2.354294
-0.01,32,2.357671
-0.01,33,2.361149
-0.01,35,2.36489
-0.01,24,2.367461
-0.01,4,2.3679
-0.01,32,2.371283
-0.01,30,2.374452
-0.01,30,2.377622
-0.01,27,2.380492
-0.01,31,2.383775
-0.01,30,2.38695
-0.01,32,2.390341
-0.01,34,2.393948
-0.01,35,2.397619
-0.01,23,2.400037
-0.01,24,2.402591
-0.01,23,2.405058
-0.01,35,2.408761
-0.01,4,2.4092
-0.01,18,2.411136
-0.01,30,2.414322
-0.01,32,2.417691
-0.01,33,2.421131
-0.01,32,2.424451
-0.01,30,2.427609
-0.01,27,2.430477
-0.01,29,2.433501
-0.01,30,2.436659
-0.01,31,2.439906
-0.01,37,2.443795
-0.01,32,2.44719
-0.01,27,2.450076
-0.01,26,2.452836
-0.01,20,2.454988
-0.01,15,2.456594
-0.01,37,2.460488
-0.01,10,2.461558
-0.01,32,2.464931
-0.01,6,2.465581
-0.01,32,2.468979
-0.01,25,2.471599
-0.01,30,2.474775
-0.01,30,2.47795
-0.01,35,2.481649
-0.01,23,2.484105
-0.01,37,2.487993
-0.01,35,2.491982
-0.01,32,2.495365
-0.01,16,2.497091
-0.01,34,2.500635
-0.01,30,2.503808
-0.01,35,2.507491
-0.01,20,2.509632
-0.01,32,2.513013
-0.01,32,2.516392
-0.01,27,2.519268
-0.01,34,2.522863
-0.01,30,2.526066
-0.01,34,2.529604
-0.01,12,2.530904
-0.01,18,2.53283
-0.01,35,2.536532
-0.01,32,2.539869
-0.01,19,2.541923
-0.01,36,2.54565
-0.01,4,2.546087
-0.01,14,2.547607
-0.01,31,2.550869
-0.01,36,2.554619
-0.01,4,2.555055
-0.01,35,2.558684
-0.01,31,2.561947
-0.01,32,2.565331
-0.01,40,2.569506
-0.01,2,2.569735
-0.01,10,2.57081
-0.01,32,2.574213
-0.01,32,2.577586
-0.01,34,2.58117
-0.01,4,2.581609
-0.01,31,2.584826
-0.01,23,2.587277
-0.01,32,2.590661
-0.01,4,2.591092
-0.01,24,2.593653
-0.01,32,2.597033
-0.01,14,2.598549
-0.01,35,2.602213
-0.01,32,2.605562
-0.01,30,2.608725
-0.01,30,2.611881
-0.01,28,2.61483
-0.01,25,2.617478
-0.01,27,2.620342
-0.01,22,2.622698
-0.01,39,2.626775
-0.01,37,2.630612
-0.01,33,2.634044
-0.01,30,2.637233
-0.01,34,2.640822
-0.01,44,2.645432
-0.01,16,2.647162
-0.01,8,2.648033
-0.01,36,2.651818
-0.01,34,2.655393
-0.01,30,2.658575
-0.01,33,2.661996
-0.01,33,2.665476
-0.01,34,2.669052
-0.01,30,2.672216
-0.01,6,2.672868
-0.01,33,2.676326
-0.01,30,2.679488
-0.01,34,2.68306
-0.01,4,2.683496
-0.01,35,2.687168
-0.01,32,2.690474
-0.01,30,2.693626
-0.01,35,2.6973
-0.01,19,2.699318
-0.01,31,2.702587
-0.01,35,2.706251
-0.01,41,2.710555
-0.01,11,2.711709
-0.01,33,2.715176
-0.01,35,2.718871
-0.01,11,2.72002
-0.01,7,2.720773
-0.01,33,2.724261
-0.01,31,2.727534
-0.01,31,2.730808
-0.01,37,2.734688
-0.01,27,2.737455
-0.01,4,2.737894
-0.01,32,2.741271
-0.01,38,2.745244
-0.01,69,2.752641
-0.01,36,2.756396
-0.01,33,2.759887
-0.01,16,2.761618
-0.01,32,2.76503
-0.01,32,2.768549
-0.01,23,2.771021
-0.01,34,2.774565
-0.01,33,2.778037
-0.01,4,2.778476
-0.01,35,2.782185
-0.01,18,2.784086
-0.01,13,2.785448
-0.01,46,2.790268
-0.01,15,2.791824
-0.01,29,2.794892
-0.01,11,2.796053
-0.01,29,2.79912
-0.01,31,2.802387
-0.01,37,2.806267
-0.01,6,2.806923
-0.01,31,2.81021
-0.01,30,2.813381
-0.01,31,2.816662
-0.01,31,2.819944
-0.01,4,2.820384
-0.01,27,2.823143
-0.01,11,2.82429
-0.01,32,2.827662
-0.01,33,2.831134
-0.01,31,2.834445
-0.01,32,2.837816
-0.01,29,2.840875
-0.01,2,2.841098
-0.01,30,2.844268
-0.01,34,2.847845
-0.01,38,2.851858
-0.01,32,2.85526
-0.01,7,2.856015
-0.01,32,2.859394
-0.01,34,2.862987
-0.01,34,2.866535
-0.01,38,2.870566
-0.01,32,2.873942
-0.01,31,2.877221
-0.01,32,2.880552
-0.01,31,2.883848
-0.01,38,2.887858
-0.01,35,2.891534
-0.01,37,2.89542
-0.01,34,2.899127
-0.01,34,2.902705
-0.01,27,2.905567
-0.01,37,2.909462
-0.01,34,2.913043
-0.01,16,2.914778
-0.01,28,2.917704
-0.01,34,2.921295
-0.01,36,2.925035
-0.01,32,2.92842
-0.01,31,2.931705
-0.01,16,2.933392
-0.01,34,2.936975
-0.01,33,2.940461
-0.01,17,2.942301
-0.01,33,2.945768
-0.01,6,2.946431
-0.01,36,2.950235
-0.01,31,2.953503
-0.01,34,2.957062
-0.01,2,2.95729
-0.01,32,2.960608
-0.01,8,2.961469
-0.01,30,2.964635
-0.01,32,2.968004
-0.01,32,2.97134
-0.01,31,2.974604
-0.01,33,2.978075
-0.01,28,2.981036
-0.01,32,2.984409
-0.01,35,2.988128
-0.01,41,2.992468
-0.01,31,2.995751
-0.01,2,2.995981
-0.01,30,2.999148
-0.01,27,3.002008
-0.01,36,3.005787
-0.01,33,3.009266
-0.01,36,3.01306
-0.01,17,3.014899
-0.01,40,3.019104
-0.01,33,3.022582
-0.01,36,3.026349
-0.01,23,3.0288
-0.01,35,3.032443
-0.01,32,3.035777
-0.01,33,3.039243
-0.01,34,3.042817
-0.01,32,3.046188
-0.01,32,3.049568
-0.01,30,3.052764
-0.01,14,3.054271
-0.01,34,3.057836
-0.01,4,3.058274
-0.01,30,3.061444
-0.01,31,3.064708
-0.01,25,3.06737
-0.01,2,3.067591
-0.01,27,3.070465
-0.01,34,3.074049
-0.01,35,3.077722
-0.01,39,3.081812
-0.01,35,3.0855
-0.01,32,3.088868
-0.01,25,3.091494
-0.01,36,3.095269
-0.01,15,3.096874
-0.01,10,3.097951
-0.01,30,3.101119
-0.01,34,3.104682
-0.01,4,3.105119
-0.01,39,3.109218
-0.01,32,3.112587
-0.01,40,3.116764
-0.01,32,3.120137
-0.01,23,3.122543
-0.01,6,3.123193
-0.01,8,3.124057
-0.01,17,3.125892
-0.01,27,3.128761
-0.01,37,3.132596
-0.01,8,3.133461
-0.01,33,3.136913
-0.01,6,3.137565
-0.01,34,3.14115
-0.01,31,3.144424
-0.01,35,3.148096
-0.01,32,3.15145
-0.01,14,3.152957
-0.01,26,3.155722
-0.01,27,3.158581
-0.01,32,3.161948
-0.01,30,3.165111
-0.01,33,3.168583
-0.01,31,3.171945
-0.01,28,3.174918
-0.01,31,3.178184
-0.01,14,3.179652
-0.01,32,3.183056
-0.01,25,3.185709
-0.01,2,3.185939
-0.01,34,3.189527
-0.01,32,3.192891
-0.01,26,3.195636
-0.01,27,3.198507
-0.01,36,3.202306
-0.01,4,3.202748
-0.01,34,3.206225
-0.01,31,3.209534
-0.01,26,3.212324
-0.01,32,3.215693
-0.01,34,3.21925
-0.01,29,3.222355
-0.01,6,3.223007
-0.01,29,3.226085
-0.01,36,3.229892
-0.01,33,3.233402
-0.01,34,3.236943
-0.01,30,3.240116
-0.01,35,3.243793
-0.01,37,3.247705
-0.01,31,3.250975
-0.01,37,3.254869
-0.01,30,3.258033
-0.01,40,3.262175
-0.01,6,3.262814
-0.01,23,3.265251
-0.01,6,3.265905
-0.01,31,3.269159
-0.01,38,3.27315
-0.01,19,3.275191
-0.01,37,3.279102
-0.01,39,3.283241
-0.01,30,3.286441
-0.01,34,3.290034
-0.01,32,3.293399
-0.01,38,3.297332
-0.01,33,3.300805
-0.01,30,3.303967
-0.01,36,3.307743
-0.01,28,3.310725
-0.01,4,3.311164
-0.01,32,3.314553
-0.01,32,3.31792
-0.01,31,3.321188
-0.01,35,3.324867
-0.01,17,3.326694
-0.01,37,3.330523
-0.01,8,3.331391
-0.01,30,3.334554
-0.01,30,3.33772
-0.01,34,3.341297
-0.01,6,3.341941
-0.01,33,3.34535
-0.01,34,3.348936
-0.01,2,3.349165
-0.01,34,3.352678
-0.01,37,3.356495
-0.01,30,3.359644
-0.01,34,3.363208
-0.01,32,3.36658
-0.01,25,3.369136
-0.01,34,3.372718
-0.01,30,3.375902
-0.01,34,3.379424
-0.01,26,3.382172
-0.01,30,3.385341
-0.01,30,3.388491
-0.01,34,3.392059
-0.01,30,3.395224
-0.01,33,3.398695
-0.01,25,3.401351
-0.01,30,3.404512
-0.01,25,3.407159
-0.01,38,3.411153
-0.01,8,3.412012
-0.01,32,3.415383
-0.01,36,3.419164
-0.01,33,3.422637
-0.01,19,3.424687
-0.01,14,3.426179
-0.01,12,3.427475
-0.01,33,3.430948
-0.01,25,3.433632
-0.01,2,3.433892
-0.01,38,3.437901
-0.01,30,3.44107
-0.01,23,3.443471
-0.01,36,3.447214
-0.01,35,3.450917
-0.01,33,3.454384
-0.01,6,3.455041
-0.01,17,3.456865
-0.01,40,3.461069
-0.01,35,3.464742
-0.01,33,3.468218
-0.01,38,3.472204
-0.01,35,3.47587
-0.01,31,3.479141
-0.01,30,3.4823
-0.01,32,3.485677
-0.01,35,3.489349
-0.01,32,3.492671
-0.01,2,3.492901
-0.01,40,3.497444
-0.01,30,3.500679
-0.01,32,3.504051
-0.01,28,3.507026
-0.01,12,3.508324
-0.01,18,3.510247
-0.01,37,3.51414
-0.01,33,3.517554
-0.01,30,3.520746
-0.01,4,3.521184
-0.01,32,3.524545
-0.01,36,3.528263
-0.01,6,3.52892
-0.01,35,3.532603
-0.01,32,3.535967
-0.01,31,3.539238
-0.01,31,3.5425
-0.01,29,3.54555
-0.01,19,3.547557
-0.01,7,3.548316
-0.01,15,3.549902
-0.01,31,3.553168
-0.01,31,3.556438
-0.01,8,3.557287
-0.01,29,3.560339
-0.01,29,3.563396
-0.01,13,3.564752
-0.01,33,3.568216
-0.01,38,3.57217
-0.01,33,3.575643
-0.01,35,3.579259
-0.01,19,3.581252
-0.01,35,3.584926
-0.01,31,3.588193
-0.01,35,3.591874
-0.01,32,3.595227
-0.01,36,3.598985
-0.01,29,3.602047
-0.01,31,3.605328
-0.01,30,3.608482
-0.01,33,3.611959
-0.01,32,3.615323
-0.01,29,3.618372
-0.01,32,3.621766
-0.01,30,3.624911
-0.01,2,3.625127
-0.01,34,3.628701
-0.01,31,3.631952
-0.01,19,3.634006
-0.01,23,3.636462
-0.01,32,3.639832
-0.01,35,3.643527
-0.01,36,3.64735
-0.01,36,3.651148
-0.01,17,3.653
-0.01,37,3.656856
-0.01,30,3.660031
-0.01,36,3.663814
-0.01,30,3.666996
-0.01,25,3.669624
-0.01,34,3.67322
-0.01,32,3.676596
-0.01,16,3.67833
-0.01,33,3.681811
-0.01,32,3.685193
-0.01,21,3.68745
-0.01,31,3.690738
-0.01,32,3.694097
-0.01,30,3.697275
-0.01,17,3.699114
-0.01,32,3.702447
-0.01,31,3.705737
-0.01,19,3.707788
-0.01,34,3.711399
-0.01,39,3.715503
-0.01,31,3.718767
-0.01,36,3.722579
-0.01,30,3.725749
-0.01,8,3.726616
-0.01,32,3.729998
-0.01,33,3.733476
-0.01,37,3.737364
-0.01,27,3.740186
-0.01,31,3.743445
-0.01,34,3.747027
-0.01,35,3.750713
-0.01,36,3.754495
-0.01,34,3.75805
-0.01,34,3.761629
-0.01,37,3.765542
-0.01,30,3.768711
-0.01,34,3.772293
-0.01,2,3.772522
-0.01,35,3.776222
-0.01,19,3.778251
-0.01,23,3.780705
-0.01,30,3.783854
-0.01,19,3.785854
-0.01,36,3.789649
-0.01,30,3.792807
-0.01,8,3.793666
-0.01,33,3.797131
-0.01,34,3.800705
-0.01,32,3.804058
-0.01,36,3.807824
-0.01,2,3.808054
-0.01,35,3.811713
-0.01,19,3.813723
-0.01,31,3.816981
-0.01,7,3.817739
-0.01,34,3.821319
-0.01,36,3.825076
-0.01,37,3.828963
-0.01,32,3.832327
-0.01,30,3.835487
-0.01,31,3.838734
-0.01,32,3.842128
-0.01,43,3.846636
-0.01,40,3.85082
-0.01,30,3.854007
-0.01,35,3.857587
-0.01,5,3.858125
-0.01,31,3.861388
-0.01,35,3.864989
-0.01,31,3.868249
-0.01,17,3.870043
-0.01,6,3.870694
-0.01,34,3.874269
-0.01,8,3.875125
-0.01,31,3.878378
-0.01,12,3.879677
-0.01,35,3.88335
-0.01,31,3.886605
-0.01,34,3.890176
-0.01,32,3.893534
-0.01,10,3.894604
-0.01,28,3.897526
-0.01,41,3.901771
-0.01,23,3.904226
-0.01,36,3.908018
-0.01,34,3.91161
-0.01,37,3.915491
-0.01,21,3.917738
-0.01,23,3.920183
-0.01,35,3.923866
-0.01,20,3.926003
-0.01,32,3.929384
-0.01,37,3.933269
-0.01,39,3.937311
-0.01,35,3.940967
-0.01,21,3.943214
-0.01,34,3.946795
-0.01,34,3.950368
-0.01,30,3.953525
-0.01,18,3.955459
-0.01,24,3.957995
-0.01,35,3.961619
-0.01,22,3.963974
-0.01,36,3.967772
-0.01,2,3.968003
-0.01,23,3.970458
-0.01,18,3.972403
-0.01,34,3.975955
-0.01,30,3.979106
-0.01,30,3.982263
-0.01,36,3.986028
-0.01,35,3.989691
-0.01,2,3.989922
-0.01,30,3.993072
-0.01,35,3.996752
-0.01,4,3.997187
-0.01,32,4.00056
-0.01,18,4.002498
-0.01,8,4.003361
-0.01,32,4.00673
-0.01,32,4.010092
-0.01,31,4.013363
-0.01,30,4.016522
-0.01,7,4.017279
-0.01,36,4.021059
-0.01,34,4.024624
-0.01,19,4.026658
-0.01,9,4.027621
-0.01,36,4.0314
-0.01,31,4.034651
-0.01,36,4.038473
-0.01,31,4.041758
-0.01,4,4.042195
-0.01,35,4.045827
-0.01,17,4.047619
-0.01,45,4.052342
-0.01,32,4.055709
-0.01,2,4.055942
-0.01,4,4.056379
-0.01,32,4.059758
-0.01,21,4.061998
-0.01,37,4.065876
-0.01,32,4.069241
-0.01,31,4.072518
-0.01,32,4.075887
-0.01,34,4.079462
-0.01,32,4.082833
-0.01,34,4.086408
-0.01,2,4.086636
-0.01,33,4.090104
-0.01,32,4.09348
-0.01,30,4.096645
-0.01,34,4.100229
-0.01,30,4.103406
-0.01,32,4.106779
-0.01,32,4.110164
-0.01,36,4.113911
-0.01,33,4.117382
-0.01,21,4.119624
-0.01,39,4.123718
-0.01,8,4.124585
-0.01,40,4.128732
-0.01,32,4.132101
-0.01,32,4.135472
-0.01,34,4.139057
-0.01,4,4.139495
-0.01,30,4.142661
-0.01,34,4.146229
-0.01,27,4.149105
-0.01,34,4.152684
-0.01,36,4.15648
-0.01,30,4.159663
-0.01,38,4.163657
-0.01,16,4.165377
-0.01,32,4.168792
-0.01,33,4.172235
-0.01,32,4.175566
-0.01,31,4.178828
-0.01,36,4.182652
-0.01,23,4.185082
-0.01,30,4.188242
-0.01,24,4.190799
-0.01,30,4.193956
-0.01,30,4.197128
-0.01,36,4.200911
-0.01,30,4.204068
-0.01,25,4.206718
-0.01,25,4.209358
-0.01,31,4.212626
-0.01,27,4.215486
-0.01,33,4.218965
-0.01,32,4.22234
-0.01,30,4.225504
-0.01,32,4.22896
-0.01,31,4.232243
-0.01,35,4.236001
-0.01,2,4.236232
-0.01,31,4.239507
-0.01,29,4.24259
-0.01,27,4.245447
-0.01,37,4.249311
-0.01,31,4.252555
-0.01,32,4.255927
-0.01,30,4.2591
-0.01,35,4.262848
-0.01,31,4.266127
-0.01,8,4.266977
-0.01,39,4.271042
-0.01,30,4.274217
-0.01,16,4.275938
-0.01,35,4.279631
-0.01,36,4.28344
-0.01,33,4.286912
-0.01,32,4.290292
-0.01,36,4.294066
-0.01,32,4.297429
-0.01,30,4.300585
-0.01,33,4.304058
-0.01,28,4.30698
-0.01,25,4.30955
-0.01,35,4.313218
-0.01,33,4.31665
-0.01,32,4.319981
-0.01,4,4.320422
-0.01,37,4.324229
-0.01,29,4.327277
-0.01,11,4.328427
-0.01,6,4.329088
-0.01,36,4.332882
-0.01,31,4.336175
-0.01,33,4.339642
-0.01,29,4.342691
-0.01,6,4.343333
-0.01,35,4.34701
-0.01,29,4.350058
-0.01,30,4.353219
-0.01,34,4.356799
-0.01,21,4.358959
-0.01,30,4.362095
-0.01,7,4.362845
-0.01,24,4.3654
-0.01,30,4.36859
-0.01,24,4.371052
-0.01,32,4.374428
-0.01,32,4.377799
-0.01,32,4.381161
-0.01,37,4.385053
-0.01,43,4.389517
-0.01,17,4.391373
-0.01,30,4.394534
-0.01,2,4.394759
-0.01,18,4.396695
-0.01,18,4.398574
-0.01,32,4.401941
-0.01,34,4.405506
-0.01,35,4.409189
-0.01,28,4.412165
-0.01,30,4.41533
-0.01,39,4.419422
-0.01,30,4.422579
-0.01,34,4.426162
-0.01,30,4.429329
-0.01,32,4.43273
-0.01,14,4.434239
-0.01,4,4.434685
-0.01,2,4.434932
-0.01,21,4.437199
-0.01,16,4.438916
-0.01,18,4.440805
-0.01,32,4.44418
-0.01,38,4.448169
-0.01,32,4.451562
-0.01,30,4.454745
-0.01,4,4.455183
-0.01,34,4.45872
-0.01,31,4.462
-0.01,32,4.465346
-0.01,34,4.468921
-0.01,31,4.472192
-0.01,34,4.475764
-0.01,29,4.478826
-0.01,31,4.48209
-0.01,31,4.485319
-0.01,6,4.48598
-0.01,13,4.487339
-0.01,38,4.491291
-0.01,32,4.494615
-0.01,45,4.499504
-0.01,27,4.502424
-0.01,31,4.505697
-0.01,29,4.508755
-0.01,15,4.510339
-0.01,40,4.514487
-0.01,25,4.517137
-0.01,33,4.520612
-0.01,29,4.523664
-0.01,9,4.524632
-0.01,29,4.52769
-0.01,30,4.53086
-0.01,35,4.534526
-0.01,31,4.537797
-0.01,29,4.540887
-0.01,35,4.544558
-0.01,31,4.547831
-0.01,31,4.551105
-0.01,33,4.554568
-0.01,35,4.558149
-0.01,10,4.559223
-0.01,34,4.562826
-0.01,31,4.566075
-0.01,32,4.569442
-0.01,2,4.569667
-0.01,34,4.573247
-0.01,32,4.576616
-0.01,6,4.577261
-0.01,30,4.580437
-0.01,27,4.583309
-0.01,36,4.587035
-0.01,8,4.587906
-0.01,34,4.591487
-0.01,34,4.595055
-0.01,30,4.598224
-0.01,32,4.601616
-0.01,38,4.605566
-0.01,32,4.608947
-0.01,31,4.612212
-0.01,30,4.615376
-0.01,42,4.619788
-0.01,35,4.623434
-0.01,31,4.6267
-0.01,34,4.63029
-0.01,34,4.633869
-0.01,32,4.637275
-0.01,30,4.640438
-0.01,33,4.643904
-0.01,32,4.647284
-0.01,6,4.647935
-0.01,35,4.651582
-0.01,34,4.655161
-0.01,32,4.658525
-0.01,6,4.659182
-0.01,36,4.662902
-0.01,4,4.663338
-0.01,29,4.666393
-0.01,42,4.670762
-0.01,9,4.671741
-0.01,33,4.675169
-0.01,11,4.676318
-0.01,36,4.680096
-0.01,31,4.683354
-0.01,36,4.687116
-0.01,11,4.688291
-0.01,11,4.689452
-0.01,9,4.690425
-0.01,22,4.692743
-0.01,31,4.696028
-0.01,29,4.699095
-0.01,30,4.702206
-0.01,29,4.705276
-0.01,40,4.709369
-0.01,32,4.712679
-0.01,15,4.714246
-0.01,32,4.717613
-0.01,33,4.721098
-0.01,38,4.725087
-0.01,2,4.725315
-0.01,32,4.728634
-0.01,31,4.731913
-0.01,32,4.735255
-0.01,31,4.738466
-0.01,9,4.739437
-0.01,11,4.740596
-0.01,39,4.744683
-0.01,13,4.746004
-0.01,2,4.746225
-0.01,34,4.749795
-0.01,24,4.752349
-0.01,34,4.755917
-0.01,2,4.756144
-0.01,25,4.758761
-0.01,30,4.761947
-0.01,37,4.765827
-0.01,34,4.76941
-0.01,35,4.773081
-0.01,31,4.776344
-0.01,14,4.777855
-0.01,34,4.781442
-0.01,31,4.784706
-0.01,28,4.787661
-0.01,34,4.791191
-0.01,35,4.794823
-0.01,23,4.797239
-0.01,4,4.797677
-0.01,20,4.799838
-0.01,35,4.803513
-0.01,29,4.806558
-0.01,31,4.809834
-0.01,31,4.81305
-0.01,46,4.817828
-0.01,7,4.818588
-0.01,22,4.820953
-0.01,31,4.82422
-0.01,10,4.825296
-0.01,20,4.827462
-0.01,33,4.830936
-0.01,6,4.831591
-0.01,9,4.832559
-0.01,31,4.83582
-0.01,30,4.839004
-0.01,31,4.842274
-0.01,30,4.845439
-0.01,42,4.849752
-0.01,32,4.853112
-0.01,33,4.856572
-0.01,31,4.859851
-0.01,32,4.863228
-0.01,24,4.865736
-0.01,30,4.868911
-0.01,31,4.872163
-0.01,31,4.87542
-0.01,30,4.878589
-0.01,36,4.88239
-0.01,38,4.886388
-0.01,35,4.890069
-0.01,6,4.890717
-0.01,34,4.894327
-0.01,27,4.897178
-0.01,33,4.900663
-0.01,14,4.902131
-0.01,30,4.905287
-0.01,33,4.908758
-0.01,2,4.908988
-0.01,2,4.909216
-0.01,30,4.912388
-0.01,7,4.913149
-0.01,31,4.916414
-0.01,2,4.916638
-0.01,31,4.919906
-0.01,2,4.920128
-0.01,14,4.921635
-0.01,14,4.923143
-0.01,35,4.926832
-0.01,30,4.930035
-0.01,33,4.933503
-0.01,32,4.936921
-0.01,9,4.937887
-0.01,6,4.938536
-0.01,33,4.941946
-0.01,35,4.945629
-0.01,37,4.949505
-0.01,6,4.950156
-0.01,37,4.954025
-0.01,16,4.955732
-0.01,33,4.959235
-0.01,30,4.962404
-0.01,24,4.964953
-0.01,32,4.968282
-0.01,33,4.97177
-0.01,34,4.975359
-0.01,30,4.978518
-0.01,41,4.982739
-0.01,34,4.986326
-0.01,35,4.990006
-0.01,34,4.993581
-0.01,36,4.997376
-0.01,34,5.00102
-0.01,30,5.004192
-0.01,35,5.007878
-0.01,17,5.009714
-0.01,31,5.012979
-0.01,17,5.014813
-0.01,18,5.016745
-0.01,26,5.019475
-0.01,35,5.023177
-0.01,43,5.027589
-0.01,32,5.030966
-0.01,31,5.034236
-0.01,30,5.037388
-0.01,42,5.041808
-0.01,31,5.045075
-0.01,10,5.046147
-0.01,32,5.049535
-0.01,37,5.053438
-0.01,30,5.056596
-0.01,9,5.057567
-0.01,27,5.060438
-0.01,32,5.063813
-0.01,19,5.065847
-0.01,17,5.067684
-0.01,33,5.071176
-0.01,36,5.074959
-0.01,43,5.079432
-0.01,30,5.082593
-0.01,7,5.083347
-0.01,9,5.084314
-0.01,35,5.088003
-0.01,23,5.090486
-0.01,37,5.094369
-0.01,33,5.097838
-0.01,31,5.101124
-0.01,2,5.101353
-0.01,42,5.105701
-0.01,16,5.107428
-0.01,35,5.111113
-0.01,4,5.11155
-0.01,32,5.114912
-0.01,34,5.11849
-0.01,35,5.122138
-0.01,32,5.125501
-0.01,16,5.127213
-0.01,31,5.130491
-0.01,28,5.133486
-0.01,32,5.136861
-0.01,36,5.140663
-0.01,38,5.14467
-0.01,34,5.148257
-0.01,34,5.151844
-0.01,19,5.153903
-0.01,37,5.157821
-0.01,30,5.160991
-0.01,38,5.164991
-0.01,31,5.16826
-0.01,35,5.171944
-0.01,34,5.175519
-0.01,30,5.178693
-0.01,30,5.181868
-0.01,34,5.185396
-0.01,33,5.188872
-0.01,18,5.190811
-0.01,15,5.192415
-0.01,33,5.195844
-0.01,34,5.19944
-0.01,30,5.202608
-0.01,35,5.20623
-0.01,39,5.210327
-0.01,12,5.211626
-0.01,40,5.215777
-0.01,32,5.219109
-0.01,8,5.219971
-0.01,31,5.223243
-0.01,24,5.225789
-0.01,33,5.229269
-0.01,34,5.232831
-0.01,31,5.236092
-0.01,36,5.239885
-0.01,32,5.243253
-0.01,31,5.246525
-0.01,20,5.248674
-0.01,32,5.252056
-0.01,12,5.253352
-0.01,39,5.257431
-0.01,32,5.260803
-0.01,4,5.26124
-0.01,18,5.26317
-0.01,37,5.267039
-0.01,37,5.27094
-0.01,21,5.273199
-0.01,8,5.274061
-0.01,36,5.277846
-0.01,32,5.281323
-0.01,2,5.281549
-0.01,34,5.285085
-0.01,27,5.287968
-0.01,34,5.291557
-0.01,33,5.295039
-0.01,8,5.295911
-0.01,31,5.299163
-0.01,31,5.302429
-0.01,31,5.305691
-0.01,30,5.308857
-0.01,30,5.312031
-0.01,32,5.315411
-0.01,34,5.318993
-0.01,38,5.323003
-0.01,29,5.326056
-0.01,38,5.330051
-0.01,30,5.333203
-0.01,36,5.336946
-0.01,32,5.340353
-0.01,38,5.344361
-0.01,30,5.347529
-0.01,35,5.351135
-0.01,8,5.352029
-0.01,33,5.355501
-0.01,31,5.358758
-0.01,33,5.362219
-0.01,34,5.36578
-0.01,8,5.366636
-0.01,14,5.368151
-0.01,32,5.371522
-0.01,32,5.374899
-0.01,31,5.378175
-0.01,34,5.381759
-0.01,32,5.385131
-0.01,31,5.388371
-0.01,30,5.391567
-0.01,38,5.395555
-0.01,43,5.400062
-0.01,29,5.403158
-0.01,38,5.407094
-0.01,36,5.410893
-0.01,16,5.412601
-0.01,30,5.415764
-0.01,35,5.419467
-0.01,8,5.420333
-0.01,31,5.423596
-0.01,33,5.427025
-0.01,33,5.430512
-0.01,36,5.434291
-0.01,2,5.434519
-0.01,29,5.437567
-0.01,33,5.441048
-0.01,35,5.444737
-0.01,35,5.448425
-0.01,32,5.451779
-0.01,37,5.455669
-0.01,35,5.459304
-0.01,35,5.462983
-0.01,37,5.466877
-0.01,36,5.470672
-0.01,2,5.470897
-0.01,37,5.474797
-0.01,17,5.476623
-0.01,8,5.477495
-0.01,37,5.48134
-0.01,37,5.485229
-0.01,29,5.488281
-0.01,32,5.491657
-0.01,30,5.49482
-0.01,25,5.497472
-0.01,4,5.497903
-0.01,35,5.501592
-0.01,33,5.505412
-0.01,31,5.508683
-0.01,38,5.512676
-0.01,36,5.51645
-0.01,29,5.519514
-0.01,29,5.522578
-0.01,36,5.526269
-0.01,13,5.527626
-0.01,30,5.530785
-0.01,32,5.53411
-0.01,2,5.534343
-0.01,29,5.537394
-0.01,32,5.540706
-0.01,34,5.544293
-0.01,38,5.548268
-0.01,11,5.549428
-0.01,11,5.550613
-0.01,14,5.552101
-0.01,33,5.555559
-0.01,29,5.558617
-0.01,33,5.562079
-0.01,36,5.565856
-0.01,15,5.567438
-0.01,33,5.570913
-0.01,10,5.57199
-0.01,4,5.572429
-0.01,32,5.575789
-0.01,29,5.578846
-0.01,31,5.582109
-0.01,36,5.585891
-0.01,32,5.589249
-0.01,29,5.592308
-0.01,29,5.59537
-0.01,31,5.598634
-0.01,35,5.602316
-0.01,7,5.603072
-0.01,13,5.604419
-0.01,33,5.607893
-0.01,29,5.610952
-0.01,6,5.611608
-0.01,7,5.612356
-0.01,25,5.615029
-0.01,30,5.618207
-0.01,30,5.621409
-0.01,32,5.624783
-0.01,34,5.628375
-0.01,2,5.628604
-0.01,18,5.630539
-0.01,2,5.63077
-0.01,32,5.634144
-0.01,32,5.637504
-0.01,32,5.640887
-0.01,28,5.643882
-0.01,17,5.645718
-0.01,34,5.649331
-0.01,31,5.652602
-0.01,30,5.65577
-0.01,31,5.659034
-0.01,36,5.662771
-0.01,31,5.666031
-0.01,32,5.669402
-0.01,29,5.672476
-0.01,31,5.675749
-0.01,23,5.678163
-0.01,33,5.68166
-0.01,35,5.685342
-0.01,33,5.68882
-0.01,37,5.692721
-0.01,10,5.693792
-0.01,25,5.696448
-0.01,8,5.697303
-0.01,14,5.69882
-0.01,37,5.702648
-0.01,2,5.702868
-0.01,37,5.706711
-0.01,27,5.709544
-0.01,32,5.712917
-0.01,2,5.713145
-0.01,23,5.715542
-0.01,25,5.718204
-0.01,29,5.721265
-0.01,25,5.723884
-0.01,37,5.727767
-0.01,37,5.731606
-0.01,33,5.735066
-0.01,36,5.738853
-0.01,39,5.74288
-0.01,32,5.746253
-0.01,32,5.749629
-0.01,26,5.752379
-0.01,32,5.755755
-0.01,30,5.758866
-0.01,6,5.759518
-0.01,30,5.762669
-0.01,32,5.766026
-0.01,31,5.769295
-0.01,21,5.771504
-0.01,37,5.775376
-0.01,36,5.779116
-0.01,6,5.779757
-0.01,29,5.782804
-0.01,34,5.786379
-0.01,7,5.78714
-0.01,17,5.788963
-0.01,32,5.792328
-0.01,32,5.795704
-0.01,32,5.799065
-0.01,34,5.802643
-0.01,14,5.804151
-0.01,31,5.807423
-0.01,33,5.810892
-0.01,34,5.814444
-0.01,35,5.818115
-0.01,34,5.821701
-0.01,34,5.825268
-0.01,30,5.828391
-0.01,2,5.828621
-0.01,30,5.831802
-0.01,32,5.835167
-0.01,33,5.838644
-0.01,35,5.84233
-0.01,37,5.846133
-0.01,32,5.849412
-0.01,30,5.852551
-0.01,32,5.855923
-0.01,25,5.85857
-0.01,36,5.862367
-0.01,34,5.865927
-0.01,38,5.869915
-0.01,32,5.873274
-0.01,30,5.876436
-0.01,34,5.880025
-0.01,34,5.883604
-0.01,35,5.887283
-0.01,27,5.89017
-0.01,34,5.893755
-0.01,19,5.895796
-0.01,31,5.899085
-0.01,35,5.90277
-0.01,33,5.906242
-0.01,23,5.908718
-0.01,37,5.912608
-0.01,34,5.916174
-0.01,23,5.918574
-0.01,31,5.921786
-0.01,32,5.925135
-0.01,34,5.928724
-0.01,23,5.931174
-0.01,34,5.934747
-0.01,37,5.938624
-0.01,18,5.940559
-0.01,32,5.943958
-0.01,35,5.947649
-0.01,25,5.950266
-0.01,23,5.952724
-0.01,25,5.955372
-0.01,29,5.958424
-0.01,16,5.960154
-0.01,32,5.963531
-0.01,31,5.96675
-0.01,33,5.970222
-0.01,37,5.974115
-0.01,32,5.97748
-0.01,18,5.979415
-0.01,11,5.980569
-0.01,25,5.983221
-0.01,36,5.98696
-0.01,17,5.988763
-0.01,29,5.9918
-0.01,29,5.994851
-0.01,38,5.998846
-0.01,31,6.002109
-0.01,35,6.005749
-0.01,31,6.009019
-0.01,30,6.012214
-0.01,28,6.01519
-0.01,21,6.017445
-0.01,26,6.020202
-0.01,2,6.020431
-0.01,36,6.024223
-0.01,35,6.027778
-0.01,32,6.031152
-0.01,24,6.033699
-0.01,19,6.035744
-0.01,31,6.039009
-0.01,31,6.042278
-0.01,34,6.04585
-0.01,2,6.046079
-0.01,31,6.049346
-0.01,29,6.052392
-0.01,33,6.055799
-0.01,36,6.059531
-0.01,2,6.059764
-0.01,31,6.063016
-0.01,25,6.065666
-0.01,6,6.066318
-0.01,25,6.068974
-0.01,32,6.072349
-0.01,30,6.075518
-0.01,32,6.078887
-0.01,36,6.082613
-0.01,6,6.083258
-0.01,30,6.086421
-0.01,31,6.089628
-0.01,33,6.093076
-0.01,6,6.093729
-0.01,31,6.096993
-0.01,29,6.100037
-0.01,38,6.103997
-0.01,31,6.107261
-0.01,33,6.110727
-0.01,2,6.110955
-0.01,2,6.111177
-0.01,30,6.11434
-0.01,45,6.11907
-0.01,30,6.122238
-0.01,32,6.125608
-0.01,33,6.129059
-0.01,24,6.131601
-0.01,37,6.135447
-0.01,16,6.137167
-0.01,38,6.141113
-0.01,30,6.144275
-0.01,12,6.145564
-0.01,6,6.146217
-0.01,34,6.149784
-0.01,33,6.153256
-0.01,32,6.156615
-0.01,34,6.160204
-0.01,38,6.164191
-0.01,32,6.167612
-0.01,33,6.171087
-0.01,30,6.174248
-0.01,32,6.177595
-0.01,33,6.181065
-0.01,19,6.183093
-0.01,43,6.187595
-0.01,34,6.191182
-0.01,34,6.194755
-0.01,37,6.198643
-0.01,32,6.202008
-0.01,36,6.205802
-0.01,32,6.209191
-0.01,32,6.212563
-0.01,16,6.214253
-0.01,34,6.217837
-0.01,33,6.221262
-0.01,34,6.224845
-0.01,4,6.225285
-0.01,29,6.228342
-0.01,33,6.2318
-0.01,37,6.235631
-0.01,32,6.238991
-0.01,31,6.242253
-0.01,36,6.246024
-0.01,2,6.246253
-0.01,2,6.246473
-0.01,32,6.249837
-0.01,19,6.251829
-0.01,32,6.255204
-0.01,12,6.256504
-0.01,2,6.256733
-0.01,33,6.260215
-0.01,32,6.263571
-0.01,30,6.266732
-0.01,30,6.269902
-0.01,26,6.272686
-0.01,34,6.276268
-0.01,32,6.279585
-0.01,36,6.283366
-0.01,35,6.287046
-0.01,23,6.289452
-0.01,33,6.292922
-0.01,34,6.296505
-0.01,18,6.298435
-0.01,30,6.301597
-0.01,34,6.305154
-0.01,31,6.308428
-0.01,37,6.312312
-0.01,32,6.315627
-0.01,38,6.319613
-0.01,33,6.323087
-0.01,35,6.326717
-0.01,35,6.330402
-0.01,31,6.333738
-0.01,33,6.337172
-0.01,30,6.340357
-0.01,30,6.34352
-0.01,8,6.34439
-0.01,30,6.347536
-0.01,33,6.350992
-0.01,33,6.354411
-0.01,32,6.357775
-0.01,11,6.358954
-0.01,2,6.359182
-0.01,17,6.360958
-0.01,31,6.364193
-0.01,11,6.365346
-0.01,40,6.369554
-0.01,2,6.369784
-0.01,36,6.373474
-0.01,4,6.373912
-0.01,36,6.377691
-0.01,20,6.379835
-0.01,31,6.383094
-0.01,25,6.385702
-0.01,6,6.386352
-0.01,31,6.38964
-0.01,33,6.393042
-0.01,32,6.396386
-0.01,17,6.398207
-0.01,4,6.398645
-0.01,4,6.399105
-0.01,30,6.402267
-0.01,34,6.40584
-0.01,11,6.407022
-0.01,32,6.410389
-0.01,2,6.410612
-0.01,30,6.413764
-0.01,30,6.416924
-0.01,10,6.417996
-0.01,29,6.421086
-0.01,32,6.424391
-0.01,34,6.427965
-0.01,33,6.43145
-0.01,2,6.431678
-0.01,34,6.43526
-0.01,34,6.438798
-0.01,33,6.442263
-0.01,33,6.445727
-0.01,20,6.44787
-0.01,14,6.449395
-0.01,41,6.453682
-0.01,36,6.457421
-0.01,8,6.45828
-0.01,25,6.460917
-0.01,34,6.464482
-0.01,24,6.466991
-0.01,32,6.4704
-0.01,32,6.473764
-0.01,31,6.477035
-0.01,31,6.480309
-0.01,2,6.480538
-0.01,16,6.48226
-0.01,36,6.486065
-0.01,37,6.489859
-0.01,34,6.493443
-0.01,38,6.497438
-0.01,15,6.499024
-0.01,32,6.502396
-0.01,38,6.506484
-0.01,31,6.509987
-0.01,40,6.514191
-0.01,35,6.517764
-0.01,29,6.520851
-0.01,6,6.521497
-0.01,35,6.525058
-0.01,34,6.528627
-0.01,31,6.531901
-0.01,36,6.535623
-0.01,30,6.538807
-0.01,33,6.542271
-0.01,7,6.543029
-0.01,29,6.546059
-0.01,36,6.54978
-0.01,29,6.552806
-0.01,38,6.556672
-0.01,32,6.559983
-0.01,31,6.56324
-0.01,29,6.56628
-0.01,6,6.566929
-0.01,25,6.569591
-0.01,32,6.572948
-0.01,20,6.575078
-0.01,34,6.578649
-0.01,32,6.58202
-0.01,38,6.585972
-0.01,33,6.589439
-0.01,27,6.592284
-0.01,32,6.595647
-0.01,31,6.598804
-0.01,32,6.60219
-0.01,35,6.605806
-0.01,36,6.60959
-0.01,34,6.613145
-0.01,33,6.616569
-0.01,6,6.61722
-0.01,29,6.62026
-0.01,6,6.62091
-0.01,32,6.624271
-0.01,31,6.62754
-0.01,27,6.630353
-0.01,33,6.633834
-0.01,32,6.637203
-0.01,27,6.640071
-0.01,34,6.643643
-0.01,27,6.646454
-0.01,32,6.649825
-0.01,23,6.65227
-0.01,39,6.656359
-0.01,32,6.659734
-0.01,33,6.663207
-0.01,33,6.666667
-0.01,32,6.670049
-0.01,2,6.670277
-0.01,32,6.673645
-0.01,34,6.677225
-0.01,12,6.678521
-0.01,2,6.678755
-0.01,37,6.682635
-0.01,30,6.685792
-0.01,19,6.687842
-0.01,31,6.691111
-0.01,30,6.694272
-0.01,37,6.698087
-0.01,29,6.701154
-0.01,37,6.705041
-0.01,31,6.708243
-0.01,31,6.711508
-0.01,27,6.714371
-0.01,30,6.717537
-0.01,23,6.719986
-0.01,26,6.722654
-0.01,35,6.726332
-0.01,6,6.726983
-0.01,6,6.727631
-0.01,28,6.730619
-0.01,32,6.73399
-0.01,30,6.73714
-0.01,32,6.740521
-0.01,32,6.743889
-0.01,35,6.747577
-0.01,30,6.750746
-0.01,12,6.752037
-0.01,32,6.755403
-0.01,36,6.759178
-0.01,6,6.759829
-0.01,18,6.761765
-0.01,36,6.765556
-0.01,25,6.768206
-0.01,30,6.771368
-0.01,30,6.774528
-0.01,18,6.77646
-0.01,12,6.777751
-0.01,30,6.780903
-0.01,32,6.784266
-0.01,35,6.787937
-0.01,12,6.789234
-0.01,34,6.792784
-0.01,40,6.796983
-0.01,26,6.799715
-0.01,30,6.802893
-0.01,29,6.805964
-0.01,34,6.80954
-0.01,32,6.812884
-0.01,25,6.815472
-0.01,33,6.81893
-0.01,30,6.82208
-0.01,26,6.82484
-0.01,19,6.826859
-0.01,33,6.830324
-0.01,32,6.833691
-0.01,30,6.83684
-0.01,30,6.839974
-0.01,14,6.841487
-0.01,32,6.844849
-0.01,29,6.847902
-0.01,37,6.851781
-0.01,13,6.853158
-0.01,30,6.856301
-0.01,32,6.859672
-0.01,30,6.862824
-0.01,36,6.866608
-0.01,39,6.870724
-0.01,23,6.873143
-0.01,31,6.876432
-0.01,31,6.879706
-0.01,34,6.883286
-0.01,31,6.886624
-0.01,38,6.890618
-0.01,2,6.89084
-0.01,4,6.891277
-0.01,32,6.894653
-0.01,6,6.89529
-0.01,32,6.898668
-0.01,31,6.90198
-0.01,37,6.905832
-0.01,35,6.909517
-0.01,34,6.913081
-0.01,29,6.916165
-0.01,34,6.919755
-0.01,44,6.924377
-0.01,34,6.927957
-0.01,36,6.931772
-0.01,32,6.935147
-0.01,33,6.938646
-0.01,30,6.941804
-0.01,29,6.944871
-0.01,32,6.948248
-0.01,25,6.950968
-0.01,33,6.954431
-0.01,37,6.95832
-0.01,32,6.961684
-0.01,39,6.965725
-0.01,34,6.969312
-0.01,30,6.972458
-0.01,34,6.976041
-0.01,34,6.979636
-0.01,33,6.98312
-0.01,30,6.986282
-0.01,27,6.989148
-0.01,30,6.992339
-0.01,16,6.994061
-0.01,6,6.994708
-0.01,29,6.997794
-0.01,7,6.998546
-0.01,6,6.999195
-0.01,34,7.002741
-0.01,13,7.004116
-0.01,27,7.006979
-0.01,31,7.010251
-0.01,29,7.013308
-0.01,33,7.016791
-0.01,33,7.020289
-0.01,29,7.023345
-0.01,31,7.026604
-0.01,4,7.02704
-0.01,29,7.030104
-0.01,31,7.033352
-0.01,31,7.036635
-0.01,16,7.0383
-0.01,32,7.041677
-0.01,35,7.045361
-0.01,32,7.048711
-0.01,29,7.051827
-0.01,2,7.052058
-0.01,26,7.054858
-0.01,25,7.057515
-0.01,30,7.06067
-0.01,37,7.064572
-0.01,35,7.068279
-0.01,35,7.071983
-0.01,34,7.075572
-0.01,43,7.080083
-0.01,31,7.083294
-0.01,33,7.086759
-0.01,35,7.090327
-0.01,45,7.095046
-0.01,31,7.09833
-0.01,41,7.102615
-0.01,26,7.105366
-0.01,31,7.108625
-0.01,36,7.112401
-0.01,4,7.112839
-0.01,39,7.116972
-0.01,14,7.11849
-0.01,29,7.121555
-0.01,32,7.124914
-0.01,36,7.128668
-0.01,34,7.132245
-0.01,40,7.136438
-0.01,33,7.139895
-0.01,34,7.143373
-0.01,30,7.146521
-0.01,35,7.150175
-0.01,36,7.15397
-0.01,36,7.157683
-0.01,8,7.158544
-0.01,16,7.160273
-0.01,33,7.163755
-0.01,25,7.166403
-0.01,4,7.166841
-0.01,12,7.168133
-0.01,21,7.170417
-0.01,33,7.173885
-0.01,39,7.177976
-0.01,28,7.180891
-0.01,17,7.182745
-0.01,32,7.186175
-0.01,7,7.186941
-0.01,33,7.190361
-0.01,34,7.193962
-0.01,39,7.197996
-0.01,30,7.20118
-0.01,34,7.204777
-0.01,37,7.208605
-0.01,19,7.210658
-0.01,8,7.211516
-0.01,31,7.214719
-0.01,11,7.215884
-0.01,32,7.219268
-0.01,25,7.221893
-0.01,16,7.223616
-0.01,29,7.226686
-0.01,31,7.229949
-0.01,10,7.23102
-0.01,37,7.234894
-0.01,36,7.238619
-0.01,36,7.242346
-0.01,31,7.245603
-0.01,28,7.248523
-0.01,34,7.252165
-0.01,34,7.255759
-0.01,25,7.258413
-0.01,35,7.262123
-0.01,30,7.2653
-0.01,31,7.268561
-0.01,27,7.271416
-0.01,35,7.275048
-0.01,36,7.278841
-0.01,34,7.282427
-0.01,41,7.286728
-0.01,35,7.290407
-0.01,32,7.29379
-0.01,35,7.297442
-0.01,10,7.298509
-0.01,25,7.301119
-0.01,32,7.304493
-0.01,14,7.306
-0.01,36,7.30978
-0.01,32,7.313146
-0.01,35,7.316806
-0.01,32,7.320179
-0.01,20,7.322232
-0.01,34,7.325776
-0.01,33,7.329252
-0.01,32,7.332613
-0.01,35,7.336283
-0.01,34,7.339836
-0.01,35,7.343507
-0.01,16,7.34522
-0.01,31,7.348478
-0.01,8,7.34934
-0.01,33,7.352873
-0.01,35,7.356552
-0.01,31,7.359818
-0.01,35,7.363449
-0.01,34,7.367008
-0.01,36,7.370778
-0.01,6,7.371427
-0.01,37,7.375323
-0.01,36,7.379105
-0.01,2,7.379332
-0.01,30,7.382484
-0.01,30,7.385738
-0.01,30,7.388915
-0.01,12,7.390182
-0.01,34,7.393777
-0.01,34,7.397355
-0.01,9,7.398326
-0.01,33,7.401813
-0.01,9,7.402782
-0.01,30,7.405941
-0.01,36,7.409744
-0.01,32,7.4131
-0.01,32,7.416462
-0.01,16,7.41821
-0.01,27,7.421094
-0.01,38,7.425122
-0.01,32,7.428515
-0.01,28,7.431502
-0.01,37,7.435327
-0.01,26,7.438115
-0.01,30,7.441297
-0.01,16,7.443026
-0.01,34,7.446615
-0.01,38,7.45053
-0.01,37,7.454417
-0.01,29,7.457518
-0.01,31,7.460787
-0.01,30,7.463933
-0.01,28,7.466798
-0.01,32,7.470175
-0.01,37,7.474058
-0.01,32,7.477426
-0.01,32,7.480792
-0.01,32,7.484154
-0.01,30,7.48734
-0.01,34,7.49091
-0.01,32,7.494274
-0.01,36,7.497955
-0.01,26,7.500776
-0.01,33,7.50424
-0.01,32,7.507507
-0.01,19,7.509559
-0.01,32,7.513246
-0.01,36,7.517034
-0.01,30,7.520192
-0.01,34,7.523736
-0.01,34,7.527314
-0.01,35,7.530979
-0.01,41,7.535184
-0.01,4,7.53562
-0.01,31,7.538876
-0.01,32,7.542251
-0.01,33,7.545715
-0.01,29,7.548769
-0.01,31,7.55202
-0.01,31,7.555267
-0.01,33,7.558738
-0.01,6,7.559392
-0.01,2,7.559621
-0.01,33,7.56311
-0.01,4,7.563547
-0.01,16,7.565155
-0.01,21,7.567358
-0.01,31,7.570619
-0.01,31,7.573887
-0.01,29,7.576967
-0.01,2,7.577195
-0.01,35,7.580868
-0.01,22,7.583179
-0.01,30,7.586337
-0.01,31,7.589624
-0.01,31,7.592886
-0.01,33,7.596295
-0.01,2,7.596517
-0.01,6,7.597159
-0.01,30,7.600315
-0.01,29,7.603373
-0.01,30,7.606491
-0.01,33,7.609953
-0.01,31,7.613211
-0.01,31,7.616467
-0.01,32,7.619844
-0.01,35,7.623514
-0.01,4,7.623954
-0.01,34,7.627524
-0.01,39,7.631484
-0.01,32,7.634858
-0.01,30,7.638027
-0.01,30,7.641194
-0.01,23,7.643647
-0.01,33,7.647099
-0.01,2,7.647328
-0.01,31,7.650603
-0.01,35,7.65429
-0.01,32,7.65767
-0.01,37,7.661523
-0.01,2,7.66175
-0.01,34,7.66532
-0.01,26,7.668078
-0.01,27,7.670948
-0.01,2,7.671176
-0.01,30,7.674317
-0.01,29,7.677394
-0.01,35,7.681025
-0.01,6,7.681674
-0.01,9,7.682631
-0.01,34,7.686218
-0.01,29,7.689296
-0.01,29,7.692355
-0.01,33,7.695836
-0.01,23,7.69829
-0.01,37,7.702171
-0.01,32,7.705527
-0.01,32,7.708892
-0.01,32,7.712268
-0.01,31,7.715529
-0.01,33,7.719
-0.01,38,7.723013
-0.01,12,7.724311
-0.01,30,7.727474
-0.01,2,7.727702
-0.01,33,7.73118
-0.01,36,7.734976
-0.01,33,7.738444
-0.01,33,7.741905
-0.01,35,7.74559
-0.01,30,7.748722
-0.01,37,7.752606
-0.01,32,7.755972
-0.01,35,7.759653
-0.01,30,7.762794
-0.01,30,7.765954
-0.01,36,7.769742
-0.01,4,7.770178
-0.01,10,7.771253
-0.01,33,7.774717
-0.01,37,7.778493
-0.01,17,7.780327
-0.01,34,7.783907
-0.01,2,7.784138
-0.01,36,7.78794
-0.01,30,7.791095
-0.01,31,7.794323
-0.01,28,7.797288
-0.01,32,7.800665
-0.01,40,7.804862
-0.01,34,7.808442
-0.01,25,7.811101
-0.01,20,7.813247
-0.01,30,7.816404
-0.01,26,7.819149
-0.01,8,7.820008
-0.01,33,7.823477
-0.01,31,7.826726
-0.01,37,7.830617
-0.01,32,7.833986
-0.01,34,7.837555
-0.01,35,7.841127
-0.01,34,7.844736
-0.01,23,7.847145
-0.01,30,7.850325
-0.01,35,7.854003
-0.01,30,7.857169
-0.01,33,7.860582
-0.01,23,7.863033
-0.01,32,7.866395
-0.01,32,7.869748
-0.01,34,7.873309
-0.01,27,7.876177
-0.01,28,7.879155
-0.01,36,7.882884
-0.01,2,7.883112
-0.01,42,7.887515
-0.01,31,7.890799
-0.01,33,7.894276
-0.01,35,7.897959
-0.01,17,7.899795
-0.01,8,7.90066
-0.01,41,7.904899
-0.01,35,7.908575
-0.01,34,7.912155
-0.01,11,7.913315
-0.01,35,7.917018
-0.01,2,7.917247
-0.01,29,7.920302
-0.01,36,7.924075
-0.01,15,7.92565
-0.01,35,7.929321
-0.01,2,7.929543
-0.01,34,7.933117
-0.01,36,7.936902
-0.01,34,7.940471
-0.01,4,7.940907
-0.01,8,7.941775
-0.01,8,7.942635
-0.01,28,7.945614
-0.01,9,7.94659
-0.01,18,7.948508
-0.01,33,7.951992
-0.01,31,7.955235
-0.01,21,7.957494
-0.01,31,7.960749
-0.01,25,7.963412
-0.01,33,7.966879
-0.01,31,7.970154
-0.01,32,7.973516
-0.01,30,7.976676
-0.01,31,7.979961
-0.01,30,7.983152
-0.01,34,7.986678
-0.01,2,7.986906
-0.01,30,7.990076
-0.01,4,7.990514
-0.01,32,7.993834
-0.01,12,7.995038
-0.01,31,7.998307
-0.01,31,8.001517
-0.01,30,8.00467
-0.01,31,8.007936
-0.01,17,8.009683
-0.01,20,8.011798
-0.01,37,8.015571
-0.01,9,8.016546
-0.01,31,8.01981
-0.01,31,8.023075
-0.01,33,8.026533
-0.01,29,8.029598
-0.01,35,8.033282
-0.01,33,8.036738
-0.01,30,8.039904
-0.01,31,8.043192
-0.01,31,8.046463
-0.01,35,8.050154
-0.01,35,8.053841
-0.01,29,8.056908
-0.01,21,8.059132
-0.01,29,8.062188
-0.01,33,8.065655
-0.01,17,8.06745
-0.01,31,8.0707
-0.01,34,8.074211
-0.01,32,8.07757
-0.01,31,8.080815
-0.01,33,8.084282
-0.01,33,8.087702
-0.01,9,8.088673
-0.01,36,8.092474
-0.01,18,8.094404
-0.01,34,8.09793
-0.01,14,8.099426
-0.01,30,8.102588
-0.01,32,8.105958
-0.01,12,8.107207
-0.01,23,8.109609
-0.01,25,8.112265
-0.01,36,8.116119
-0.01,34,8.119733
-0.01,31,8.123003
-0.01,36,8.126776
-0.01,22,8.129142
-0.01,38,8.133161
-0.01,36,8.136948
-0.01,2,8.137165
-0.01,34,8.140748
-0.01,12,8.141995
-0.01,37,8.145878
-0.01,19,8.147919
-0.01,32,8.151293
-0.01,29,8.154346
-0.01,32,8.157711
-0.01,36,8.161493
-0.01,30,8.164653
-0.01,32,8.168032
-0.01,33,8.171504
-0.01,38,8.175433
-0.01,31,8.178708
-0.01,7,8.179466
-0.01,37,8.183342
-0.01,2,8.183566
-0.01,34,8.187148
-0.01,47,8.192087
-0.01,33,8.195563
-0.01,38,8.199527
-0.01,19,8.201579
-0.01,16,8.203309
-0.01,14,8.204827
-0.01,25,8.207485
-0.01,30,8.210649
-0.01,6,8.211296
-0.01,30,8.21446
-0.01,34,8.218041
-0.01,35,8.221726
-0.01,2,8.221954
-0.01,31,8.225222
-0.01,34,8.228813
-0.01,30,8.231968
-0.01,27,8.234784
-0.01,25,8.237443
-0.01,34,8.241025
-0.01,21,8.243253
-0.01,35,8.246948
-0.01,32,8.250326
-0.01,23,8.252779
-0.01,30,8.255936
-0.01,35,8.259618
-0.01,35,8.263307
-0.01,38,8.267308
-0.01,12,8.268607
-0.01,30,8.271782
-0.01,31,8.275048
-0.01,20,8.277141
-0.01,7,8.277901
-0.01,2,8.278129
-0.01,8,8.278993
-0.01,29,8.282061
-0.01,29,8.285117
-0.01,33,8.288596
-0.01,29,8.291659
-0.01,31,8.294921
-0.01,31,8.298177
-0.01,23,8.300624
-0.01,31,8.303878
-0.01,2,8.304107
-0.01,32,8.307465
-0.01,37,8.311388
-0.01,35,8.315021
-0.01,39,8.319046
-0.01,29,8.322112
-0.01,39,8.326211
-0.01,30,8.329368
-0.01,32,8.332744
-0.01,13,8.334112
-0.01,38,8.338057
-0.01,33,8.341544
-0.01,31,8.344807
-0.01,33,8.348276
-0.01,35,8.351942
-0.01,29,8.354997
-0.01,11,8.356147
-0.01,32,8.359508
-0.01,4,8.359945
-0.01,32,8.363317
-0.01,34,8.366895
-0.01,28,8.369852
-0.01,30,8.373014
-0.01,14,8.374528
-0.01,34,8.378139
-0.01,30,8.381313
-0.01,4,8.381749
-0.01,25,8.384408
-0.01,36,8.388203
-0.01,32,8.391576
-0.01,31,8.394827
-0.01,2,8.395055
-0.01,33,8.398523
-0.01,4,8.398964
-0.01,37,8.40281
-0.01,32,8.40618
-0.01,33,8.409666
-0.01,10,8.410742
-0.01,17,8.412576
-0.01,34,8.416167
-0.01,33,8.419636
-0.01,28,8.422557
-0.01,31,8.425821
-0.01,30,8.428995
-0.01,32,8.432397
-0.01,30,8.435589
-0.01,32,8.439055
-0.01,36,8.442846
-0.01,31,8.446135
-0.01,39,8.450194
-0.01,32,8.453567
-0.01,36,8.457346
-0.01,35,8.461034
-0.01,32,8.464406
-0.01,36,8.468198
-0.01,2,8.468427
-0.01,8,8.469298
-0.01,30,8.472476
-0.01,28,8.475464
-0.01,25,8.47813
-0.01,32,8.481465
-0.01,32,8.484828
-0.01,6,8.485479
-0.01,33,8.488976
-0.01,17,8.490832
-0.01,19,8.49288
-0.01,4,8.493318
-0.01,32,8.496683
-0.01,30,8.499876
-0.01,35,8.503546
-0.01,32,8.506917
-0.01,27,8.509792
-0.01,11,8.510981
-0.01,31,8.514247
-0.01,30,8.517693
-0.01,33,8.521168
-0.01,36,8.524957
-0.01,34,8.528534
-0.01,18,8.530463
-0.01,33,8.533928
-0.01,19,8.535966
-0.01,27,8.538783
-0.01,39,8.542819
-0.01,35,8.546493
-0.01,34,8.550132
-0.01,32,8.553516
-0.01,6,8.554165
-0.01,30,8.557322
-0.01,34,8.5609
-0.01,40,8.565092
-0.01,34,8.568632
-0.01,30,8.571802
-0.01,14,8.573315
-0.01,35,8.577032
-0.01,35,8.580722
-0.01,9,8.581693
-0.01,12,8.582984
-0.01,2,8.583212
-0.01,30,8.586402
-0.01,33,8.589867
-0.01,30,8.593029
-0.01,39,8.597126
-0.01,32,8.60051
-0.01,39,8.604625
-0.01,30,8.607779
-0.01,34,8.611364
-0.01,34,8.614953
-0.01,32,8.618324
-0.01,32,8.621695
-0.01,35,8.625369
-0.01,31,8.628635
-0.01,36,8.632414
-0.01,31,8.635685
-0.01,33,8.639154
-0.01,23,8.641606
-0.01,32,8.645001
-0.01,2,8.645231
-0.01,32,8.648615
-0.01,33,8.652048
-0.01,34,8.65563
-0.01,8,8.6565
-0.01,35,8.660189
-0.01,33,8.663663
-0.01,36,8.667465
-0.01,36,8.671171
-0.01,30,8.674341
-0.01,40,8.678532
-0.01,31,8.681817
-0.01,34,8.68531
-0.01,30,8.688482
-0.01,19,8.690522
-0.01,30,8.693683
-0.01,11,8.694843
-0.01,30,8.698012
-0.01,12,8.699314
-0.01,34,8.702847
-0.01,34,8.70642
-0.01,37,8.710294
-0.01,36,8.714073
-0.01,34,8.717641
-0.01,34,8.721213
-0.01,36,8.725048
-0.01,12,8.72641
-0.01,34,8.730361
-0.01,34,8.73409
-0.01,37,8.738072
-0.01,30,8.741369
-0.01,12,8.742701
-0.01,34,8.746292
-0.01,34,8.749876
-0.01,27,8.75273
-0.01,29,8.755775
-0.01,25,8.758449
-0.01,33,8.761925
-0.01,25,8.764529
-0.01,2,8.764761
-0.01,25,8.767464
-0.01,41,8.771765
-0.01,32,8.775245
-0.01,10,8.776315
-0.01,30,8.779478
-0.01,30,8.78263
-0.01,2,8.78286
-0.01,21,8.785069
-0.01,34,8.788654
-0.01,33,8.792106
-0.01,29,8.795157
-0.01,21,8.79737
-0.01,2,8.797595
-0.01,35,8.801264
-0.01,6,8.801919
-0.01,14,8.803423
-0.01,36,8.807186
-0.01,30,8.81035
-0.01,35,8.814028
-0.01,26,8.816796
-0.01,30,8.819981
-0.01,16,8.821694
-0.01,32,8.82508
-0.01,31,8.828338
-0.01,31,8.831588
-0.01,36,8.835384
-0.01,36,8.839142
-0.01,34,8.842711
-0.01,32,8.846083
-0.01,32,8.849447
-0.01,32,8.852762
-0.01,32,8.856136
-0.01,4,8.856576
-0.01,31,8.859826
-0.01,36,8.86357
-0.01,32,8.866941
-0.01,17,8.868719
-0.01,37,8.872603
-0.01,31,8.875871
-0.01,2,8.8761
-0.01,34,8.879678
-0.01,37,8.883573
-0.01,40,8.887781
-0.01,29,8.890863
-0.01,30,8.894011
-0.01,12,8.895261
-0.01,28,8.898213
-0.01,37,8.90214
-0.01,27,8.905009
-0.01,29,8.908063
-0.01,32,8.911451
-0.01,30,8.914627
-0.01,40,8.918835
-0.01,35,8.922502
-0.01,33,8.92597
-0.01,31,8.929235
-0.01,4,8.929671
-0.01,33,8.933136
-0.01,31,8.93641
-0.01,32,8.939774
-0.01,30,8.942892
-0.01,29,8.945943
-0.01,31,8.949203
-0.01,33,8.952675
-0.01,31,8.955936
-0.01,35,8.959615
-0.01,31,8.962879
-0.01,32,8.966189
-0.01,37,8.970091
-0.01,31,8.973356
-0.01,35,8.976975
-0.01,35,8.98065
-0.01,32,8.984038
-0.01,31,8.987336
-0.01,33,8.990823
-0.01,29,8.993872
-0.01,31,8.997135
-0.01,13,8.998498
-0.01,33,9.002056
-0.01,15,9.003642
-0.01,31,9.006898
-0.01,17,9.008695
-0.01,23,9.01114
-0.01,2,9.011369
-0.01,12,9.01263
-0.01,33,9.016093
-0.01,34,9.019672
-0.01,33,9.02312
-0.01,11,9.024272
-0.01,16,9.025878
-0.01,4,9.026314
-0.01,40,9.03047
-0.01,23,9.032906
-0.01,33,9.036378
-0.01,27,9.039253
-0.01,38,9.043238
-0.01,33,9.046714
-0.01,32,9.050079
-0.01,12,9.051375
-0.01,30,9.054528
-0.01,32,9.057886
-0.01,2,9.058114
-0.01,37,9.062
-0.01,33,9.065456
-0.01,11,9.06667
-0.01,32,9.070062
-0.01,35,9.073747
-0.01,20,9.075868
-0.01,41,9.080099
-0.01,32,9.083451
-0.01,31,9.086651
-0.01,34,9.090213
-0.01,30,9.09339
-0.01,36,9.097169
-0.01,32,9.100549
-0.01,29,9.103617
-0.01,20,9.105737
-0.01,34,9.109299
-0.01,8,9.110162
-0.01,32,9.113521
-0.01,36,9.117225
-0.01,32,9.120582
-0.01,34,9.124106
-0.01,30,9.127265
-0.01,30,9.130416
-0.01,23,9.132852
-0.01,34,9.136398
-0.01,29,9.139437
-0.01,32,9.1428
-0.01,32,9.146161
-0.01,36,9.149931
-0.01,32,9.153274
-0.01,31,9.156521
-0.01,34,9.160066
-0.01,35,9.163717
-0.01,32,9.167095
-0.01,4,9.167534
-0.01,33,9.171004
-0.01,2,9.171225
-0.01,29,9.17429
-0.01,32,9.177662
-0.01,32,9.181013
-0.01,24,9.183558
-0.01,12,9.184852
-0.01,15,9.186431
-0.01,31,9.189693
-0.01,2,9.189924
-0.01,40,9.194112
-0.01,30,9.197266
-0.01,19,9.199289
-0.01,36,9.203028
-0.01,4,9.203471
-0.01,11,9.20463
-0.01,30,9.207754
-0.01,17,9.209483
-0.01,33,9.212949
-0.01,6,9.213603
-0.01,30,9.216734
-0.01,12,9.217987
-0.01,15,9.219575
-0.01,36,9.22329
-0.01,35,9.226955
-0.01,17,9.228748
-0.01,31,9.232012
-0.01,29,9.235061
-0.01,31,9.238327
-0.01,35,9.242
-0.01,35,9.245672
-0.01,31,9.248931
-0.01,4,9.249367
-0.01,29,9.252407
-0.01,35,9.256065
-0.01,7,9.256812
-0.01,4,9.25725
-0.01,18,9.259174
-0.01,41,9.263397
-0.01,33,9.266904
-0.01,33,9.270358
-0.01,2,9.270586
-0.01,32,9.273945
-0.01,32,9.277296
-0.01,36,9.281069
-0.01,30,9.284224
-0.01,38,9.288179
-0.01,4,9.288614
-0.01,41,9.292859
-0.01,32,9.296242
-0.01,27,9.299092
-0.01,18,9.301021
-0.01,19,9.303047
-0.01,32,9.306405
-0.01,44,9.310911
-0.01,32,9.314269
-0.01,33,9.317691
-0.01,8,9.318553
-0.01,34,9.322072
-0.01,34,9.325626
-0.01,30,9.328742
-0.01,30,9.331898
-0.01,21,9.334131
-0.01,23,9.336555
-0.01,30,9.339702
-0.01,34,9.343273
-0.01,33,9.346724
-0.01,37,9.350565
-0.01,34,9.354123
-0.01,35,9.357701
-0.01,35,9.361394
-0.01,35,9.365048
-0.01,31,9.368309
-0.01,32,9.371612
-0.01,32,9.374951
-0.01,33,9.378412
-0.01,37,9.382234
-0.01,35,9.385925
-0.01,32,9.389294
-0.01,33,9.392756
-0.01,32,9.396121
-0.01,18,9.398057
-0.01,30,9.401262
-0.01,6,9.401932
-0.01,36,9.405702
-0.01,34,9.40922
-0.01,30,9.412382
-0.01,33,9.415862
-0.01,16,9.417593
-0.01,37,9.421469
-0.01,37,9.425337
-0.01,32,9.428701
-0.01,32,9.432049
-0.01,30,9.435224
-0.01,30,9.438377
-0.01,14,9.439882
-0.01,32,9.443233
-0.01,30,9.446391
-0.01,16,9.448122
-0.01,30,9.45128
-0.01,37,9.455165
-0.01,17,9.456991
-0.01,30,9.460149
-0.01,34,9.463736
-0.01,30,9.46696
-0.01,30,9.470107
-0.01,32,9.473452
-0.01,26,9.476205
-0.01,35,9.479838
-0.01,32,9.483199
-0.01,33,9.486618
-0.01,28,9.489595
-0.01,35,9.493393
-0.01,32,9.496773
-0.01,31,9.500043
-0.01,32,9.503415
-0.01,36,9.507147
-0.01,8,9.508011
-0.01,36,9.511756
-0.01,4,9.512195
-0.01,8,9.513052
-0.01,31,9.516325
-0.01,31,9.519844
-0.01,27,9.522799
-0.01,32,9.526122
-0.01,34,9.529728
-0.01,32,9.533111
-0.01,34,9.536679
-0.01,37,9.540503
-0.01,21,9.542756
-0.01,6,9.54341
-0.01,2,9.543642
-0.01,38,9.547646
-0.01,23,9.550109
-0.01,33,9.553577
-0.01,32,9.55695
-0.01,32,9.560318
-0.01,12,9.561637
-0.01,35,9.565256
-0.01,30,9.56842
-0.01,36,9.572153
-0.01,33,9.575621
-0.01,35,9.579294
-0.01,23,9.581699
-0.01,36,9.585458
-0.01,32,9.588833
-0.01,35,9.592505
-0.01,34,9.596053
-0.01,30,9.599219
-0.01,33,9.60281
-0.01,33,9.606269
-0.01,30,9.609439
-0.01,30,9.612603
-0.01,23,9.615048
-0.01,39,9.619155
-0.01,31,9.622427
-0.01,4,9.62287
-0.01,7,9.623632
-0.01,6,9.624278
-0.01,31,9.627588
-0.01,31,9.630869
-0.01,34,9.634491
-0.01,35,9.63819
-0.01,25,9.640852
-0.01,32,9.644181
-0.01,33,9.64767
-0.01,33,9.651181
-0.01,30,9.654341
-0.01,23,9.656777
-0.01,32,9.66011
-0.01,31,9.663332
-0.01,31,9.666624
-0.01,30,9.669815
-0.01,30,9.672965
-0.01,33,9.676441
-0.01,29,9.679504
-0.01,34,9.683077
-0.01,11,9.684233
-0.01,30,9.687386
-0.01,2,9.687612
-0.01,33,9.691025
-0.01,33,9.694502
-0.01,33,9.69797
-0.01,30,9.701145
-0.01,4,9.701584
-0.01,34,9.705167
-0.01,35,9.708842
-0.01,8,9.709712
-0.01,30,9.71288
-0.01,35,9.716557
-0.01,30,9.719723
-0.01,36,9.723494
-0.01,8,9.724359
-0.01,32,9.727755
-0.01,31,9.731021
-0.01,32,9.734397
-0.01,38,9.738386
-0.01,33,9.741862
-0.01,34,9.745433
-0.01,34,9.749014
-0.01,32,9.752379
-0.01,31,9.755602
-0.01,30,9.75875
-0.01,29,9.761801
-0.01,38,9.765777
-0.01,31,9.769042
-0.01,30,9.772203
-0.01,34,9.775726
-0.01,34,9.779301
-0.01,37,9.78321
-0.01,6,9.783875
-0.01,34,9.78755
-0.01,31,9.790815
-0.01,29,9.79387
-0.01,4,9.794305
-0.01,43,9.798797
-0.01,24,9.801365
-0.01,29,9.804407
-0.01,12,9.805691
-0.01,23,9.808147
-0.01,32,9.811507
-0.01,30,9.814647
-0.01,27,9.817467
-0.01,23,9.819927
-0.01,30,9.823093
-0.01,8,9.823962
-0.01,30,9.827126
-0.01,33,9.830596
-0.01,9,9.83157
-0.01,31,9.834842
-0.01,29,9.837927
-0.01,30,9.841095
-0.01,30,9.844251
-0.01,33,9.847728
-0.01,15,9.84931
-0.01,36,9.853167
-0.01,2,9.853391
-0.01,6,9.854042
-0.01,30,9.857215
-0.01,30,9.860381
-0.01,33,9.863805
-0.01,6,9.864445
-0.01,36,9.868215
-0.01,31,9.871474
-0.01,30,9.874666
-0.01,32,9.878047
-0.01,35,9.881718
-0.01,24,9.884286
-0.01,32,9.887654
-0.01,33,9.891092
-0.01,30,9.894251
-0.01,36,9.89802
-0.01,33,9.901481
-0.01,16,9.903192
-0.01,30,9.906342
-0.01,16,9.90807
-0.01,32,9.911445
-0.01,30,9.914587
-0.01,32,9.917969
-0.01,38,9.921944
-0.01,34,9.925517
-0.01,12,9.926805
-0.01,6,9.927453
-0.01,35,9.931078
-0.01,38,9.935064
-0.01,2,9.935292
-0.01,33,9.938749
-0.01,37,9.942637
-0.01,2,9.942866
-0.01,37,9.946749
-0.01,30,9.949915
-0.01,23,9.952345
-0.01,16,9.954071
-0.01,38,9.958073
-0.01,37,9.961944
-0.01,34,9.965523
-0.01,39,9.969632
-0.01,24,9.972185
-0.01,32,9.975546
-0.01,31,9.978805
-0.01,30,9.981959
-0.01,25,9.984567
-0.01,27,9.987374
-0.01,10,9.988447
-0.01,15,9.990061
-0.01,36,9.993855
-0.01,35,9.997533
-0.01,30,10.00069
-0.01,34,10.004256
-0.01,33,10.007738
-0.01,32,10.011092
-0.01,25,10.013706
-0.01,26,10.016491
-0.01,32,10.019861
-0.01,30,10.023025
-0.01,25,10.025677
-0.01,31,10.028931
-0.01,6,10.029566
-0.01,6,10.030216
-0.01,30,10.033379
-0.01,37,10.03726
-0.01,30,10.04043
-0.01,34,10.043992
-0.01,11,10.045149
-0.01,36,10.048932
-0.01,18,10.050865
-0.01,32,10.054238
-0.01,23,10.056626
-0.01,20,10.058769
-0.01,35,10.062445
-0.01,30,10.065601
-0.01,39,10.069714
-0.01,30,10.07288
-0.01,36,10.076655
-0.01,4,10.077093
-0.01,34,10.080613
-0.01,30,10.083771
-0.01,41,10.088042
-0.01,28,10.09096
-0.01,32,10.094333
-0.01,35,10.098011
-0.01,29,10.101085
-0.01,22,10.103442
-0.01,32,10.106805
-0.01,4,10.107248
-0.01,36,10.111027
-0.01,32,10.114373
-0.01,32,10.11776
-0.01,32,10.121125
-0.01,30,10.124281
-0.01,6,10.124934
-0.01,34,10.128506
-0.01,17,10.130341
-0.01,13,10.13174
-0.01,30,10.1349
-0.01,27,10.137724
-0.01,4,10.138161
-0.01,36,10.141931
-0.01,31,10.145182
-0.01,34,10.148752
-0.01,32,10.152116
-0.01,2,10.152366
-0.01,33,10.155834
-0.01,32,10.159205
-0.01,2,10.159419
-0.01,39,10.163492
-0.01,35,10.167161
-0.01,30,10.170322
-0.01,36,10.174097
-0.01,30,10.177265
-0.01,32,10.180614
-0.01,6,10.181265
-0.01,36,10.185034
-0.01,36,10.188789
-0.01,2,10.189016
-0.01,36,10.192795
-0.01,34,10.196359
-0.01,35,10.200037
-0.01,33,10.203492
-0.01,34,10.20707
-0.01,16,10.208771
-0.01,30,10.211929
-0.01,33,10.215394
-0.01,27,10.218253
-0.01,34,10.221835
-0.01,18,10.223769
-0.01,32,10.227131
-0.01,4,10.22757
-0.01,35,10.23124
-0.01,34,10.234746
-0.01,32,10.238104
-0.01,15,10.239707
-0.01,6,10.240357
-0.01,39,10.244431
-0.01,43,10.248879
-0.01,29,10.251948
-0.01,34,10.255513
-0.01,6,10.256153
-0.01,37,10.259974
-0.01,17,10.261773
-0.01,26,10.264511
-0.01,8,10.265371
-0.01,32,10.268735
-0.01,36,10.272518
-0.01,33,10.275975
-0.01,16,10.277698
-0.01,17,10.279512
-0.01,34,10.282982
-0.01,14,10.284498
-0.01,2,10.284726
-0.01,8,10.285591
-0.01,29,10.288632
-0.01,33,10.292092
-0.01,30,10.295206
-0.01,31,10.298464
-0.01,29,10.301516
-0.01,34,10.305075
-0.01,35,10.30875
-0.01,11,10.309908
-0.01,31,10.313164
-0.01,12,10.314419
-0.01,30,10.317554
-0.01,2,10.317776
-0.01,32,10.32115
-0.01,33,10.324609
-0.01,37,10.328497
-0.01,7,10.329249
-0.01,37,10.333134
-0.01,27,10.335986
-0.01,33,10.339454
-0.01,31,10.342705
-0.01,34,10.346229
-0.01,27,10.349082
-0.01,33,10.352565
-0.01,37,10.35645
-0.01,34,10.36003
-0.01,10,10.361102
-0.01,32,10.364468
-0.01,36,10.368195
-0.01,35,10.371869
-0.01,36,10.375682
-0.01,2,10.375911
-0.01,8,10.376781
-0.01,31,10.380049
-0.01,31,10.383294
-0.01,33,10.386754
-0.01,10,10.387836
-0.01,29,10.390891
-0.01,35,10.39455
-0.01,31,10.397787
-0.01,31,10.40108
-0.01,31,10.404331
-0.01,2,10.40456
-0.01,35,10.408245
-0.01,32,10.41161
-0.01,18,10.413505
-0.01,23,10.415961
-0.01,2,10.416187
-0.01,39,10.420289
-0.01,19,10.42233
-0.01,34,10.425904
-0.01,32,10.429298
-0.01,30,10.432458
-0.01,16,10.434186
-0.01,32,10.437558
-0.01,25,10.440173
-0.01,35,10.443841
-0.01,35,10.4475
-0.01,6,10.448144
-0.01,33,10.451681
-0.01,32,10.455057
-0.01,34,10.458632
-0.01,30,10.461813
-0.01,33,10.465278
-0.01,28,10.468251
-0.01,35,10.471928
-0.01,35,10.475602
-0.01,30,10.478776
-0.01,38,10.482783
-0.01,34,10.486358
-0.01,35,10.490036
-0.01,32,10.493394
-0.01,33,10.496858
-0.01,22,10.499189
-0.01,32,10.502543
-0.01,31,10.505793
-0.01,6,10.506447
-0.01,33,10.509929
-0.01,34,10.513497
-0.01,30,10.516665
-0.01,28,10.519631
-0.01,31,10.522944
-0.01,29,10.526249
-0.01,36,10.530034
-0.01,30,10.533194
-0.01,32,10.536563
-0.01,9,10.537533
-0.01,2,10.537762
-0.01,18,10.539691
-0.01,37,10.543566
-0.01,27,10.546444
