#{"t_start": 1715515176.43886, "env_id": "Office-single-v0"}
r,l,t
0.0,2,0.000502
1.0,111,0.007611
0.0,46,0.010366
0.0,33,0.01231
0.0,1,0.012387
0.0,48,0.015234
0.0,90,0.020227
0.0,21,0.021379
0.0,8,0.021824
0.0,42,0.024099
0.0,113,0.030194
0.0,13,0.030886
0.0,49,0.033446
0.0,34,0.035249
0.0,16,0.036097
0.0,59,0.039138
0.0,55,0.041964
0.0,95,0.046836
0.0,31,0.048446
1.0,139,0.055599
0.0,100,0.060835
1.0,57,0.063761
0.0,44,0.066059
0.0,1,0.066122
0.0,53,0.06885
1.0,54,0.071612
0.0,56,0.074503
1.0,65,0.077846
0.0,88,0.082368
0.0,4,0.082588
0.0,61,0.08574
0.0,33,0.087443
1.0,44,0.089714
0.0,6,0.090034
0.0,94,0.094862
0.0,25,0.096163
1.0,97,0.101142
0.0,49,0.103722
0.0,32,0.105379
1.0,31,0.106979
0.0,43,0.109202
0.0,18,0.110139
1.0,201,0.120524
1.0,75,0.124379
1.0,254,0.137462
0.0,6,0.13779
0.0,60,0.140903
0.0,78,0.144908
0.0,12,0.145534
0.0,21,0.14663
0.0,4,0.146847
0.0,58,0.149866
0.0,15,0.150647
0.0,16,0.151478
0.0,30,0.153038
0.0,73,0.156851
0.0,58,0.15985
1.0,49,0.16239
1.0,199,0.172692
0.0,18,0.17363
0.0,65,0.176988
1.0,86,0.181434
1.0,81,0.185595
0.0,5,0.185865
0.0,15,0.186644
0.0,33,0.188402
0.0,57,0.191345
0.0,139,0.198539
0.0,78,0.202584
0.0,45,0.204904
0.0,46,0.20728
1.0,171,0.216103
1.0,124,0.222492
0.0,4,0.222711
1.0,37,0.22462
0.0,124,0.23103
1.0,27,0.232428
0.0,35,0.234259
0.0,10,0.234783
1.0,41,0.236903
0.0,6,0.237223
0.0,18,0.23816
0.0,3,0.238328
0.0,5,0.238595
1.0,159,0.246773
0.0,91,0.251502
0.0,49,0.254076
1.0,53,0.256811
1.0,134,0.263739
0.0,21,0.264837
0.0,43,0.267078
0.0,25,0.268371
1.0,175,0.277343
0.0,31,0.278958
0.0,31,0.280561
0.0,43,0.282792
0.0,17,0.283673
0.0,2,0.283786
0.0,65,0.287191
0.0,25,0.288502
0.0,139,0.295693
0.0,13,0.296374
0.0,13,0.297054
0.0,11,0.297648
0.0,49,0.300203
0.0,33,0.301911
0.0,12,0.302574
0.0,2,0.302687
0.0,83,0.306981
0.0,91,0.311682
0.0,15,0.312459
0.0,25,0.313757
0.0,40,0.315834
0.0,2,0.315947
1.0,195,0.326024
0.0,17,0.326911
0.0,3,0.327076
0.0,13,0.327755
0.0,4,0.327971
1.0,134,0.334875
0.0,23,0.336073
1.0,93,0.340863
0.0,77,0.344822
0.0,15,0.345607
0.0,38,0.347561
0.0,17,0.348445
0.0,52,0.351125
0.0,127,0.357738
0.0,81,0.361906
0.0,21,0.362996
0.0,27,0.364394
0.0,16,0.365256
1.0,106,0.370716
1.0,226,0.38237
0.0,107,0.38792
0.0,23,0.38912
0.0,1,0.389183
0.0,14,0.389915
0.0,6,0.390232
0.0,87,0.394727
0.0,26,0.396078
0.0,12,0.396705
1.0,126,0.40325
0.0,32,0.40491
0.0,50,0.407499
0.0,44,0.409774
0.0,77,0.413756
0.0,88,0.418304
0.0,45,0.420625
0.0,74,0.424434
1.0,147,0.432043
0.0,27,0.433445
1.0,54,0.436223
0.0,10,0.436743
0.0,7,0.437113
1.0,76,0.441012
1.0,24,0.442253
0.0,50,0.444838
0.0,17,0.44572
1.0,35,0.447532
1.0,33,0.44923
1.0,22,0.450357
0.0,23,0.451547
0.0,6,0.451868
1.0,26,0.453245
0.0,17,0.454142
0.0,18,0.455071
0.0,15,0.455857
0.0,32,0.457506
0.0,43,0.459721
1.0,196,0.46984
0.0,57,0.472788
1.0,48,0.475252
0.0,17,0.47614
0.0,6,0.476457
0.0,18,0.4774
1.0,123,0.483752
0.0,13,0.484438
1.0,131,0.491206
0.0,172,0.500086
1.0,54,0.502864
0.0,14,0.503635
0.0,15,0.504446
0.0,129,0.511105
0.0,70,0.514724
0.0,91,0.519439
0.0,79,0.531548
0.0,34,0.533883
0.0,31,0.535567
0.0,65,0.539066
0.0,13,0.539778
0.0,19,0.540799
1.0,15,0.541602
0.0,5,0.541879
0.0,2,0.541997
0.0,65,0.545461
0.0,4,0.545684
0.0,2,0.545802
0.0,56,0.548784
1.0,30,0.550368
1.0,40,0.552458
1.0,48,0.554952
0.0,16,0.555799
1.0,92,0.560588
0.0,14,0.561333
1.0,185,0.571028
0.0,13,0.571733
0.0,34,0.573521
0.0,125,0.58011
0.0,24,0.581384
0.0,113,0.58732
1.0,113,0.593236
0.0,79,0.597379
0.0,258,0.610842
0.0,52,0.613561
0.0,106,0.619103
0.0,47,0.621556
1.0,38,0.62354
1.0,68,0.62708
0.0,19,0.628097
0.0,1,0.62816
0.0,21,0.62927
1.0,124,0.635734
0.0,10,0.636271
1.0,33,0.638007
0.0,113,0.643892
0.0,31,0.645514
0.0,2,0.645629
0.0,9,0.646113
0.0,33,0.647893
0.0,13,0.648684
1.0,46,0.651248
1.0,15,0.652037
0.0,6,0.652368
0.0,20,0.653424
0.0,57,0.656449
0.0,7,0.656827
1.0,26,0.658184
0.0,35,0.660014
0.0,26,0.661392
0.0,17,0.662286
1.0,182,0.671827
0.0,13,0.672516
0.0,70,0.676169
0.0,23,0.677379
1.0,41,0.679511
0.0,28,0.680991
0.0,32,0.682665
0.0,327,0.699719
1.0,55,0.70259
0.0,40,0.704686
1.0,53,0.707447
1.0,50,0.710044
0.0,3,0.710213
1.0,24,0.71147
0.0,59,0.714567
0.0,62,0.717799
0.0,14,0.718539
0.0,53,0.721296
0.0,13,0.721987
0.0,25,0.723298
0.0,67,0.726792
1.0,21,0.727894
0.0,18,0.728843
0.0,16,0.729693
0.0,9,0.730174
0.0,67,0.733679
1.0,41,0.735832
0.0,10,0.736357
0.0,14,0.737098
0.0,18,0.738045
0.0,28,0.739519
1.0,113,0.745439
0.0,35,0.747279
1.0,40,0.749376
0.0,22,0.75053
0.0,24,0.75179
0.0,11,0.752373
0.0,15,0.753172
1.0,22,0.754328
0.0,36,0.756214
0.0,12,0.756849
0.0,85,0.761319
1.0,29,0.762826
0.0,20,0.763876
1.0,59,0.766947
0.0,51,0.769617
1.0,130,0.776459
0.0,8,0.776887
0.0,19,0.777892
0.0,53,0.78067
1.0,24,0.781943
1.0,27,0.783352
0.0,13,0.784046
1.0,12,0.784679
1.0,14,0.785415
0.0,2,0.785527
0.0,6,0.785848
0.0,13,0.786535
1.0,31,0.788207
1.0,33,0.789948
0.0,32,0.791624
0.0,12,0.792256
0.0,7,0.792633
0.0,117,0.798763
0.0,5,0.799035
0.0,7,0.799411
0.0,209,0.810352
1.0,144,0.817894
0.0,28,0.819363
1.0,40,0.821457
1.0,244,0.834206
0.0,95,0.839176
1.0,149,0.846944
0.0,58,0.849993
0.0,36,0.851861
0.0,63,0.855201
0.0,55,0.858079
1.0,84,0.862444
1.0,63,0.865723
0.0,88,0.870325
0.0,25,0.871642
0.0,29,0.873159
0.0,37,0.875093
1.0,37,0.877027
1.0,53,0.879788
1.0,42,0.881982
0.0,28,0.883448
0.0,28,0.884923
0.0,76,0.888886
1.0,42,0.891079
0.0,24,0.892342
0.0,28,0.893812
1.0,27,0.895223
0.0,11,0.895811
1.0,20,0.896851
0.0,17,0.897741
0.0,8,0.898166
1.0,19,0.899151
0.0,9,0.89963
1.0,31,0.901246
1.0,29,0.902758
0.0,16,0.903599
0.0,14,0.904342
0.0,15,0.905131
0.0,51,0.907793
0.0,13,0.90848
0.0,106,0.91403
0.0,67,0.917542
1.0,34,0.919316
1.0,44,0.921674
1.0,157,0.92988
1.0,23,0.931099
0.0,2,0.931218
0.0,12,0.931857
0.0,13,0.932556
1.0,93,0.937444
0.0,45,0.939807
1.0,10,0.940334
1.0,30,0.941908
0.0,13,0.942595
1.0,20,0.94364
0.0,55,0.946524
1.0,33,0.948263
0.0,9,0.948747
0.0,12,0.949383
1.0,37,0.951307
1.0,15,0.952095
0.0,17,0.952979
1.0,17,0.953881
0.0,11,0.954464
0.0,19,0.955468
0.0,47,0.95794
1.0,21,0.959044
0.0,33,0.960763
1.0,40,0.962829
1.0,28,0.964312
0.0,4,0.964531
0.0,10,0.965064
0.0,11,0.965648
0.0,25,0.966939
0.0,9,0.967419
0.0,9,0.967897
0.0,2,0.968013
0.0,53,0.970783
0.0,38,0.97276
0.0,36,0.97465
0.0,33,0.976379
0.0,61,0.979572
0.0,20,0.980625
0.0,8,0.981066
0.0,4,0.981286
1.0,31,0.98291
0.0,17,0.983806
1.0,34,0.98559
0.0,17,0.986539
0.0,46,0.988978
0.0,51,0.991651
1.0,110,0.997393
1.0,136,1.004504
0.0,4,1.004724
1.0,180,1.014145
0.0,32,1.015829
1.0,89,1.020484
0.0,5,1.02076
0.0,45,1.023139
0.0,19,1.02414
0.0,23,1.025346
1.0,21,1.026449
0.0,10,1.02698
1.0,19,1.027977
0.0,120,1.034232
0.0,35,1.036055
0.0,15,1.036846
1.0,35,1.038667
0.0,33,1.040391
1.0,27,1.041819
0.0,14,1.042559
0.0,37,1.0445
0.0,33,1.046233
0.0,19,1.047232
0.0,22,1.048402
1.0,51,1.051077
1.0,28,1.052545
0.0,21,1.053648
0.0,12,1.054307
0.0,75,1.058557
0.0,52,1.061273
0.0,32,1.062955
1.0,54,1.065797
1.0,111,1.071623
0.0,20,1.072684
0.0,20,1.07374
1.0,56,1.076664
0.0,6,1.076991
0.0,69,1.080593
0.0,23,1.081818
0.0,24,1.083079
1.0,36,1.084959
0.0,19,1.085963
0.0,9,1.086446
1.0,25,1.087753
1.0,44,1.090079
1.0,90,1.094795
0.0,15,1.095603
0.0,31,1.097228
0.0,17,1.098133
0.0,18,1.099076
0.0,26,1.100445
1.0,148,1.108306
0.0,1,1.108375
0.0,32,1.110051
1.0,62,1.113301
1.0,55,1.116193
0.0,92,1.121019
1.0,104,1.126457
1.0,29,1.127976
0.0,32,1.129661
1.0,108,1.135295
1.0,35,1.137118
1.0,19,1.13811
1.0,34,1.139885
0.0,1,1.139948
0.0,11,1.140558
0.0,16,1.141399
1.0,34,1.143166
0.0,53,1.145941
1.0,28,1.147407
0.0,54,1.150193
0.0,32,1.151866
1.0,100,1.157111
1.0,25,1.158422
1.0,41,1.160578
1.0,62,1.163832
0.0,14,1.164577
1.0,94,1.169488
0.0,25,1.170819
0.0,4,1.171038
0.0,70,1.174701
0.0,37,1.17663
0.0,26,1.177997
0.0,15,1.178794
0.0,74,1.182671
1.0,56,1.185607
0.0,31,1.187229
1.0,76,1.191183
0.0,68,1.194749
1.0,116,1.200865
1.0,44,1.20316
0.0,48,1.205676
0.0,33,1.207402
1.0,20,1.208447
0.0,43,1.210705
0.0,6,1.211031
1.0,68,1.214585
0.0,6,1.214912
1.0,28,1.216371
0.0,85,1.220828
0.0,29,1.222353
1.0,131,1.229179
1.0,80,1.23338
0.0,30,1.23496
0.0,74,1.238845
0.0,37,1.240792
0.0,19,1.241792
0.0,35,1.243642
0.0,140,1.250982
0.0,59,1.254111
0.0,68,1.25767
1.0,29,1.259192
0.0,25,1.260509
0.0,32,1.262184
1.0,90,1.266888
1.0,65,1.270275
1.0,12,1.270919
0.0,15,1.271714
0.0,5,1.271986
1.0,69,1.275596
0.0,55,1.278472
0.0,54,1.281281
0.0,4,1.2815
0.0,20,1.282554
1.0,31,1.284176
0.0,24,1.28546
1.0,37,1.287389
1.0,49,1.289943
1.0,34,1.29172
0.0,1,1.291783
0.0,15,1.292579
0.0,4,1.292798
1.0,106,1.298324
0.0,92,1.303111
0.0,23,1.304338
0.0,22,1.305512
1.0,126,1.312075
0.0,19,1.313077
0.0,14,1.313825
0.0,27,1.315264
1.0,80,1.319437
0.0,38,1.321495
0.0,70,1.325183
0.0,25,1.326496
0.0,6,1.326819
0.0,10,1.32735
0.0,4,1.327567
1.0,77,1.331611
1.0,48,1.33412
0.0,13,1.334808
0.0,8,1.335239
0.0,56,1.338197
0.0,109,1.343892
0.0,128,1.350561
0.0,33,1.352312
1.0,65,1.355701
0.0,57,1.35868
0.0,51,1.36135
0.0,6,1.361673
0.0,80,1.365872
1.0,37,1.367804
0.0,17,1.3687
0.0,22,1.369858
1.0,63,1.373135
0.0,25,1.374448
1.0,73,1.378243
0.0,6,1.378566
1.0,29,1.380082
0.0,4,1.380302
0.0,55,1.3832
0.0,12,1.383843
0.0,7,1.384219
0.0,53,1.387058
0.0,36,1.388947
0.0,35,1.390783
1.0,67,1.394289
1.0,53,1.397067
0.0,39,1.399113
1.0,110,1.404844
1.0,20,1.405892
0.0,75,1.409796
0.0,13,1.410487
1.0,75,1.414404
1.0,69,1.418031
0.0,20,1.419085
0.0,6,1.419405
0.0,19,1.420401
1.0,24,1.421658
0.0,8,1.422084
1.0,35,1.42391
0.0,1,1.423974
0.0,7,1.42435
0.0,14,1.425089
0.0,16,1.425933
1.0,47,1.428387
0.0,17,1.429287
0.0,16,1.430153
1.0,37,1.432078
0.0,23,1.433286
0.0,17,1.434184
0.0,12,1.434823
0.0,14,1.435567
1.0,61,1.438802
0.0,11,1.439386
0.0,20,1.440441
1.0,75,1.444359
0.0,8,1.444787
0.0,14,1.445524
1.0,16,1.446363
1.0,50,1.44897
1.0,27,1.450378
0.0,153,1.458376
1.0,28,1.459839
0.0,24,1.461088
0.0,17,1.461989
0.0,24,1.463253
1.0,61,1.466435
0.0,19,1.467437
0.0,6,1.467758
1.0,44,1.470058
1.0,51,1.47269
1.0,21,1.473781
0.0,18,1.474731
1.0,22,1.475872
1.0,19,1.476862
1.0,23,1.478065
0.0,4,1.478283
1.0,33,1.479989
1.0,18,1.480932
0.0,24,1.482177
0.0,13,1.482883
0.0,14,1.483627
0.0,17,1.484525
0.0,35,1.486352
0.0,31,1.487967
1.0,72,1.491719
1.0,23,1.492927
0.0,23,1.494136
1.0,75,1.498043
0.0,15,1.498835
1.0,25,1.500133
0.0,25,1.501434
1.0,61,1.50466
0.0,28,1.506134
1.0,133,1.513064
0.0,12,1.513703
1.0,25,1.515025
1.0,55,1.517897
0.0,15,1.518695
0.0,15,1.519489
0.0,19,1.520492
1.0,127,1.52711
0.0,14,1.527854
1.0,83,1.532177
0.0,28,1.533644
0.0,65,1.537043
0.0,98,1.542163
0.0,59,1.545251
0.0,48,1.547773
0.0,94,1.552707
1.0,104,1.558128
0.0,68,1.561685
0.0,3,1.561852
1.0,40,1.563932
0.0,40,1.566011
1.0,47,1.56845
0.0,21,1.569556
0.0,26,1.570917
0.0,49,1.573465
0.0,15,1.574252
0.0,23,1.575455
1.0,19,1.576451
0.0,1,1.576512
1.0,64,1.579946
1.0,20,1.580993
0.0,2,1.58111
0.0,2,1.581225
1.0,56,1.584139
1.0,42,1.586333
0.0,7,1.586713
1.0,44,1.589005
0.0,7,1.589386
1.0,51,1.592045
0.0,50,1.594661
0.0,54,1.597469
0.0,20,1.598521
0.0,20,1.599567
1.0,47,1.602012
0.0,29,1.603524
0.0,35,1.605357
1.0,27,1.606769
0.0,28,1.608236
0.0,8,1.608665
1.0,83,1.612978
1.0,35,1.614841
0.0,12,1.615489
0.0,38,1.617483
1.0,40,1.619585
0.0,22,1.620739
1.0,34,1.622507
0.0,10,1.62304
0.0,30,1.624627
1.0,18,1.625572
0.0,17,1.626462
0.0,69,1.630075
0.0,13,1.63076
1.0,33,1.632482
0.0,23,1.633682
1.0,12,1.634319
0.0,15,1.635099
0.0,42,1.637324
1.0,28,1.63878
1.0,30,1.640327
0.0,27,1.641737
1.0,38,1.643687
1.0,54,1.646486
1.0,31,1.648099
1.0,38,1.650062
1.0,28,1.651503
1.0,33,1.653306
0.0,16,1.65423
0.0,9,1.654708
1.0,39,1.656734
0.0,23,1.657934
0.0,19,1.658923
0.0,5,1.659195
0.0,10,1.659725
1.0,46,1.662123
1.0,13,1.662804
0.0,15,1.663588
1.0,15,1.664377
0.0,15,1.665159
0.0,47,1.667604
0.0,33,1.669331
0.0,18,1.670283
1.0,58,1.673287
1.0,40,1.675357
1.0,17,1.676244
1.0,21,1.677339
0.0,21,1.678437
1.0,21,1.679529
0.0,13,1.680215
0.0,17,1.681104
0.0,19,1.682122
0.0,18,1.683054
0.0,6,1.683375
0.0,15,1.68417
1.0,96,1.689259
0.0,14,1.69
1.0,52,1.692707
1.0,65,1.696073
1.0,25,1.697364
0.0,8,1.697792
0.0,14,1.698529
0.0,4,1.698747
1.0,15,1.699532
0.0,13,1.700218
1.0,37,1.702141
0.0,11,1.702725
0.0,18,1.703673
1.0,22,1.704817
0.0,7,1.705195
0.0,2,1.705309
0.0,18,1.706264
0.0,26,1.707621
0.0,19,1.708616
0.0,13,1.709302
0.0,13,1.709998
0.0,20,1.711045
0.0,13,1.71173
0.0,11,1.712311
1.0,17,1.713196
0.0,7,1.713569
0.0,33,1.71528
0.0,7,1.715653
1.0,41,1.717796
0.0,12,1.718436
1.0,27,1.719844
1.0,23,1.721039
0.0,7,1.72141
0.0,7,1.721783
1.0,105,1.727262
0.0,8,1.727691
1.0,35,1.729509
1.0,22,1.730657
1.0,30,1.732209
0.0,15,1.732987
0.0,16,1.733833
1.0,13,1.734522
0.0,5,1.734788
0.0,16,1.735622
0.0,8,1.73605
1.0,67,1.739512
0.0,30,1.741068
0.0,98,1.746202
0.0,12,1.74684
0.0,9,1.747318
0.0,14,1.74806
1.0,25,1.749374
1.0,33,1.751095
0.0,20,1.752154
0.0,11,1.752737
0.0,19,1.753734
0.0,8,1.754165
0.0,24,1.755424
1.0,17,1.756307
1.0,23,1.75751
0.0,4,1.75773
1.0,17,1.758617
0.0,12,1.759254
1.0,19,1.760251
0.0,36,1.762123
1.0,15,1.762906
1.0,17,1.7638
1.0,15,1.764587
0.0,9,1.765067
0.0,9,1.765545
0.0,20,1.766596
0.0,25,1.767899
1.0,96,1.772897
0.0,18,1.773847
0.0,13,1.774534
0.0,19,1.775532
0.0,11,1.776115
0.0,38,1.778093
1.0,104,1.783491
0.0,10,1.784026
0.0,73,1.787831
0.0,19,1.788835
0.0,11,1.789417
0.0,14,1.790151
0.0,56,1.793066
0.0,4,1.793284
1.0,35,1.795108
0.0,19,1.796105
1.0,21,1.797199
1.0,12,1.797832
0.0,23,1.799036
0.0,22,1.800182
1.0,29,1.801691
0.0,26,1.80305
0.0,30,1.804619
0.0,4,1.804836
0.0,52,1.807548
0.0,23,1.808753
0.0,22,1.809893
0.0,28,1.811347
1.0,95,1.816333
0.0,17,1.817225
0.0,114,1.823172
0.0,25,1.824483
0.0,26,1.825847
0.0,16,1.826689
0.0,36,1.828584
0.0,21,1.829689
0.0,37,1.831637
1.0,117,1.837757
0.0,79,1.841886
0.0,24,1.843142
0.0,32,1.844814
1.0,88,1.849397
0.0,15,1.850192
0.0,37,1.852126
0.0,31,1.85375
0.0,41,1.855905
0.0,104,1.861343
1.0,35,1.863176
0.0,4,1.863391
0.0,65,1.866788
1.0,86,1.871271
0.0,1,1.871334
0.0,3,1.8715
0.0,138,1.878715
0.0,4,1.878935
1.0,31,1.880557
0.0,26,1.881916
0.0,30,1.88349
1.0,66,1.886937
0.0,15,1.887726
1.0,168,1.896506
0.0,35,1.898344
0.0,24,1.899603
1.0,123,1.906005
0.0,15,1.906804
0.0,17,1.907696
0.0,11,1.908281
0.0,7,1.908658
0.0,2,1.908772
0.0,29,1.9103
1.0,33,1.912016
1.0,44,1.914309
0.0,21,1.91541
0.0,16,1.916256
0.0,15,1.917047
0.0,19,1.918048
0.0,42,1.920246
1.0,41,1.92238
0.0,12,1.92302
0.0,18,1.923965
0.0,17,1.924862
0.0,37,1.926781
0.0,16,1.927624
0.0,64,1.930973
1.0,49,1.933533
1.0,22,1.934689
1.0,31,1.936304
1.0,39,1.938335
0.0,27,1.93975
0.0,12,1.940382
0.0,15,1.941176
1.0,29,1.942693
0.0,20,1.943769
0.0,56,1.946703
0.0,7,1.947075
0.0,13,1.947762
0.0,44,1.950063
0.0,19,1.951067
0.0,36,1.952949
0.0,19,1.953955
0.0,20,1.955008
0.0,22,1.956162
1.0,17,1.957049
0.0,16,1.957891
0.0,35,1.959727
1.0,22,1.960882
0.0,17,1.961784
1.0,17,1.962676
1.0,45,1.965037
1.0,28,1.966507
0.0,22,1.96766
1.0,151,1.975511
0.0,19,1.976512
0.0,39,1.978554
0.0,36,1.980443
1.0,82,1.984726
1.0,102,1.990029
0.0,35,1.99186
0.0,59,1.994946
1.0,48,1.997447
0.0,7,1.997823
0.0,4,1.998041
1.0,37,1.999974
0.0,32,2.001649
0.0,4,2.001866
0.0,22,2.003027
1.0,95,2.008011
0.0,41,2.010159
0.0,13,2.010874
0.0,26,2.012241
0.0,27,2.013656
1.0,93,2.018517
0.0,70,2.022182
0.0,35,2.024025
0.0,58,2.027059
1.0,38,2.029047
0.0,22,2.030195
0.0,17,2.031093
0.0,14,2.031832
1.0,45,2.034181
1.0,24,2.035436
0.0,15,2.036232
0.0,101,2.0415
0.0,90,2.046195
0.0,89,2.050818
1.0,53,2.053583
0.0,4,2.053805
0.0,39,2.055835
0.0,36,2.05771
1.0,85,2.062144
0.0,21,2.063248
0.0,55,2.066118
0.0,51,2.068787
0.0,42,2.070978
1.0,30,2.072547
0.0,31,2.074171
0.0,11,2.074756
0.0,29,2.076296
1.0,43,2.078539
1.0,19,2.079523
1.0,116,2.085554
0.0,56,2.088484
0.0,43,2.090728
1.0,24,2.091979
1.0,26,2.093338
0.0,9,2.09382
1.0,18,2.094754
0.0,14,2.095493
1.0,13,2.096171
0.0,4,2.096387
0.0,9,2.096864
0.0,9,2.097342
0.0,35,2.099163
1.0,23,2.100369
0.0,17,2.101264
0.0,19,2.102261
0.0,22,2.103486
0.0,16,2.104333
0.0,24,2.105593
1.0,43,2.107821
0.0,30,2.109386
0.0,24,2.110648
0.0,85,2.115081
0.0,9,2.115562
0.0,9,2.116042
1.0,13,2.116718
0.0,19,2.11772
0.0,9,2.11821
0.0,7,2.118582
1.0,52,2.121289
1.0,30,2.122859
1.0,25,2.124168
1.0,20,2.125215
1.0,26,2.126568
0.0,12,2.127202
1.0,24,2.12845
0.0,18,2.12939
0.0,7,2.129763
0.0,13,2.13045
0.0,24,2.131705
1.0,49,2.134244
0.0,22,2.135399
1.0,32,2.137059
1.0,39,2.13911
0.0,13,2.139814
1.0,12,2.140447
0.0,9,2.140944
0.0,4,2.141162
0.0,9,2.141641
0.0,15,2.142431
0.0,46,2.144838
0.0,37,2.146772
0.0,37,2.148707
0.0,14,2.149448
0.0,50,2.152057
0.0,6,2.152379
1.0,53,2.155132
0.0,13,2.155826
0.0,30,2.157412
0.0,20,2.158464
0.0,82,2.162749
0.0,1,2.162811
0.0,26,2.164168
0.0,29,2.165686
1.0,94,2.170624
1.0,38,2.172602
1.0,40,2.174674
1.0,30,2.176237
0.0,11,2.176816
0.0,9,2.177295
0.0,50,2.179894
0.0,35,2.18171
0.0,17,2.182599
0.0,23,2.183806
1.0,69,2.187371
0.0,13,2.188056
1.0,31,2.189661
1.0,25,2.190967
0.0,19,2.191963
0.0,36,2.193849
1.0,195,2.203975
0.0,28,2.205452
0.0,14,2.206197
1.0,41,2.208373
1.0,41,2.210508
1.0,53,2.21328
0.0,69,2.216875
0.0,24,2.218136
0.0,115,2.22418
0.0,2,2.224294
0.0,6,2.224618
0.0,14,2.225361
0.0,15,2.226152
1.0,30,2.227721
1.0,34,2.229465
1.0,15,2.230254
0.0,15,2.231046
0.0,25,2.232341
1.0,47,2.234781
0.0,23,2.235986
0.0,19,2.236976
1.0,22,2.238121
1.0,21,2.239214
1.0,17,2.240101
0.0,11,2.240689
0.0,23,2.241881
1.0,30,2.243429
0.0,12,2.244071
1.0,34,2.245848
0.0,7,2.246225
0.0,25,2.247526
0.0,12,2.248165
1.0,28,2.249633
0.0,31,2.251247
0.0,9,2.251724
0.0,27,2.253174
0.0,7,2.253547
0.0,26,2.254909
0.0,31,2.256529
0.0,11,2.257115
1.0,42,2.259298
1.0,51,2.261948
0.0,23,2.26315
0.0,26,2.264513
1.0,40,2.266604
0.0,16,2.267437
0.0,13,2.26812
0.0,7,2.268496
0.0,32,2.270175
0.0,18,2.271127
0.0,64,2.27448
1.0,52,2.277179
0.0,11,2.277767
0.0,21,2.278861
0.0,32,2.28054
0.0,101,2.285808
0.0,81,2.290085
0.0,9,2.29057
0.0,95,2.295522
1.0,22,2.29667
0.0,12,2.297307
1.0,41,2.299445
0.0,39,2.301485
1.0,33,2.303211
0.0,2,2.303327
0.0,4,2.303543
0.0,8,2.303975
0.0,25,2.305284
0.0,26,2.306654
0.0,14,2.307398
0.0,49,2.309974
1.0,71,2.313688
1.0,74,2.317568
0.0,30,2.31916
1.0,17,2.32005
0.0,52,2.322774
0.0,16,2.323617
1.0,13,2.324306
0.0,13,2.324992
1.0,146,2.332614
1.0,47,2.3351
0.0,16,2.33595
1.0,55,2.338857
1.0,33,2.340563
1.0,30,2.342129
0.0,12,2.342769
0.0,11,2.343356
0.0,17,2.344251
0.0,11,2.344836
1.0,53,2.347609
0.0,20,2.348653
0.0,36,2.350543
1.0,87,2.355083
0.0,10,2.355616
1.0,24,2.35687
1.0,18,2.357814
0.0,15,2.358605
0.0,19,2.359604
0.0,18,2.360551
0.0,22,2.361706
0.0,19,2.362706
0.0,4,2.362922
0.0,17,2.36382
0.0,56,2.366748
0.0,39,2.368791
0.0,53,2.371567
0.0,53,2.374345
1.0,76,2.378306
0.0,27,2.37975
1.0,39,2.381805
1.0,38,2.383793
0.0,18,2.384743
0.0,49,2.387296
0.0,5,2.387564
1.0,78,2.391626
0.0,32,2.393304
0.0,8,2.393729
1.0,52,2.39645
1.0,24,2.397705
1.0,31,2.399322
1.0,29,2.400841
0.0,9,2.401317
0.0,16,2.402163
0.0,16,2.403005
1.0,41,2.405131
0.0,61,2.408314
1.0,30,2.409878
0.0,15,2.410671
1.0,15,2.41146
1.0,22,2.412601
1.0,24,2.413858
0.0,53,2.416614
0.0,11,2.417197
0.0,2,2.417309
0.0,23,2.418498
0.0,9,2.418974
1.0,15,2.419763
1.0,41,2.421889
1.0,29,2.423399
0.0,7,2.423775
0.0,11,2.424363
0.0,21,2.425461
1.0,25,2.426761
0.0,19,2.427756
0.0,12,2.428391
0.0,12,2.429026
0.0,9,2.429501
1.0,16,2.430344
0.0,18,2.431289
0.0,33,2.433002
0.0,12,2.433637
0.0,2,2.433749
0.0,48,2.436268
0.0,19,2.437264
0.0,16,2.438104
0.0,15,2.438893
0.0,13,2.439593
1.0,80,2.44375
0.0,19,2.44475
1.0,14,2.445483
0.0,15,2.446272
1.0,16,2.447104
0.0,44,2.449409
0.0,63,2.452685
0.0,92,2.457495
0.0,11,2.458081
0.0,4,2.458297
1.0,54,2.461117
0.0,19,2.462111
0.0,25,2.463413
0.0,14,2.46415
0.0,64,2.467498
0.0,6,2.467821
0.0,106,2.473388
0.0,25,2.474705
0.0,19,2.475699
0.0,25,2.477007
0.0,52,2.479739
0.0,18,2.48069
0.0,76,2.484668
0.0,43,2.486922
0.0,129,2.493636
1.0,15,2.494432
0.0,23,2.49564
0.0,11,2.496221
0.0,33,2.497953
0.0,31,2.49958
0.0,4,2.499799
0.0,9,2.500279
1.0,92,2.505075
0.0,13,2.50577
1.0,57,2.508757
0.0,17,2.509659
1.0,41,2.511816
1.0,29,2.51334
1.0,57,2.516332
0.0,114,2.522262
0.0,24,2.523521
0.0,26,2.524881
0.0,14,2.525627
0.0,4,2.525847
0.0,72,2.529623
0.0,56,2.532565
0.0,15,2.533358
0.0,14,2.534105
0.0,51,2.536808
1.0,61,2.540007
0.0,4,2.540226
1.0,78,2.544313
0.0,38,2.546298
0.0,109,2.55197
0.0,11,2.552554
1.0,36,2.55443
0.0,24,2.555703
0.0,30,2.557272
0.0,8,2.557698
1.0,31,2.559315
0.0,37,2.561224
1.0,38,2.563203
0.0,2,2.563317
0.0,14,2.564062
1.0,21,2.565163
0.0,14,2.565908
0.0,15,2.5667
0.0,20,2.56775
0.0,26,2.569113
0.0,39,2.571154
0.0,96,2.576187
1.0,49,2.578743
0.0,34,2.580529
0.0,3,2.580696
1.0,34,2.582468
1.0,72,2.586218
1.0,18,2.58717
0.0,33,2.588902
1.0,21,2.590002
0.0,27,2.591422
0.0,45,2.593787
0.0,14,2.594529
0.0,9,2.595008
0.0,23,2.59621
0.0,10,2.596765
1.0,18,2.597707
0.0,13,2.598391
1.0,24,2.599634
1.0,14,2.600365
0.0,9,2.600842
0.0,12,2.601494
1.0,15,2.60228
0.0,11,2.602863
0.0,22,2.604015
1.0,36,2.605884
0.0,14,2.606623
0.0,13,2.607311
0.0,21,2.608411
0.0,27,2.609827
0.0,25,2.611136
1.0,20,2.61218
0.0,70,2.615818
0.0,16,2.616658
0.0,11,2.617243
0.0,9,2.617721
0.0,8,2.618146
0.0,124,2.624592
0.0,6,2.624919
0.0,17,2.62582
0.0,4,2.626038
0.0,67,2.629634
0.0,11,2.630222
1.0,29,2.631737
1.0,59,2.634823
0.0,27,2.636234
0.0,15,2.637027
0.0,15,2.637818
1.0,77,2.641834
0.0,11,2.642419
0.0,9,2.642899
0.0,43,2.645149
0.0,15,2.645939
0.0,19,2.646937
0.0,12,2.647572
1.0,79,2.651675
0.0,2,2.651789
0.0,11,2.652376
0.0,72,2.656144
0.0,39,2.658513
0.0,1,2.658575
0.0,23,2.659782
0.0,26,2.66115
0.0,44,2.663487
0.0,124,2.669981
0.0,44,2.672293
0.0,23,2.673551
0.0,79,2.67771
0.0,2,2.677826
1.0,34,2.679614
0.0,18,2.680564
0.0,29,2.682094
1.0,67,2.685631
0.0,31,2.687271
0.0,46,2.689685
0.0,29,2.691207
0.0,30,2.692781
1.0,29,2.6943
0.0,381,2.714155
0.0,26,2.715526
0.0,16,2.716371
0.0,17,2.717265
1.0,189,2.72714
0.0,11,2.727722
0.0,4,2.72794
0.0,9,2.728421
0.0,9,2.728902
0.0,1,2.728963
0.0,39,2.731007
0.0,66,2.734476
1.0,58,2.737548
0.0,17,2.738449
1.0,33,2.740172
0.0,3,2.740338
1.0,117,2.74642
1.0,145,2.75399
0.0,17,2.754892
1.0,55,2.757761
0.0,4,2.75798
1.0,16,2.758816
1.0,17,2.759705
0.0,17,2.760598
1.0,42,2.762778
0.0,3,2.762945
1.0,93,2.767791
0.0,1,2.767853
0.0,58,2.770877
0.0,12,2.771517
0.0,20,2.772561
0.0,44,2.774861
0.0,13,2.77555
1.0,26,2.776909
0.0,17,2.777806
0.0,43,2.780051
1.0,21,2.781153
0.0,2,2.781266
1.0,11,2.781847
1.0,22,2.783
1.0,25,2.784305
0.0,12,2.784943
0.0,9,2.785434
0.0,2,2.785552
0.0,13,2.786242
0.0,2,2.786355
1.0,17,2.787245
0.0,4,2.787462
1.0,18,2.788406
1.0,19,2.789393
0.0,55,2.792269
0.0,6,2.792594
0.0,4,2.792811
0.0,14,2.793552
0.0,90,2.798244
1.0,48,2.800766
0.0,22,2.801923
1.0,26,2.80328
0.0,17,2.80418
1.0,41,2.806312
0.0,41,2.808455
0.0,4,2.808673
1.0,19,2.809668
0.0,7,2.810043
1.0,79,2.814163
0.0,1,2.814226
0.0,23,2.815432
0.0,32,2.817107
0.0,21,2.818208
0.0,19,2.819214
0.0,53,2.821991
0.0,23,2.823198
0.0,95,2.828165
1.0,121,2.834463
1.0,24,2.835719
0.0,15,2.836508
0.0,23,2.837707
1.0,43,2.839947
1.0,14,2.840682
0.0,1,2.840744
1.0,20,2.841788
0.0,20,2.842837
1.0,46,2.845213
1.0,24,2.84646
1.0,21,2.847556
1.0,17,2.848443
1.0,24,2.849688
0.0,20,2.850733
1.0,34,2.8525
0.0,12,2.853136
1.0,72,2.856882
1.0,29,2.85839
0.0,29,2.859889
0.0,23,2.861089
0.0,6,2.861408
0.0,6,2.861728
1.0,15,2.862515
1.0,39,2.864588
0.0,44,2.866893
0.0,14,2.867636
0.0,14,2.868376
1.0,29,2.869876
0.0,18,2.870825
0.0,16,2.871672
0.0,12,2.872306
0.0,47,2.874751
0.0,15,2.87554
1.0,25,2.876848
0.0,97,2.881892
0.0,8,2.882319
0.0,40,2.884414
0.0,35,2.886254
0.0,17,2.887152
1.0,75,2.891061
1.0,22,2.892216
1.0,45,2.894567
0.0,23,2.89577
0.0,13,2.896459
0.0,18,2.897403
0.0,13,2.898092
1.0,27,2.899501
0.0,26,2.900867
0.0,26,2.902228
1.0,88,2.90683
0.0,8,2.907258
1.0,18,2.908201
0.0,15,2.908995
0.0,7,2.909368
1.0,18,2.910313
1.0,14,2.911047
0.0,22,2.912204
0.0,26,2.913566
0.0,22,2.914724
1.0,27,2.916133
0.0,15,2.916921
0.0,20,2.91797
1.0,22,2.919113
0.0,1,2.919175
0.0,24,2.920426
1.0,90,2.925117
0.0,6,2.925444
1.0,49,2.928009
0.0,56,2.930954
0.0,8,2.931383
1.0,101,2.936639
0.0,15,2.937429
0.0,69,2.941042
0.0,4,2.94126
0.0,71,2.944971
0.0,22,2.946131
1.0,43,2.948375
0.0,67,2.951868
0.0,18,2.952815
0.0,40,2.954913
1.0,65,2.958291
1.0,26,2.959655
0.0,12,2.960289
0.0,7,2.960663
0.0,4,2.960882
1.0,28,2.962347
0.0,28,2.963807
0.0,12,2.964441
0.0,14,2.965179
0.0,9,2.965657
1.0,21,2.96676
1.0,56,2.96968
0.0,16,2.970525
1.0,22,2.971676
0.0,16,2.972517
1.0,31,2.97413
0.0,13,2.974822
1.0,22,2.975968
1.0,21,2.977067
1.0,19,2.978058
0.0,17,2.978949
1.0,23,2.980154
1.0,17,2.981045
1.0,27,2.982453
1.0,32,2.984098
0.0,17,2.98499
0.0,21,2.986102
1.0,19,2.987088
1.0,18,2.988031
1.0,19,2.989025
0.0,12,2.989662
0.0,16,2.990505
1.0,24,2.991747
0.0,14,2.992483
0.0,24,2.993737
1.0,15,2.994534
1.0,32,2.996181
0.0,16,2.997025
0.0,6,2.997346
1.0,39,2.999381
1.0,33,3.001101
0.0,26,3.002464
1.0,20,3.003496
0.0,21,3.004599
1.0,28,3.00605
1.0,19,3.007034
1.0,24,3.008287
1.0,34,3.010055
1.0,20,3.011101
0.0,17,3.011996
0.0,19,3.01299
0.0,12,3.013623
1.0,30,3.015175
0.0,17,3.016067
1.0,20,3.017108
0.0,15,3.017898
0.0,15,3.018681
0.0,16,3.019519
1.0,29,3.021005
1.0,20,3.022047
0.0,16,3.022886
0.0,19,3.023881
1.0,81,3.028086
0.0,38,3.030058
0.0,4,3.030275
0.0,21,3.031367
1.0,28,3.032825
0.0,24,3.03408
0.0,17,3.034971
1.0,65,3.038339
1.0,22,3.039478
0.0,15,3.040267
1.0,36,3.04213
0.0,23,3.043321
0.0,21,3.044414
0.0,20,3.045455
0.0,20,3.046497
0.0,12,3.047133
0.0,28,3.048595
0.0,20,3.049644
0.0,20,3.05068
0.0,43,3.052914
1.0,135,3.059891
1.0,28,3.061354
0.0,16,3.062222
0.0,14,3.062965
0.0,18,3.063916
0.0,39,3.065952
0.0,14,3.066692
0.0,4,3.066912
0.0,15,3.067702
0.0,42,3.069901
0.0,128,3.076568
0.0,43,3.078816
0.0,38,3.080812
1.0,53,3.083567
0.0,8,3.083998
1.0,50,3.086606
0.0,14,3.087345
0.0,26,3.08871
1.0,27,3.090123
0.0,19,3.091126
0.0,21,3.092228
1.0,38,3.094196
0.0,21,3.095304
1.0,43,3.09755
0.0,32,3.09923
0.0,1,3.099293
0.0,33,3.101014
1.0,39,3.103043
1.0,37,3.104979
0.0,8,3.105408
0.0,22,3.106555
0.0,18,3.107498
0.0,55,3.110352
0.0,17,3.111246
0.0,12,3.111886
0.0,76,3.115861
0.0,23,3.117067
1.0,71,3.120752
0.0,28,3.122221
1.0,119,3.128442
1.0,33,3.130174
1.0,71,3.133879
0.0,29,3.135402
0.0,201,3.145866
0.0,21,3.146979
1.0,25,3.14829
1.0,39,3.150396
1.0,32,3.152076
0.0,10,3.152615
0.0,15,3.153408
0.0,1,3.153469
0.0,133,3.160429
0.0,21,3.161535
0.0,10,3.162065
0.0,23,3.163269
1.0,56,3.166209
1.0,35,3.16804
0.0,24,3.169303
1.0,24,3.170553
0.0,22,3.17171
1.0,39,3.173729
1.0,19,3.174717
0.0,16,3.175563
0.0,15,3.176351
0.0,17,3.177247
0.0,12,3.177881
0.0,14,3.178622
1.0,53,3.181378
0.0,30,3.182941
0.0,47,3.185389
1.0,41,3.187546
0.0,20,3.18861
0.0,30,3.190183
1.0,25,3.191493
0.0,19,3.192507
0.0,17,3.193428
0.0,34,3.195206
1.0,34,3.196977
1.0,25,3.198292
1.0,37,3.20023
1.0,28,3.201695
0.0,12,3.202334
0.0,16,3.203178
1.0,20,3.204228
0.0,12,3.204867
0.0,9,3.205347
1.0,28,3.20681
1.0,33,3.208562
0.0,33,3.210281
0.0,22,3.211434
0.0,12,3.212075
0.0,65,3.215472
1.0,23,3.216686
0.0,4,3.216904
0.0,17,3.217798
0.0,24,3.219077
0.0,14,3.219828
1.0,106,3.225335
1.0,17,3.226225
0.0,4,3.226443
0.0,12,3.227077
0.0,82,3.23134
0.0,23,3.232543
0.0,9,3.23302
0.0,17,3.233925
1.0,49,3.236484
1.0,35,3.23831
0.0,12,3.23895
1.0,61,3.242129
0.0,15,3.24292
0.0,28,3.244391
1.0,74,3.248253
0.0,20,3.249305
0.0,27,3.25071
0.0,19,3.251712
0.0,23,3.252921
1.0,25,3.254223
0.0,28,3.255676
1.0,33,3.257391
0.0,56,3.260333
0.0,26,3.261693
0.0,26,3.263052
0.0,1,3.263114
1.0,105,3.268581
0.0,10,3.269117
1.0,30,3.270743
0.0,14,3.271487
1.0,37,3.273405
0.0,33,3.275141
0.0,28,3.276605
1.0,25,3.277913
1.0,79,3.282003
1.0,30,3.283558
0.0,15,3.284347
0.0,13,3.285035
1.0,29,3.286551
0.0,4,3.286769
0.0,15,3.287561
0.0,17,3.288456
0.0,27,3.289874
1.0,59,3.292957
1.0,26,3.294319
0.0,23,3.29553
1.0,18,3.296474
0.0,8,3.296903
0.0,24,3.298164
1.0,64,3.301499
1.0,14,3.302307
0.0,13,3.302997
1.0,26,3.304362
0.0,24,3.305625
0.0,55,3.308494
0.0,21,3.309601
0.0,102,3.314925
0.0,28,3.316395
1.0,110,3.322135
0.0,171,3.33108
0.0,35,3.33292
0.0,25,3.334242
1.0,14,3.334976
0.0,2,3.335089
0.0,21,3.336194
0.0,38,3.338186
1.0,52,3.340917
0.0,41,3.343066
1.0,60,3.346202
0.0,30,3.347783
1.0,45,3.350142
1.0,99,3.355325
1.0,29,3.356842
1.0,42,3.359048
0.0,36,3.360919
0.0,17,3.361816
1.0,49,3.364384
0.0,4,3.364602
0.0,29,3.366116
1.0,27,3.367523
0.0,6,3.367844
1.0,32,3.369522
0.0,16,3.370365
0.0,11,3.370947
0.0,22,3.372112
1.0,17,3.372998
1.0,91,3.377769
0.0,18,3.378728
1.0,27,3.38015
1.0,108,3.385794
0.0,11,3.386377
0.0,19,3.387409
0.0,71,3.391124
0.0,67,3.394651
1.0,21,3.395756
0.0,18,3.396715
0.0,23,3.397927
0.0,79,3.402056
1.0,27,3.403487
0.0,11,3.404079
0.0,18,3.405027
0.0,9,3.405511
1.0,21,3.406625
0.0,26,3.407983
0.0,39,3.41002
0.0,47,3.41247
0.0,17,3.413365
0.0,45,3.415721
0.0,15,3.416511
0.0,25,3.417822
0.0,25,3.419127
1.0,23,3.420321
0.0,27,3.42173
1.0,66,3.425166
1.0,39,3.427192
0.0,19,3.428188
0.0,12,3.428826
0.0,32,3.430498
0.0,9,3.430977
1.0,64,3.434304
0.0,13,3.434989
1.0,46,3.437373
0.0,73,3.44118
1.0,35,3.44301
0.0,22,3.444165
1.0,26,3.445523
0.0,11,3.44611
0.0,39,3.44814
1.0,27,3.449552
0.0,17,3.450449
1.0,39,3.452476
1.0,39,3.454565
1.0,20,3.455614
1.0,29,3.457138
1.0,21,3.458234
0.0,56,3.461108
1.0,17,3.461999
1.0,26,3.463346
0.0,14,3.464092
1.0,14,3.464826
0.0,12,3.46546
0.0,18,3.466404
0.0,23,3.467605
0.0,17,3.4685
0.0,16,3.469339
1.0,36,3.471208
0.0,12,3.471843
0.0,69,3.475429
1.0,42,3.477614
1.0,20,3.478658
1.0,17,3.479551
1.0,18,3.48049
0.0,9,3.48097
1.0,41,3.483103
1.0,25,3.484412
0.0,14,3.485153
0.0,19,3.486149
0.0,15,3.486931
0.0,9,3.487408
1.0,25,3.488703
0.0,12,3.489338
0.0,21,3.490426
0.0,24,3.491669
0.0,9,3.492149
1.0,23,3.493345
0.0,15,3.494136
1.0,38,3.496113
0.0,24,3.497366
0.0,29,3.498882
0.0,82,3.50315
0.0,17,3.504044
0.0,8,3.504466
1.0,22,3.505617
0.0,20,3.506658
0.0,35,3.508484
0.0,65,3.51187
1.0,18,3.512813
1.0,66,3.516241
0.0,12,3.516878
1.0,41,3.51901
1.0,22,3.520156
1.0,19,3.521154
1.0,32,3.522834
0.0,14,3.523567
1.0,37,3.5255
1.0,36,3.527374
0.0,14,3.528114
0.0,20,3.529161
0.0,32,3.530831
1.0,23,3.532035
0.0,18,3.532978
0.0,17,3.533874
0.0,30,3.535436
0.0,35,3.537265
1.0,52,3.539972
0.0,20,3.541024
0.0,8,3.541447
0.0,41,3.543587
1.0,51,3.546247
0.0,20,3.547299
0.0,14,3.548034
1.0,71,3.551717
1.0,35,3.553529
0.0,18,3.554479
1.0,58,3.557504
0.0,36,3.559379
1.0,101,3.564605
1.0,93,3.569451
1.0,60,3.572545
0.0,53,3.575298
0.0,36,3.577177
0.0,15,3.577966
0.0,24,3.579222
0.0,36,3.581097
1.0,36,3.582977
0.0,26,3.584343
0.0,85,3.588793
1.0,57,3.591751
0.0,8,3.592174
0.0,18,3.593114
0.0,34,3.594887
0.0,23,3.59609
0.0,16,3.596929
1.0,52,3.599637
0.0,39,3.601678
0.0,12,3.602312
1.0,53,3.605087
0.0,22,3.606236
0.0,25,3.607543
1.0,51,3.610197
0.0,40,3.612291
1.0,64,3.615636
1.0,26,3.61698
0.0,16,3.617824
1.0,59,3.620886
0.0,14,3.621626
1.0,48,3.624115
1.0,29,3.625627
1.0,32,3.627294
1.0,28,3.628753
0.0,12,3.629385
1.0,24,3.630642
1.0,28,3.632094
0.0,4,3.632312
1.0,21,3.633415
1.0,48,3.635915
0.0,12,3.636546
1.0,21,3.637633
1.0,16,3.638458
0.0,4,3.638672
0.0,12,3.639311
0.0,4,3.639529
1.0,33,3.641226
0.0,49,3.643769
0.0,16,3.644609
0.0,51,3.647259
0.0,26,3.648619
0.0,50,3.651217
0.0,38,3.653201
0.0,26,3.654595
0.0,28,3.656054
0.0,52,3.658763
0.0,12,3.659398
1.0,68,3.663241
1.0,36,3.665112
0.0,8,3.665541
0.0,45,3.667887
1.0,39,3.669919
0.0,41,3.67206
1.0,36,3.674018
0.0,49,3.676556
0.0,46,3.678957
0.0,94,3.683838
0.0,9,3.684315
0.0,23,3.685521
1.0,33,3.687231
1.0,23,3.688426
1.0,26,3.689758
1.0,28,3.691214
0.0,16,3.692054
0.0,31,3.693659
0.0,14,3.694405
0.0,24,3.695659
0.0,63,3.698936
0.0,21,3.700035
0.0,24,3.701289
0.0,30,3.702855
1.0,55,3.705738
0.0,26,3.7071
1.0,36,3.708968
1.0,33,3.710707
1.0,31,3.712307
1.0,19,3.713301
0.0,28,3.714753
1.0,45,3.717088
0.0,19,3.718084
0.0,21,3.719178
0.0,20,3.720215
0.0,21,3.721317
0.0,63,3.724585
1.0,40,3.726706
0.0,30,3.728281
1.0,26,3.72963
0.0,15,3.730417
1.0,25,3.73172
1.0,18,3.732657
0.0,14,3.733394
0.0,15,3.734188
0.0,28,3.735636
1.0,21,3.736736
0.0,14,3.737472
1.0,19,3.738464
0.0,18,3.739396
0.0,12,3.740033
0.0,25,3.741333
1.0,17,3.742221
0.0,12,3.742857
1.0,27,3.744257
0.0,12,3.744892
0.0,14,3.74563
1.0,26,3.746983
0.0,48,3.749498
1.0,25,3.750793
0.0,15,3.751589
0.0,17,3.752489
1.0,26,3.753861
0.0,14,3.754602
0.0,16,3.755448
1.0,34,3.75721
1.0,18,3.758155
0.0,28,3.759616
1.0,28,3.761076
1.0,16,3.761927
0.0,15,3.76272
1.0,31,3.764351
1.0,22,3.765503
1.0,16,3.766342
0.0,14,3.767083
0.0,18,3.768031
1.0,36,3.769905
0.0,3,3.770071
1.0,99,3.775234
0.0,46,3.777619
1.0,23,3.778813
1.0,52,3.78152
0.0,14,3.782262
1.0,30,3.783829
1.0,26,3.785183
0.0,21,3.7863
0.0,14,3.787061
0.0,16,3.787898
0.0,23,3.789107
0.0,23,3.79031
0.0,18,3.791257
0.0,20,3.792302
0.0,17,3.793199
0.0,30,3.794768
1.0,44,3.797059
0.0,18,3.798001
0.0,19,3.799001
1.0,73,3.802795
1.0,103,3.808172
1.0,61,3.811353
0.0,20,3.812405
1.0,24,3.813659
1.0,46,3.81606
0.0,5,3.816331
0.0,7,3.816704
1.0,52,3.819414
1.0,25,3.820715
0.0,16,3.821561
1.0,40,3.823643
1.0,14,3.824384
1.0,32,3.826055
0.0,20,3.827105
1.0,21,3.82819
0.0,4,3.828407
0.0,46,3.830809
1.0,17,3.8317
0.0,33,3.833422
1.0,28,3.834888
0.0,42,3.83708
1.0,30,3.838632
1.0,33,3.840348
1.0,23,3.841552
1.0,23,3.842751
1.0,28,3.84421
0.0,26,3.845564
0.0,28,3.847014
0.0,36,3.848894
0.0,39,3.850922
1.0,71,3.854633
1.0,30,3.856206
0.0,17,3.857105
0.0,21,3.858202
1.0,45,3.860558
0.0,23,3.861756
1.0,42,3.863922
0.0,11,3.864504
0.0,62,3.867708
0.0,24,3.868955
1.0,24,3.870207
0.0,28,3.87167
1.0,20,3.872714
0.0,16,3.873554
0.0,48,3.876053
0.0,31,3.877662
1.0,81,3.88186
1.0,33,3.883578
1.0,21,3.884677
0.0,14,3.885413
1.0,23,3.8866
0.0,23,3.887794
1.0,22,3.888937
0.0,15,3.889725
0.0,8,3.890145
0.0,19,3.891133
1.0,31,3.892751
1.0,45,3.89508
1.0,31,3.896697
0.0,19,3.897685
0.0,16,3.898529
0.0,54,3.901337
1.0,42,3.903519
0.0,14,3.90426
0.0,34,3.906029
0.0,20,3.907081
0.0,3,3.907245
0.0,96,3.912235
0.0,108,3.917865
1.0,56,3.920772
1.0,103,3.926134
0.0,35,3.927967
1.0,47,3.930414
1.0,35,3.932236
0.0,20,3.933289
1.0,67,3.936778
0.0,101,3.94201
0.0,39,3.944051
1.0,17,3.944937
1.0,24,3.94619
1.0,21,3.947287
0.0,16,3.948127
1.0,17,3.94902
1.0,23,3.950213
0.0,25,3.951524
0.0,16,3.952366
1.0,18,3.953308
0.0,1,3.953371
0.0,21,3.954475
0.0,14,3.955215
1.0,52,3.957904
0.0,15,3.958694
1.0,24,3.959937
0.0,4,3.960154
1.0,55,3.962996
0.0,16,3.963842
0.0,19,3.964836
0.0,41,3.966972
0.0,26,3.968337
0.0,34,3.970105
0.0,34,3.97188
1.0,46,3.974273
1.0,19,3.97527
1.0,43,3.977476
0.0,18,3.97842
1.0,22,3.979571
0.0,16,3.980407
0.0,52,3.983129
0.0,12,3.983766
1.0,192,3.993717
1.0,141,4.001048
0.0,26,4.002408
0.0,12,4.003042
1.0,34,4.004827
0.0,4,4.005046
0.0,13,4.005733
0.0,17,4.006625
0.0,19,4.007629
0.0,16,4.008471
0.0,86,4.012942
0.0,48,4.015452
0.0,39,4.017495
1.0,61,4.020679
1.0,19,4.021673
0.0,15,4.022462
0.0,11,4.023047
0.0,31,4.024673
0.0,25,4.025985
0.0,23,4.027189
0.0,22,4.028343
1.0,52,4.031059
1.0,33,4.032792
1.0,25,4.034105
1.0,32,4.035771
1.0,22,4.036922
0.0,34,4.0387
0.0,23,4.039898
0.0,49,4.042446
0.0,33,4.044173
1.0,24,4.045427
0.0,41,4.04757
0.0,30,4.049163
1.0,41,4.051297
1.0,30,4.052843
0.0,15,4.053635
0.0,34,4.055391
1.0,18,4.056332
0.0,11,4.056913
1.0,25,4.058224
0.0,5,4.058493
1.0,60,4.061588
1.0,20,4.062646
0.0,18,4.063586
0.0,14,4.064332
1.0,15,4.065124
0.0,8,4.065547
1.0,21,4.066644
0.0,16,4.067489
0.0,14,4.068233
0.0,36,4.070112
0.0,18,4.07106
0.0,24,4.072315
0.0,65,4.075673
0.0,24,4.076929
0.0,23,4.078135
0.0,17,4.079028
1.0,19,4.080022
1.0,23,4.081224
1.0,40,4.083282
1.0,22,4.084437
1.0,22,4.085585
0.0,18,4.086533
1.0,43,4.088775
1.0,23,4.08996
0.0,9,4.090438
0.0,14,4.091177
1.0,21,4.09227
1.0,34,4.094057
0.0,13,4.094743
0.0,18,4.095679
0.0,24,4.096934
0.0,13,4.097621
0.0,75,4.10151
0.0,43,4.103736
0.0,16,4.104581
1.0,20,4.105628
1.0,23,4.106824
0.0,87,4.111323
1.0,46,4.113727
1.0,38,4.115734
0.0,32,4.117405
0.0,58,4.120507
0.0,53,4.123284
0.0,29,4.12481
0.0,111,4.130592
1.0,51,4.133251
0.0,38,4.135253
1.0,94,4.140254
0.0,23,4.141467
0.0,33,4.143195
0.0,23,4.144411
0.0,67,4.147913
0.0,18,4.148858
0.0,50,4.151473
0.0,31,4.153095
1.0,64,4.156435
1.0,86,4.160928
1.0,164,4.169473
0.0,52,4.172239
1.0,40,4.174311
0.0,36,4.176191
0.0,29,4.177712
1.0,131,4.184526
1.0,74,4.188377
0.0,14,4.189112
0.0,11,4.189697
0.0,27,4.191108
0.0,8,4.19153
0.0,9,4.192016
0.0,6,4.192337
0.0,47,4.194769
1.0,41,4.197013
0.0,31,4.198628
0.0,50,4.201231
0.0,24,4.202479
0.0,17,4.203369
0.0,21,4.204468
0.0,72,4.208235
0.0,33,4.209975
1.0,62,4.213201
1.0,51,4.215863
0.0,26,4.217222
0.0,31,4.21885
1.0,19,4.219844
0.0,29,4.221352
0.0,17,4.222245
1.0,114,4.228195
1.0,29,4.229723
0.0,24,4.230987
0.0,15,4.231781
0.0,20,4.23285
1.0,14,4.233593
1.0,21,4.234697
1.0,22,4.235842
1.0,23,4.237068
1.0,16,4.237904
0.0,15,4.238697
0.0,16,4.239537
0.0,23,4.240747
1.0,53,4.243503
0.0,6,4.243825
0.0,15,4.244625
0.0,30,4.246225
0.0,25,4.247532
0.0,13,4.248221
1.0,55,4.251103
0.0,12,4.251739
1.0,37,4.253679
1.0,32,4.255359
1.0,42,4.257562
1.0,36,4.259451
1.0,19,4.260448
0.0,24,4.261695
1.0,27,4.263117
0.0,20,4.264163
0.0,32,4.265824
0.0,15,4.266615
1.0,42,4.268821
1.0,55,4.271716
1.0,31,4.273328
0.0,19,4.274324
1.0,22,4.275474
0.0,33,4.277201
1.0,25,4.27851
1.0,29,4.280025
0.0,20,4.281072
1.0,35,4.282901
1.0,22,4.284043
0.0,21,4.285138
0.0,23,4.286329
1.0,35,4.288157
0.0,13,4.288845
0.0,34,4.290625
0.0,27,4.292034
1.0,69,4.295631
0.0,19,4.296631
0.0,15,4.297421
0.0,80,4.301589
0.0,21,4.302698
0.0,56,4.30564
0.0,224,4.317328
0.0,19,4.318331
1.0,77,4.322354
1.0,33,4.324088
0.0,17,4.324983
0.0,14,4.325725
1.0,63,4.329024
0.0,19,4.330031
0.0,3,4.330198
1.0,44,4.332504
0.0,27,4.333935
0.0,24,4.335199
1.0,51,4.337876
1.0,27,4.339296
1.0,54,4.342125
1.0,22,4.343288
0.0,16,4.344139
0.0,7,4.344522
1.0,41,4.346659
1.0,26,4.348014
0.0,33,4.349723
0.0,43,4.351963
0.0,55,4.354846
0.0,67,4.358348
0.0,76,4.362317
0.0,91,4.367134
0.0,45,4.369527
1.0,56,4.372505
0.0,12,4.373152
1.0,25,4.374484
1.0,35,4.376346
0.0,39,4.378427
1.0,31,4.380069
0.0,1,4.38013
0.0,23,4.381362
0.0,22,4.382524
1.0,49,4.385073
1.0,16,4.385916
1.0,24,4.387163
0.0,20,4.38821
0.0,26,4.389575
1.0,44,4.391862
1.0,46,4.394256
0.0,30,4.395828
1.0,47,4.398274
1.0,61,4.401453
0.0,16,4.402296
0.0,23,4.403493
1.0,32,4.405168
1.0,40,4.40726
0.0,4,4.407477
1.0,41,4.409621
0.0,14,4.410362
1.0,22,4.411511
0.0,22,4.412659
1.0,23,4.413864
0.0,15,4.414658
1.0,47,4.417112
0.0,6,4.417438
1.0,48,4.419919
0.0,29,4.421438
0.0,17,4.422328
1.0,49,4.424883
1.0,16,4.425718
0.0,37,4.427647
0.0,24,4.428892
0.0,39,4.43093
0.0,119,4.437155
0.0,17,4.438056
0.0,42,4.440259
0.0,8,4.440684
1.0,41,4.442824
0.0,23,4.444036
1.0,30,4.445602
1.0,23,4.446805
0.0,25,4.448113
0.0,4,4.448333
1.0,26,4.44969
0.0,20,4.450742
1.0,61,4.453937
0.0,22,4.455109
0.0,85,4.459584
1.0,44,4.461893
0.0,68,4.46544
1.0,63,4.468716
0.0,23,4.469928
0.0,20,4.470979
0.0,16,4.471837
1.0,34,4.473606
0.0,7,4.473981
1.0,63,4.477253
1.0,30,4.478805
1.0,52,4.481507
1.0,30,4.483067
0.0,13,4.483753
1.0,48,4.486258
1.0,25,4.487565
0.0,14,4.488301
0.0,12,4.488937
0.0,14,4.489677
0.0,30,4.491249
0.0,6,4.491575
1.0,17,4.492465
1.0,42,4.494657
0.0,13,4.495345
1.0,75,4.499247
0.0,9,4.499727
1.0,65,4.5031
0.0,15,4.5039
1.0,71,4.507601
0.0,43,4.509856
1.0,27,4.511267
0.0,28,4.512727
1.0,21,4.51382
1.0,43,4.516032
0.0,18,4.516978
0.0,2,4.517086
1.0,38,4.519054
1.0,24,4.520307
0.0,15,4.521099
0.0,9,4.521579
0.0,20,4.522624
0.0,22,4.523776
0.0,12,4.524419
0.0,55,4.527281
0.0,20,4.528327
0.0,26,4.529686
0.0,69,4.533285
1.0,70,4.536919
1.0,26,4.53828
1.0,27,4.539694
0.0,17,4.54059
1.0,29,4.54212
0.0,21,4.54322
0.0,32,4.544895
0.0,9,4.545374
0.0,65,4.548763
0.0,72,4.552505
0.0,59,4.55558
1.0,114,4.561477
1.0,39,4.56353
1.0,26,4.564893
0.0,22,4.566052
1.0,35,4.567881
0.0,14,4.568622
0.0,99,4.573774
0.0,61,4.576997
0.0,16,4.577845
0.0,48,4.580356
0.0,24,4.581617
1.0,110,4.587355
0.0,22,4.588518
1.0,72,4.592277
0.0,8,4.592707
0.0,56,4.595644
0.0,4,4.595864
0.0,30,4.597431
0.0,41,4.599579
0.0,89,4.604228
0.0,24,4.605487
0.0,10,4.606022
1.0,55,4.608897
0.0,33,4.610631
1.0,81,4.614866
0.0,4,4.615086
0.0,20,4.616139
1.0,40,4.618229
1.0,35,4.620059
0.0,29,4.621576
0.0,14,4.622317
1.0,102,4.627631
0.0,26,4.628993
0.0,17,4.629887
1.0,46,4.632288
0.0,40,4.634377
1.0,64,4.637709
1.0,75,4.641607
1.0,34,4.643403
0.0,9,4.64389
0.0,14,4.644631
1.0,24,4.645885
0.0,22,4.647029
1.0,28,4.648497
1.0,35,4.650315
0.0,16,4.651158
0.0,18,4.652103
1.0,64,4.655418
1.0,23,4.656616
1.0,54,4.659412
1.0,21,4.660517
0.0,20,4.661563
1.0,22,4.662749
0.0,8,4.663277
1.0,25,4.664763
1.0,30,4.666328
0.0,39,4.66835
0.0,53,4.671107
0.0,21,4.672209
0.0,1,4.67227
0.0,35,4.674096
0.0,21,4.675196
0.0,15,4.675991
0.0,27,4.677406
1.0,122,4.683737
0.0,74,4.687592
0.0,16,4.688433
0.0,22,4.689589
0.0,42,4.691787
0.0,24,4.693044
0.0,20,4.694099
0.0,60,4.697223
0.0,92,4.701999
0.0,40,4.704089
0.0,40,4.706209
0.0,18,4.707164
0.0,64,4.71051
0.0,45,4.712868
0.0,32,4.714547
1.0,50,4.71716
0.0,13,4.717849
0.0,6,4.718171
1.0,98,4.723357
0.0,13,4.724053
0.0,78,4.728102
0.0,17,4.729
0.0,89,4.73364
0.0,28,4.735122
0.0,29,4.736641
0.0,102,4.74195
0.0,79,4.746077
0.0,68,4.749633
1.0,66,4.753069
0.0,17,4.753967
0.0,4,4.754185
0.0,59,4.757324
0.0,35,4.759171
0.0,62,4.762417
0.0,14,4.76316
0.0,18,4.764122
0.0,7,4.764497
1.0,49,4.767012
1.0,42,4.76919
1.0,18,4.770137
0.0,18,4.77108
0.0,9,4.771558
0.0,9,4.772036
0.0,20,4.773107
0.0,5,4.773377
1.0,25,4.774683
0.0,9,4.775163
1.0,20,4.776202
1.0,26,4.777556
0.0,21,4.778657
1.0,29,4.780163
0.0,14,4.780903
1.0,20,4.781944
0.0,10,4.782476
0.0,10,4.78301
0.0,13,4.783696
0.0,57,4.786705
0.0,12,4.787344
0.0,11,4.787929
1.0,25,4.78924
1.0,47,4.791695
0.0,15,4.792489
0.0,11,4.793074
1.0,33,4.794802
0.0,24,4.796065
0.0,12,4.796703
0.0,13,4.797393
1.0,68,4.800935
0.0,16,4.801781
1.0,18,4.802725
0.0,12,4.803362
0.0,9,4.803838
0.0,4,4.804059
0.0,21,4.805159
0.0,58,4.808185
0.0,31,4.809801
0.0,13,4.810488
0.0,49,4.813036
0.0,11,4.813623
0.0,17,4.814522
1.0,49,4.817075
0.0,14,4.817812
1.0,40,4.819871
0.0,13,4.820558
0.0,13,4.821243
1.0,21,4.822336
1.0,15,4.823122
0.0,20,4.824168
1.0,26,4.825522
1.0,46,4.827899
1.0,20,4.828943
0.0,14,4.829673
0.0,13,4.830358
0.0,12,4.830994
0.0,4,4.83121
1.0,47,4.833657
0.0,25,4.834961
0.0,15,4.835749
0.0,3,4.835911
1.0,38,4.837945
0.0,12,4.838581
1.0,18,4.839519
0.0,12,4.840155
0.0,22,4.841295
0.0,2,4.841406
1.0,24,4.842658
1.0,35,4.844464
1.0,29,4.845966
1.0,46,4.848333
0.0,20,4.849386
0.0,5,4.849654
1.0,27,4.851052
1.0,18,4.85199
0.0,15,4.852778
1.0,26,4.854124
0.0,11,4.854706
0.0,12,4.855342
1.0,20,4.856377
0.0,15,4.857165
0.0,16,4.858004
0.0,11,4.858584
0.0,11,4.85917
1.0,30,4.860729
0.0,14,4.861467
0.0,13,4.862152
1.0,21,4.863256
0.0,16,4.864108
0.0,14,4.864858
0.0,13,4.865545
0.0,34,4.86732
1.0,50,4.869934
0.0,18,4.870885
0.0,53,4.873693
0.0,22,4.874847
0.0,147,4.882504
0.0,52,4.88523
0.0,57,4.888225
0.0,62,4.891471
1.0,76,4.895426
1.0,12,4.896058
0.0,31,4.89768
0.0,10,4.898211
0.0,8,4.89864
0.0,13,4.899331
0.0,13,4.900022
0.0,31,4.901645
0.0,12,4.902285
0.0,61,4.905503
0.0,30,4.907084
0.0,17,4.907983
0.0,7,4.908361
0.0,10,4.908889
0.0,18,4.909833
0.0,45,4.912188
0.0,13,4.912878
0.0,41,4.91503
1.0,93,4.919901
0.0,80,4.924076
0.0,50,4.926703
0.0,6,4.927027
0.0,57,4.929999
1.0,13,4.930687
1.0,57,4.933664
1.0,80,4.937881
0.0,6,4.938207
1.0,34,4.939988
1.0,24,4.941246
0.0,15,4.942036
0.0,17,4.942928
0.0,9,4.943404
0.0,18,4.944356
0.0,15,4.945145
0.0,2,4.945258
0.0,66,4.948704
0.0,47,4.95117
1.0,54,4.953978
1.0,16,4.954817
1.0,18,4.955759
0.0,6,4.956084
0.0,8,4.956512
1.0,32,4.958184
0.0,23,4.959383
0.0,9,4.959863
0.0,7,4.960239
0.0,7,4.960615
0.0,19,4.961611
1.0,26,4.962973
0.0,12,4.963605
0.0,9,4.96409
1.0,151,4.971958
0.0,48,4.97446
0.0,28,4.975927
1.0,12,4.976558
0.0,12,4.977194
0.0,10,4.977724
0.0,32,4.979406
1.0,17,4.980298
1.0,18,4.981238
1.0,25,4.982551
0.0,14,4.983292
0.0,17,4.984192
1.0,14,4.984931
0.0,106,4.990473
0.0,25,4.991782
0.0,23,4.992995
0.0,25,4.994314
0.0,81,4.998556
0.0,13,4.999246
0.0,25,5.000553
1.0,128,5.007323
1.0,14,5.008062
0.0,11,5.008646
0.0,33,5.01038
1.0,35,5.012215
0.0,11,5.012799
1.0,15,5.013603
0.0,11,5.01419
0.0,14,5.014939
0.0,14,5.015682
0.0,25,5.01699
0.0,42,5.019222
0.0,39,5.021265
0.0,8,5.021693
1.0,76,5.025662
1.0,41,5.027805
0.0,11,5.028392
0.0,2,5.028506
1.0,27,5.029927
0.0,24,5.031192
1.0,36,5.033078
1.0,38,5.035065
0.0,36,5.036946
0.0,21,5.038054
0.0,13,5.03874
1.0,16,5.039582
0.0,36,5.041465
1.0,13,5.04215
0.0,13,5.042833
0.0,23,5.044045
1.0,6,5.044368
1.0,45,5.04674
0.0,8,5.04717
0.0,9,5.047651
0.0,10,5.048185
0.0,8,5.048616
0.0,20,5.049674
0.0,54,5.052493
0.0,44,5.054798
1.0,29,5.056313
0.0,72,5.060068
1.0,35,5.061891
0.0,7,5.062267
0.0,9,5.062744
0.0,1,5.062805
1.0,88,5.067428
0.0,17,5.068327
0.0,15,5.069115
0.0,9,5.069607
0.0,10,5.070164
1.0,28,5.071626
0.0,13,5.072311
0.0,13,5.072996
0.0,9,5.073472
0.0,21,5.074575
0.0,11,5.075159
0.0,18,5.076113
1.0,34,5.077885
0.0,16,5.078724
0.0,13,5.079409
0.0,16,5.080267
1.0,39,5.082277
0.0,11,5.082858
1.0,49,5.085422
0.0,17,5.086311
0.0,7,5.086687
0.0,20,5.087736
1.0,23,5.088929
0.0,19,5.089928
1.0,25,5.09124
0.0,9,5.091719
1.0,25,5.093027
0.0,57,5.095993
0.0,7,5.096372
0.0,12,5.097005
0.0,16,5.097849
0.0,17,5.098736
1.0,87,5.103315
0.0,9,5.103816
1.0,38,5.105817
0.0,19,5.106819
1.0,27,5.108219
0.0,17,5.1091
1.0,32,5.110762
1.0,35,5.112583
0.0,10,5.113125
1.0,25,5.114438
0.0,26,5.11577
0.0,12,5.116406
1.0,17,5.117296
1.0,22,5.118439
1.0,30,5.120024
1.0,23,5.121216
0.0,11,5.121796
0.0,13,5.122481
0.0,20,5.123523
0.0,18,5.124499
0.0,7,5.124886
1.0,23,5.126082
0.0,2,5.126195
0.0,11,5.126776
0.0,7,5.127151
0.0,31,5.128765
1.0,40,5.130828
0.0,12,5.131476
1.0,39,5.133494
0.0,9,5.133974
1.0,15,5.134762
1.0,30,5.136324
1.0,23,5.137524
1.0,14,5.138257
1.0,15,5.139044
1.0,16,5.13988
0.0,11,5.140477
1.0,17,5.141363
0.0,9,5.141843
1.0,21,5.142933
0.0,18,5.14387
0.0,14,5.144604
0.0,9,5.14508
0.0,11,5.145664
0.0,13,5.14635
0.0,34,5.148123
1.0,19,5.149113
1.0,23,5.15031
0.0,28,5.151755
1.0,54,5.154548
0.0,17,5.155447
1.0,31,5.157063
0.0,9,5.157541
0.0,14,5.158279
0.0,7,5.158652
0.0,64,5.161981
0.0,22,5.163145
0.0,2,5.163258
1.0,42,5.165443
0.0,22,5.166615
0.0,26,5.167968
1.0,98,5.173069
0.0,13,5.173755
0.0,13,5.174447
0.0,39,5.176493
1.0,26,5.177856
0.0,19,5.178856
1.0,63,5.182157
0.0,32,5.183819
1.0,50,5.186455
0.0,7,5.186858
0.0,20,5.187914
0.0,21,5.18902
0.0,23,5.190217
0.0,5,5.190484
0.0,40,5.19257
0.0,110,5.198301
0.0,51,5.200978
0.0,48,5.203493
0.0,54,5.206371
1.0,57,5.209344
1.0,17,5.210234
0.0,18,5.211183
1.0,42,5.213368
1.0,28,5.214851
0.0,42,5.217054
1.0,33,5.218789
0.0,27,5.220199
1.0,15,5.221051
1.0,23,5.222256
0.0,7,5.222635
1.0,48,5.225138
0.0,31,5.226755
1.0,42,5.228924
0.0,29,5.230457
1.0,24,5.231716
0.0,13,5.232406
1.0,22,5.233546
1.0,26,5.23489
0.0,16,5.235742
0.0,11,5.236324
0.0,22,5.237475
0.0,39,5.239519
1.0,83,5.24385
1.0,26,5.245294
