#{"t_start": 1718029338.472437, "env_id": "Mordor-single-v0"}
r,l,t
1.0,60,0.015042
0.0,50,0.026099
0.0,20,0.030513
1.0,31,0.036598
0.0,39,0.044757
0.0,23,0.049591
0.0,6,0.050865
0.0,79,0.067013
0.0,9,0.068852
0.0,64,0.082443
0.0,29,0.088611
0.0,34,0.095744
0.0,37,0.103547
0.0,19,0.107524
0.0,28,0.113262
0.0,65,0.12699
0.0,26,0.13245
0.0,69,0.146926
0.0,68,0.16081
0.0,108,0.183668
0.0,38,0.191461
0.0,30,0.197799
1.0,52,0.20828
0.0,135,0.23672
0.0,26,0.242269
0.0,51,0.253225
0.0,3,0.25387
0.0,82,0.271239
0.0,18,0.275132
0.0,34,0.282044
0.0,20,0.28636
1.0,54,0.297511
0.0,2,0.297916
0.0,6,0.299209
0.0,19,0.303144
0.0,19,0.307131
0.0,26,0.31273
0.0,5,0.313711
1.0,50,0.324048
0.0,51,0.334814
1.0,105,0.356763
0.0,26,0.362212
0.0,164,0.397003
0.0,68,0.411678
0.0,100,0.433163
0.0,83,0.450747
0.0,152,0.483521
0.0,72,0.499184
0.0,57,0.511274
0.0,228,0.560311
0.0,74,0.576424
0.0,20,0.580767
0.0,20,0.585067
0.0,13,0.587864
0.0,50,0.598264
0.0,107,0.621173
0.0,402,0.707403
1.0,118,0.732438
0.0,113,0.756621
0.0,3,0.757209
0.0,99,0.778399
0.0,19,0.782523
0.0,83,0.800407
0.0,53,0.811494
0.0,68,0.826079
0.0,29,0.832282
0.0,13,0.835117
0.0,55,0.847069
0.0,25,0.852237
0.0,39,0.860336
0.0,82,0.878147
0.0,56,0.890303
0.0,35,0.897761
0.0,47,0.907828
1.0,74,0.922766
0.0,148,0.954343
1.0,18,0.95777
0.0,3,0.958442
0.0,64,0.97217
0.0,53,0.983415
0.0,268,1.040947
0.0,89,1.060134
0.0,3,1.060796
0.0,200,1.10388
0.0,63,1.116897
0.0,115,1.141592
0.0,40,1.150062
1.0,78,1.166614
0.0,7,1.16788
0.0,24,1.172845
0.0,14,1.17577
0.0,29,1.181882
0.0,11,1.184276
0.0,35,1.191102
0.0,5,1.19212
0.0,88,1.210473
0.0,9,1.212436
0.0,23,1.217323
0.0,39,1.225402
0.0,42,1.234395
0.0,33,1.241203
0.0,32,1.247507
0.0,37,1.255053
0.0,6,1.256319
0.0,29,1.262459
0.0,73,1.277995
0.0,18,1.281803
0.0,131,1.309795
0.0,162,1.344598
0.0,9,1.346561
0.0,36,1.354237
0.0,17,1.357912
0.0,78,1.374489
1.0,24,1.378863
0.0,416,1.467841
0.0,63,1.481207
0.0,11,1.483469
0.0,55,1.495092
0.0,63,1.508429
0.0,11,1.510745
0.0,10,1.512873
0.0,49,1.523384
0.0,20,1.527514
0.0,7,1.528987
0.0,31,1.535567
0.0,158,1.569618
0.0,20,1.574302
0.0,80,1.591679
0.0,73,1.607492
0.0,7,1.609046
0.0,19,1.612974
0.0,41,1.621722
0.0,17,1.625384
0.0,49,1.635996
0.0,25,1.641408
0.0,23,1.646263
0.0,148,1.677905
0.0,20,1.682238
0.0,163,1.717379
0.0,16,1.720833
0.0,5,1.721882
0.0,407,1.809515
1.0,126,1.836146
0.0,222,1.883666
0.0,5,1.884775
0.0,9,1.886597
0.0,28,1.892522
0.0,16,1.895877
0.0,41,1.904582
0.0,56,1.916705
0.0,63,1.930277
0.0,14,1.933253
0.0,39,1.941702
1.0,170,1.977758
0.0,17,1.981368
0.0,13,1.98402
0.0,34,1.991086
0.0,5,1.992153
0.0,23,1.996959
0.0,20,2.001128
0.0,14,2.004174
0.0,68,2.01887
0.0,232,2.068642
0.0,10,2.070468
0.0,2,2.070855
1.0,45,2.079784
0.0,141,2.109403
0.0,15,2.112497
0.0,6,2.113723
0.0,98,2.144265
0.0,6,2.146141
0.0,12,2.148841
0.0,7,2.15042
0.0,63,2.164038
1.0,45,2.173367
0.0,5,2.174376
0.0,30,2.180899
0.0,84,2.199167
0.0,14,2.202289
1.0,305,2.267911
0.0,83,2.285661
0.0,6,2.286867
0.0,232,2.336589
1.0,57,2.348232
0.0,13,2.3509
0.0,11,2.353245
0.0,21,2.357765
1.0,41,2.366136
0.0,18,2.369978
0.0,43,2.3792
0.0,158,2.413233
0.0,14,2.416286
0.0,16,2.419436
0.0,35,2.426987
0.0,10,2.429159
0.0,40,2.437644
0.0,40,2.446101
0.0,14,2.449029
0.0,3,2.449686
0.0,45,2.459421
1.0,193,2.500709
0.0,41,2.509463
0.0,12,2.512076
0.0,94,2.532092
0.0,2,2.532532
0.0,66,2.54679
0.0,44,2.556199
0.0,50,2.567022
0.0,126,2.59437
0.0,8,2.59613
0.0,147,2.627614
0.0,161,2.662203
1.0,26,2.667069
0.0,51,2.67736
0.0,7,2.678668
0.0,7,2.680145
0.0,62,2.693245
0.0,85,2.711263
1.0,46,2.720535
0.0,10,2.722631
0.0,33,2.729488
0.0,11,2.731756
0.0,2,2.732154
0.0,9,2.734101
1.0,100,2.75496
0.0,3,2.755649
0.0,36,2.763417
0.0,8,2.765062
0.0,5,2.766138
0.0,87,2.784758
0.0,42,2.793323
0.0,21,2.797783
0.0,27,2.803568
1.0,74,2.819138
0.0,36,2.826889
1.0,54,2.838167
0.0,20,2.842423
0.0,16,2.845903
0.0,31,2.852488
0.0,3,2.853171
0.0,19,2.857099
0.0,198,2.899413
0.0,31,2.906132
0.0,139,2.93613
0.0,28,2.942105
0.0,8,2.943811
0.0,71,2.959087
0.0,24,2.96427
0.0,190,3.004287
0.0,4,3.005122
0.0,7,3.006584
0.0,27,3.01212
0.0,15,3.01515
0.0,90,3.03443
0.0,13,3.036785
0.0,15,3.039624
0.0,43,3.048756
0.0,37,3.056629
0.0,26,3.062106
0.0,20,3.066347
0.0,20,3.070582
0.0,92,3.090431
0.0,2,3.090867
0.0,183,3.130538
0.0,78,3.147176
0.0,7,3.148703
0.0,19,3.152789
0.0,6,3.153941
0.0,18,3.157647
0.0,4,3.158474
0.0,33,3.165455
0.0,56,3.177175
1.0,86,3.194512
0.0,33,3.201532
0.0,8,3.203213
0.0,16,3.206671
0.0,33,3.21372
0.0,16,3.217173
0.0,41,3.225292
0.0,34,3.232635
0.0,37,3.240518
0.0,16,3.243984
0.0,98,3.264704
0.0,132,3.29238
0.0,16,3.295743
0.0,149,3.327516
0.0,15,3.330784
0.0,3,3.331441
0.0,34,3.338731
0.0,9,3.340681
0.0,91,3.360163
0.0,94,3.380344
0.0,8,3.382074
0.0,74,3.397796
0.0,187,3.437734
0.0,11,3.440134
0.0,6,3.441203
0.0,36,3.448812
0.0,60,3.461573
0.0,64,3.475145
0.0,3,3.475805
0.0,19,3.47988
0.0,68,3.494551
1.0,60,3.506745
0.0,59,3.519179
0.0,70,3.534063
0.0,72,3.549477
1.0,60,3.561715
0.0,7,3.563131
0.0,25,3.568436
0.0,11,3.570784
0.0,14,3.573847
0.0,27,3.579708
0.0,10,3.581892
1.0,31,3.588397
0.0,181,3.626987
0.0,106,3.649973
0.0,56,3.662109
0.0,65,3.675968
0.0,7,3.677477
0.0,87,3.696169
0.0,15,3.699438
0.0,97,3.720412
0.0,5,3.721415
1.0,39,3.729326
0.0,115,3.753867
0.0,31,3.76028
0.0,11,3.762619
0.0,22,3.767287
0.0,44,3.776659
0.0,8,3.778394
0.0,6,3.779697
0.0,134,3.808224
0.0,10,3.81024
0.0,39,3.818715
0.0,134,3.847504
1.0,165,3.882844
1.0,142,3.912743
0.0,3,3.91336
0.0,11,3.91568
0.0,89,3.934908
0.0,6,3.936103
0.0,17,3.939573
0.0,13,3.942275
0.0,3,3.942935
0.0,83,3.960718
0.0,23,3.964817
0.0,11,3.96694
0.0,7,3.968252
0.0,4,3.969109
1.0,115,3.99345
0.0,4,3.994242
0.0,33,4.001277
0.0,166,4.036957
0.0,51,4.047973
0.0,2,4.048411
1.0,61,4.060905
0.0,5,4.061888
0.0,12,4.064005
0.0,2,4.064372
0.0,16,4.067437
0.0,4,4.068269
0.0,35,4.074872
0.0,2,4.075268
1.0,67,4.089246
1.0,19,4.09282
0.0,14,4.095616
0.0,9,4.097581
0.0,2,4.097975
0.0,4,4.098799
0.0,28,4.10476
0.0,5,4.105846
0.0,141,4.136267
0.0,13,4.1389
0.0,3,4.139547
0.0,3,4.140137
0.0,16,4.143339
0.0,21,4.147587
0.0,13,4.150373
0.0,77,4.16688
0.0,138,4.195894
0.0,23,4.200891
0.0,55,4.212813
0.0,97,4.233644
0.0,153,4.266977
0.0,7,4.268508
0.0,14,4.271443
0.0,23,4.27615
0.0,17,4.279823
0.0,35,4.287048
0.0,60,4.299944
0.0,83,4.317987
1.0,45,4.327165
0.0,3,4.327844
1.0,31,4.334115
0.0,17,4.337325
0.0,4,4.338126
0.0,5,4.339206
0.0,17,4.342887
0.0,20,4.347226
0.0,66,4.361531
0.0,30,4.367873
1.0,44,4.376694
0.0,23,4.381535
1.0,147,4.413093
1.0,44,4.42183
0.0,30,4.428275
0.0,26,4.433873
0.0,2,4.434275
0.0,2,4.434717
0.0,68,4.449224
0.0,108,4.472387
1.0,31,4.478778
1.0,106,4.501272
1.0,43,4.509543
0.0,29,4.515676
1.0,65,4.529164
0.0,15,4.532356
0.0,14,4.535193
0.0,28,4.541242
0.0,62,4.554643
0.0,73,4.570274
0.0,57,4.582573
0.0,44,4.59232
0.0,25,4.597643
0.0,5,4.598728
0.0,10,4.600717
0.0,20,4.605
1.0,93,4.623963
1.0,19,4.627629
0.0,11,4.629657
1.0,8,4.631184
0.0,6,4.632281
0.0,14,4.635251
0.0,31,4.64198
0.0,70,4.656057
0.0,69,4.670963
0.0,17,4.674538
0.0,7,4.675799
0.0,42,4.684648
0.0,162,4.719374
0.0,25,4.724457
1.0,70,4.738284
0.0,11,4.740696
0.0,9,4.742527
0.0,41,4.751252
0.0,61,4.764119
0.0,19,4.768058
1.0,72,4.783046
0.0,22,4.787408
1.0,82,4.804322
0.0,5,4.805348
1.0,31,4.811607
0.0,18,4.815281
1.0,63,4.828606
0.0,12,4.831202
0.0,51,4.842132
0.0,17,4.845639
0.0,120,4.871376
0.0,37,4.879279
0.0,25,4.884309
0.0,27,4.889738
0.0,42,4.898249
0.0,18,4.901687
0.0,16,4.904804
0.0,22,4.909331
0.0,23,4.913896
1.0,27,4.918963
1.0,24,4.923393
0.0,13,4.925917
0.0,4,4.926736
1.0,20,4.930669
1.0,36,4.93786
0.0,3,4.938448
0.0,14,4.941443
0.0,2,4.941816
0.0,32,4.948284
0.0,22,4.952948
0.0,12,4.955451
1.0,62,4.968322
0.0,44,4.977518
0.0,25,4.982648
0.0,17,4.986279
0.0,30,4.9925
0.0,11,4.994855
1.0,73,5.00993
0.0,38,5.017956
0.0,14,5.020874
0.0,28,5.026619
0.0,46,5.036486
0.0,8,5.038148
0.0,23,5.042852
0.0,40,5.051407
0.0,4,5.052285
0.0,27,5.057265
0.0,77,5.073588
0.0,9,5.075416
0.0,7,5.076843
0.0,14,5.079761
0.0,44,5.088854
0.0,6,5.090152
0.0,41,5.098935
0.0,9,5.100817
1.0,33,5.10766
0.0,86,5.125537
0.0,82,5.142866
0.0,61,5.155805
0.0,94,5.17612
0.0,52,5.186566
0.0,15,5.189737
1.0,43,5.198859
0.0,55,5.210331
0.0,69,5.225012
0.0,15,5.228207
0.0,12,5.23082
0.0,71,5.246079
0.0,45,5.255576
0.0,21,5.259874
0.0,49,5.270311
0.0,67,5.284657
1.0,113,5.308156
0.0,169,5.344401
0.0,13,5.347239
0.0,12,5.349853
1.0,80,5.366221
0.0,17,5.369866
1.0,34,5.376562
0.0,4,5.377356
0.0,6,5.378601
1.0,34,5.385415
0.0,22,5.389439
0.0,46,5.399063
0.0,9,5.400824
0.0,5,5.401833
0.0,7,5.403261
0.0,64,5.416973
0.0,35,5.424475
0.0,6,5.425774
0.0,72,5.441207
0.0,9,5.443052
0.0,36,5.450581
1.0,73,5.465705
0.0,13,5.468177
0.0,95,5.488245
0.0,21,5.492637
0.0,2,5.493073
0.0,9,5.494898
0.0,43,5.504103
0.0,20,5.508255
0.0,25,5.513402
0.0,8,5.514932
0.0,10,5.516943
0.0,13,5.519482
0.0,11,5.521873
0.0,197,5.564291
0.0,79,5.581218
0.0,11,5.583613
0.0,65,5.597892
0.0,37,5.605576
0.0,20,5.609903
0.0,97,5.630854
0.0,24,5.635803
0.0,27,5.641424
0.0,7,5.642909
0.0,28,5.648797
0.0,79,5.665419
0.0,221,5.712703
0.0,129,5.740464
1.0,92,5.759441
0.0,58,5.771908
0.0,17,5.775489
0.0,123,5.80204
1.0,76,5.817828
0.0,21,5.822231
0.0,29,5.828484
0.0,170,5.86489
0.0,14,5.867933
0.0,15,5.871045
0.0,5,5.872011
0.0,9,5.873569
0.0,14,5.876464
0.0,18,5.880154
0.0,82,5.897847
0.0,6,5.898981
0.0,18,5.902603
0.0,34,5.909541
1.0,37,5.916938
0.0,9,5.918763
0.0,16,5.922196
0.0,3,5.922857
0.0,23,5.927651
0.0,69,5.94226
0.0,3,5.942925
1.0,263,5.999496
1.0,146,6.030276
0.0,99,6.051318
0.0,20,6.055584
0.0,9,6.057539
0.0,41,6.066294
0.0,9,6.068244
0.0,4,6.069126
0.0,21,6.073515
0.0,21,6.077894
0.0,22,6.082665
0.0,55,6.09447
0.0,17,6.098028
0.0,3,6.098613
0.0,70,6.113631
0.0,61,6.126456
1.0,36,6.133326
0.0,13,6.136054
0.0,46,6.145132
0.0,3,6.145794
0.0,11,6.147852
0.0,17,6.151262
1.0,30,6.157077
0.0,4,6.157947
0.0,6,6.159213
1.0,51,6.169096
1.0,327,6.238586
0.0,44,6.247702
0.0,24,6.252505
0.0,4,6.253383
0.0,42,6.261616
0.0,6,6.26284
0.0,13,6.265509
0.0,19,6.269617
0.0,10,6.271682
0.0,114,6.295967
0.0,8,6.297709
0.0,17,6.300927
0.0,21,6.305229
0.0,37,6.312935
0.0,113,6.337228
0.0,5,6.338314
0.0,64,6.352003
1.0,99,6.372934
0.0,20,6.377107
0.0,13,6.379826
0.0,80,6.397038
0.0,4,6.397877
0.0,44,6.407414
0.0,32,6.414183
0.0,54,6.425662
0.0,135,6.45471
0.0,25,6.460044
0.0,84,6.478041
0.0,28,6.483979
0.0,32,6.4908
0.0,70,6.505678
1.0,36,6.513228
0.0,33,6.520202
1.0,40,6.528281
0.0,44,6.537713
0.0,12,6.540514
0.0,28,6.547334
0.0,23,6.552369
1.0,28,6.558788
0.0,62,6.572944
0.0,13,6.575678
0.0,6,6.576975
0.0,33,6.583768
0.0,62,6.596904
0.0,39,6.605281
0.0,7,6.606781
0.0,36,6.614414
0.0,12,6.617013
0.0,4,6.617885
0.0,42,6.626506
0.0,57,6.638401
0.0,31,6.645108
0.0,71,6.659937
0.0,31,6.666646
0.0,139,6.696484
0.0,89,6.715599
0.0,152,6.748195
0.0,69,6.76256
0.0,21,6.766923
1.0,56,6.77882
0.0,185,6.818803
0.0,18,6.822612
0.0,22,6.827293
0.0,23,6.832289
0.0,40,6.840801
0.0,31,6.84735
0.0,162,6.881481
0.0,73,6.897269
0.0,3,6.897931
0.0,47,6.907945
0.0,111,6.931509
0.0,82,6.949376
0.0,5,6.950454
0.0,57,6.962613
0.0,56,6.97469
0.0,13,6.977507
0.0,13,6.980322
0.0,359,7.057747
1.0,222,7.105063
0.0,304,7.170625
0.0,78,7.187386
0.0,77,7.203849
0.0,48,7.214232
1.0,135,7.243045
0.0,26,7.248621
1.0,83,7.266286
0.0,138,7.296098
0.0,19,7.300055
0.0,95,7.320067
0.0,3,7.320728
0.0,13,7.32354
0.0,26,7.329157
0.0,5,7.330241
0.0,14,7.333257
0.0,8,7.334994
0.0,94,7.355076
0.0,4,7.355961
0.0,78,7.37261
1.0,68,7.386995
0.0,18,7.390725
0.0,79,7.407543
0.0,17,7.41121
0.0,4,7.412068
0.0,44,7.420929
0.0,44,7.4304
0.0,13,7.433185
0.0,31,7.439492
0.0,15,7.442742
0.0,84,7.460634
0.0,108,7.483818
0.0,19,7.487905
0.0,33,7.494604
0.0,4,7.49544
0.0,12,7.497813
0.0,24,7.502964
0.0,35,7.510413
0.0,76,7.526568
0.0,96,7.547331
1.0,123,7.573613
0.0,73,7.589326
0.0,112,7.613914
0.0,32,7.620655
0.0,168,7.656536
1.0,113,7.680513
0.0,66,7.694638
0.0,92,7.714144
0.0,8,7.715786
0.0,159,7.749515
0.0,53,7.760882
0.0,24,7.76598
0.0,65,7.779989
0.0,21,7.784467
0.0,152,7.816958
0.0,83,7.834825
0.0,117,7.859818
0.0,14,7.862877
0.0,53,7.874177
0.0,14,7.877216
0.0,190,7.91791
0.0,79,7.934969
0.0,100,7.956532
0.0,50,7.967314
1.0,28,7.972799
0.0,64,7.986388
0.0,135,8.015558
1.0,60,8.028211
0.0,7,8.029475
0.0,15,8.032534
1.0,35,8.03934
0.0,3,8.039953
0.0,4,8.040829
0.0,7,8.042258
0.0,112,8.066268
0.0,17,8.069954
0.0,2,8.070386
0.0,141,8.100779
1.0,23,8.105355
1.0,27,8.110602
0.0,10,8.112708
0.0,6,8.113814
0.0,53,8.125028
1.0,18,8.128632
0.0,21,8.132869
0.0,8,8.134469
0.0,15,8.13748
1.0,131,8.165546
0.0,82,8.182888
0.0,20,8.187163
0.0,187,8.227527
0.0,14,8.230566
0.0,53,8.241762
1.0,225,8.290066
0.0,13,8.29283
0.0,76,8.309127
0.0,70,8.324162
0.0,7,8.325564
0.0,178,8.364024
0.0,15,8.36727
0.0,23,8.372036
0.0,48,8.382273
0.0,23,8.38726
0.0,48,8.397474
0.0,47,8.407626
0.0,14,8.41064
0.0,194,8.452324
0.0,14,8.455254
0.0,20,8.459531
0.0,149,8.491658
0.0,128,8.519186
0.0,8,8.520818
0.0,230,8.570842
0.0,4,8.571707
0.0,56,8.583857
0.0,231,8.634257
0.0,65,8.648024
0.0,7,8.649391
0.0,51,8.65975
0.0,131,8.688054
0.0,51,8.699024
0.0,22,8.703652
0.0,28,8.709697
0.0,445,8.805328
0.0,18,8.809228
0.0,7,8.810745
0.0,150,8.843113
0.0,206,8.887621
0.0,31,8.894193
0.0,7,8.895715
0.0,8,8.897431
0.0,183,8.936761
0.0,61,8.949642
0.0,37,8.957488
0.0,62,8.970754
0.0,55,8.98262
1.0,39,8.990565
0.0,103,9.012685
1.0,82,9.029967
0.0,37,9.037957
0.0,31,9.044458
0.0,6,9.045699
0.0,46,9.055472
0.0,21,9.059877
0.0,16,9.063215
0.0,16,9.066506
0.0,10,9.068627
0.0,13,9.071347
0.0,11,9.073642
1.0,79,9.089445
0.0,8,9.091112
0.0,106,9.113411
0.0,6,9.114718
0.0,32,9.121229
0.0,29,9.127483
0.0,18,9.131283
0.0,22,9.13579
1.0,108,9.158271
0.0,9,9.16018
0.0,267,9.217041
0.0,34,9.2243
1.0,19,9.227641
0.0,63,9.240664
0.0,70,9.255687
0.0,6,9.25693
0.0,28,9.262901
1.0,13,9.265126
0.0,204,9.309079
0.0,2,9.30945
0.0,7,9.310971
0.0,6,9.312098
1.0,9,9.31382
0.0,19,9.317828
0.0,12,9.320011
0.0,6,9.321166
0.0,5,9.3221
0.0,30,9.328329
0.0,150,9.360383
1.0,134,9.38875
0.0,6,9.389945
0.0,7,9.39143
0.0,49,9.401876
0.0,137,9.431091
0.0,18,9.434957
0.0,23,9.439749
0.0,23,9.444645
0.0,21,9.449114
0.0,110,9.47241
0.0,221,9.519643
0.0,10,9.521755
0.0,2,9.522183
0.0,28,9.528054
0.0,183,9.567533
0.0,54,9.579226
0.0,145,9.610613
0.0,45,9.620012
0.0,2,9.620383
0.0,67,9.63484
0.0,11,9.637122
0.0,42,9.645869
0.0,56,9.657821
0.0,53,9.669232
0.0,68,9.683617
0.0,54,9.694881
0.0,8,9.696615
0.0,149,9.728776
0.0,35,9.736031
0.0,102,9.757745
0.0,17,9.761294
0.0,31,9.767495
1.0,35,9.774525
0.0,21,9.778683
0.0,6,9.779952
0.0,43,9.789151
0.0,28,9.795211
0.0,72,9.810557
0.0,61,9.823606
0.0,36,9.831393
0.0,105,9.853995
1.0,60,9.866592
0.0,14,9.86954
0.0,216,9.916257
0.0,17,9.919978
0.0,146,9.9516
1.0,86,9.969255
0.0,50,9.979998
0.0,14,9.982963
0.0,32,9.989842
0.0,16,9.993303
0.0,41,10.002044
0.0,14,10.005083
0.0,9,10.007052
0.0,84,10.025047
0.0,131,10.053263
0.0,54,10.064876
0.0,56,10.076861
0.0,42,10.085904
0.0,114,10.110273
0.0,83,10.127927
0.0,27,10.133566
0.0,37,10.141529
0.0,64,10.155096
0.0,3,10.15576
0.0,140,10.185758
0.0,15,10.188751
0.0,32,10.195511
0.0,15,10.198505
0.0,48,10.208102
0.0,52,10.219249
0.0,6,10.220475
1.0,216,10.266123
0.0,8,10.267788
1.0,100,10.288526
0.0,6,10.289802
0.0,3,10.290381
0.0,51,10.301017
0.0,13,10.303832
1.0,75,10.319546
0.0,27,10.325177
0.0,19,10.329283
0.0,38,10.337357
0.0,23,10.342157
0.0,87,10.36067
0.0,36,10.368442
0.0,14,10.371197
0.0,15,10.374066
0.0,265,10.431074
0.0,29,10.43723
0.0,6,10.438414
0.0,117,10.463402
1.0,75,10.47886
0.0,134,10.507896
0.0,28,10.51378
0.0,9,10.515567
1.0,146,10.546515
0.0,6,10.54776
0.0,43,10.557061
0.0,71,10.572204
0.0,20,10.576453
1.0,47,10.585792
0.0,3,10.586465
0.0,14,10.589502
0.0,45,10.598928
0.0,14,10.601738
0.0,9,10.603618
0.0,12,10.606012
0.0,21,10.61063
0.0,79,10.627651
1.0,20,10.631916
0.0,5,10.632978
0.0,8,10.634613
0.0,47,10.644625
1.0,62,10.657246
0.0,4,10.658124
0.0,14,10.661158
0.0,29,10.667466
0.0,29,10.67373
0.0,55,10.685695
1.0,234,10.735776
0.0,38,10.743966
0.0,94,10.764083
0.0,6,10.765377
0.0,131,10.793269
0.0,28,10.799133
0.0,50,10.809921
0.0,41,10.818763
0.0,11,10.821146
0.0,92,10.840952
0.0,108,10.863717
0.0,30,10.869999
1.0,37,10.877528
0.0,52,10.888689
0.0,14,10.891618
0.0,25,10.897009
0.0,29,10.903102
0.0,8,10.90449
0.0,9,10.906323
0.0,3,10.90699
0.0,27,10.91257
0.0,12,10.914994
0.0,143,10.945505
1.0,22,10.949833
0.0,9,10.951717
0.0,21,10.956078
0.0,14,10.9591
0.0,4,10.959897
0.0,15,10.962841
1.0,130,10.990484
0.0,20,10.994339
0.0,2,10.994778
0.0,137,11.024166
0.0,139,11.054102
0.0,54,11.065279
0.0,82,11.082839
0.0,53,11.094129
1.0,64,11.106416
0.0,16,11.109342
0.0,8,11.110979
0.0,97,11.131898
0.0,115,11.156569
0.0,24,11.161593
0.0,5,11.162661
1.0,42,11.171123
0.0,91,11.190541
0.0,14,11.193361
0.0,79,11.209944
0.0,8,11.211579
0.0,4,11.212357
0.0,3,11.212941
0.0,2,11.213308
0.0,26,11.218924
0.0,18,11.222844
0.0,177,11.260513
0.0,141,11.29087
0.0,66,11.30471
0.0,115,11.32891
0.0,3,11.329569
0.0,57,11.341852
1.0,42,11.35004
0.0,4,11.350922
0.0,32,11.357667
0.0,24,11.362829
0.0,42,11.371837
0.0,81,11.389087
0.0,67,11.40325
0.0,39,11.411551
1.0,72,11.426542
0.0,6,11.427689
0.0,67,11.441875
0.0,30,11.448053
0.0,5,11.449121
1.0,49,11.459264
0.0,12,11.461652
1.0,65,11.475521
0.0,9,11.477407
0.0,102,11.499385
0.0,34,11.506615
0.0,24,11.511515
0.0,149,11.543459
0.0,11,11.545856
0.0,48,11.556249
0.0,164,11.591463
0.0,53,11.60292
0.0,9,11.604872
0.0,60,11.61812
0.0,73,11.63384
1.0,119,11.659092
0.0,5,11.660136
0.0,81,11.677622
0.0,55,11.689181
0.0,35,11.696735
1.0,35,11.703824
0.0,40,11.712192
0.0,24,11.716949
0.0,28,11.722968
0.0,75,11.738995
0.0,16,11.742162
1.0,11,11.744116
0.0,9,11.745884
0.0,20,11.750201
0.0,249,11.803851
0.0,140,11.833929
1.0,63,11.846786
0.0,25,11.851944
0.0,50,11.862691
0.0,83,11.880306
0.0,21,11.884703
0.0,42,11.893636
0.0,6,11.894893
0.0,9,11.896676
1.0,222,11.943931
1.0,106,11.965911
0.0,7,11.967288
0.0,18,11.971195
0.0,20,11.975024
0.0,5,11.976115
0.0,9,11.977811
0.0,35,11.985199
0.0,186,12.024483
0.0,32,12.031092
0.0,101,12.052907
0.0,23,12.057838
0.0,43,12.067103
1.0,59,12.07929
0.0,58,12.091661
0.0,30,12.098126
0.0,6,12.09933
0.0,43,12.108471
0.0,71,12.123709
1.0,26,12.128853
0.0,5,12.129818
0.0,49,12.140198
1.0,112,12.163552
0.0,43,12.172787
0.0,17,12.176339
0.0,38,12.184243
0.0,12,12.186773
0.0,40,12.195355
1.0,92,12.214812
0.0,49,12.225373
0.0,28,12.231212
0.0,20,12.235069
0.0,8,12.236676
0.0,18,12.240572
0.0,3,12.241224
0.0,33,12.24829
0.0,14,12.250913
0.0,105,12.273076
0.0,11,12.275173
1.0,49,12.285332
0.0,16,12.288632
0.0,27,12.294476
0.0,93,12.314516
0.0,197,12.357049
0.0,52,12.368309
0.0,34,12.37568
0.0,33,12.382011
0.0,9,12.383898
0.0,23,12.388457
0.0,69,12.403314
0.0,3,12.403979
0.0,79,12.420922
0.0,102,12.442933
0.0,3,12.443604
0.0,144,12.474781
1.0,18,12.478161
0.0,90,12.497552
0.0,3,12.498204
0.0,18,12.501979
0.0,7,12.503371
0.0,183,12.542754
0.0,76,12.55906
0.0,7,12.560596
0.0,81,12.577995
1.0,31,12.584386
0.0,15,12.587471
0.0,3,12.58812
0.0,12,12.590538
0.0,35,12.597873
0.0,3,12.598531
0.0,5,12.599619
0.0,38,12.607675
0.0,14,12.610568
0.0,3,12.611229
0.0,8,12.612963
0.0,16,12.616233
0.0,63,12.630043
0.0,28,12.635816
0.0,44,12.645068
1.0,59,12.657063
0.0,47,12.667079
0.0,37,12.674974
0.0,5,12.675982
0.0,8,12.677569
0.0,14,12.680259
0.0,7,12.681631
0.0,10,12.683644
0.0,31,12.690264
1.0,57,12.701424
0.0,41,12.709982
0.0,17,12.713444
0.0,3,12.714102
0.0,85,12.730998
1.0,28,12.73622
0.0,4,12.737028
0.0,16,12.740452
0.0,46,12.750472
1.0,74,12.766056
0.0,13,12.768765
0.0,5,12.769872
0.0,76,12.786338
0.0,99,12.807595
0.0,45,12.817346
0.0,69,12.832335
0.0,38,12.840346
0.0,4,12.841225
0.0,31,12.847956
1.0,27,12.853341
0.0,15,12.856529
0.0,53,12.868004
1.0,82,12.885341
0.0,10,12.88746
0.0,17,12.891155
0.0,20,12.895421
0.0,35,12.902914
0.0,17,12.906605
1.0,23,12.911372
0.0,28,12.917138
0.0,21,12.921527
0.0,22,12.926202
0.0,3,12.926851
0.0,30,12.932764
0.0,23,12.937518
0.0,100,12.958965
0.0,12,12.961402
0.0,20,12.965739
0.0,21,12.970161
0.0,38,12.9782
0.0,7,12.979566
0.0,102,13.00157
0.0,105,13.024189
0.0,126,13.051434
0.0,23,13.056353
0.0,131,13.084608
0.0,9,13.086504
0.0,3,13.087167
0.0,40,13.095748
1.0,83,13.112953
0.0,42,13.121514
0.0,32,13.128432
0.0,28,13.134338
0.0,51,13.145281
0.0,92,13.164714
0.0,272,13.222771
0.0,17,13.226221
0.0,11,13.228304
0.0,5,13.229348
0.0,20,13.23352
0.0,71,13.248764
0.0,28,13.254586
0.0,81,13.271867
0.0,13,13.274557
1.0,166,13.309721
0.0,56,13.321852
1.0,39,13.330143
0.0,76,13.346249
0.0,4,13.347132
0.0,18,13.351005
0.0,139,13.380707
0.0,89,13.399316
0.0,9,13.401133
0.0,29,13.407255
0.0,9,13.408841
0.0,31,13.415066
1.0,38,13.422887
0.0,18,13.426348
0.0,16,13.429471
1.0,30,13.435613
0.0,43,13.444259
1.0,14,13.446825
0.0,5,13.447861
0.0,25,13.453171
0.0,71,13.467909
0.0,51,13.47881
0.0,52,13.489958
1.0,43,13.498828
0.0,14,13.50165
0.0,9,13.50347
0.0,11,13.505443
0.0,11,13.507774
0.0,38,13.515428
0.0,87,13.534149
0.0,9,13.536004
0.0,28,13.541971
0.0,160,13.576593
0.0,53,13.588007
0.0,29,13.594311
1.0,183,13.633826
0.0,8,13.635499
0.0,91,13.655116
0.0,15,13.658046
0.0,29,13.664236
0.0,43,13.673343
0.0,27,13.679077
0.0,75,13.695264
0.0,159,13.72941
0.0,24,13.734622
0.0,29,13.740907
0.0,33,13.748008
0.0,21,13.752414
0.0,70,13.767297
1.0,82,13.784595
0.0,82,13.802226
0.0,3,13.802889
0.0,24,13.808062
0.0,260,13.863809
0.0,7,13.865334
0.0,80,13.882584
0.0,101,13.904322
0.0,86,13.922856
0.0,36,13.930209
0.0,53,13.941654
0.0,30,13.948127
0.0,46,13.957912
0.0,29,13.964206
0.0,9,13.966079
0.0,86,13.984798
0.0,8,13.98641
0.0,51,13.997378
0.0,55,14.009169
0.0,13,14.011765
0.0,68,14.02612
1.0,128,14.053166
0.0,36,14.060569
1.0,82,14.077751
0.0,18,14.081711
0.0,7,14.083079
0.0,4,14.083795
1.0,13,14.086219
0.0,63,14.099506
0.0,3,14.100175
0.0,76,14.116245
0.0,111,14.140099
0.0,21,14.144263
1.0,104,14.166351
0.0,59,14.178795
0.0,70,14.193927
0.0,29,14.200051
0.0,15,14.203312
0.0,151,14.235861
0.0,59,14.24867
0.0,30,14.255103
0.0,68,14.269566
1.0,83,14.286371
0.0,8,14.28804
0.0,24,14.29304
0.0,34,14.300323
0.0,19,14.304331
0.0,21,14.308673
0.0,19,14.312812
0.0,32,14.319448
0.0,37,14.327372
0.0,188,14.36749
0.0,6,14.368793
0.0,54,14.380377
0.0,41,14.38912
0.0,178,14.427013
0.0,8,14.428623
0.0,62,14.441964
0.0,77,14.4583
0.0,15,14.461497
0.0,27,14.467174
0.0,204,14.511063
0.0,60,14.523674
1.0,62,14.536493
0.0,23,14.541264
0.0,26,14.546792
0.0,123,14.572993
0.0,2,14.57344
0.0,21,14.577942
0.0,4,14.578726
0.0,3,14.579381
0.0,174,14.616627
0.0,65,14.630197
1.0,37,14.637855
0.0,7,14.639204
0.0,11,14.641389
0.0,11,14.643745
1.0,57,14.655547
0.0,16,14.658846
1.0,20,14.662868
0.0,11,14.665082
0.0,18,14.668852
0.0,51,14.679472
0.0,33,14.686441
0.0,9,14.68805
0.0,6,14.689188
0.0,5,14.690149
0.0,35,14.697613
0.0,18,14.701429
0.0,7,14.702782
0.0,16,14.706107
0.0,173,14.743302
0.0,42,14.752109
0.0,34,14.75944
0.0,100,14.780794
0.0,19,14.784918
1.0,152,14.817108
0.0,5,14.818196
1.0,67,14.832123
0.0,23,14.836884
0.0,38,14.845013
0.0,27,14.850744
0.0,66,14.865014
0.0,64,14.878832
0.0,24,14.883882
0.0,14,14.886916
0.0,18,14.890819
0.0,75,14.906956
0.0,27,14.912788
0.0,36,14.920553
0.0,29,14.926813
0.0,2,14.927256
0.0,8,14.928842
0.0,5,14.929913
0.0,91,14.949303
1.0,130,14.976745
0.0,18,14.980445
0.0,10,14.982629
1.0,221,15.029959
0.0,90,15.04931
0.0,49,15.059949
0.0,4,15.060831
0.0,159,15.095033
1.0,54,15.106121
0.0,50,15.116823
0.0,109,15.140205
0.0,46,15.150191
0.0,116,15.175297
0.0,6,15.176481
0.0,58,15.188944
0.0,13,15.191284
0.0,194,15.232951
1.0,20,15.236826
0.0,10,15.239013
0.0,11,15.241009
0.0,12,15.243247
0.0,16,15.246561
0.0,151,15.278329
0.0,13,15.281034
1.0,55,15.292063
0.0,10,15.294044
0.0,21,15.298487
0.0,16,15.301852
0.0,129,15.329096
0.0,20,15.332765
0.0,14,15.335609
0.0,7,15.336951
0.0,41,15.345435
0.0,274,15.404337
0.0,63,15.417689
0.0,3,15.418349
1.0,23,15.422961
0.0,146,15.454169
0.0,19,15.458017
0.0,7,15.459392
0.0,51,15.469855
0.0,8,15.471593
0.0,42,15.480301
0.0,21,15.484801
1.0,46,15.494504
0.0,7,15.496016
0.0,4,15.49689
0.0,3,15.497473
0.0,175,15.535258
0.0,192,15.576524
0.0,42,15.58555
0.0,19,15.589388
0.0,19,15.5935
0.0,191,15.634936
0.0,3,15.635615
0.0,44,15.645199
0.0,30,15.65171
0.0,152,15.684207
0.0,7,15.685693
0.0,11,15.687998
0.0,13,15.690819
0.0,47,15.701011
0.0,95,15.721403
0.0,37,15.729437
0.0,71,15.744742
0.0,14,15.747791
1.0,184,15.787127
0.0,18,15.791047
0.0,108,15.814057
1.0,169,15.850368
1.0,29,15.855969
1.0,145,15.886669
0.0,91,15.9062
0.0,25,15.911615
0.0,51,15.922624
0.0,8,15.924081
0.0,109,15.947352
0.0,3,15.947967
0.0,40,15.956615
0.0,31,15.962767
0.0,132,15.990321
0.0,29,15.995814
0.0,28,16.001571
0.0,54,16.013012
0.0,3,16.013603
0.0,72,16.029213
1.0,78,16.045642
0.0,25,16.050565
0.0,3,16.051214
0.0,12,16.053643
0.0,8,16.055265
0.0,16,16.058592
0.0,34,16.065859
0.0,55,16.077536
1.0,47,16.087063
0.0,17,16.090655
0.0,11,16.092842
0.0,11,16.095035
0.0,8,16.096604
0.0,23,16.101353
0.0,10,16.103466
0.0,14,16.10648
0.0,7,16.107938
0.0,34,16.115266
0.0,34,16.122293
0.0,18,16.126021
0.0,64,16.139333
0.0,3,16.139993
0.0,59,16.152702
0.0,58,16.165261
0.0,44,16.174712
0.0,104,16.196625
0.0,212,16.242421
0.0,27,16.248049
0.0,7,16.249448
0.0,99,16.270772
0.0,7,16.272173
0.0,43,16.280991
0.0,138,16.310236
0.0,20,16.314458
0.0,51,16.32542
1.0,70,16.339757
0.0,27,16.345443
0.0,17,16.349011
0.0,3,16.349599
0.0,7,16.351113
0.0,27,16.35693
0.0,42,16.36563
0.0,25,16.371048
0.0,22,16.375795
0.0,2,16.376239
0.0,67,16.390341
0.0,35,16.397824
0.0,6,16.399137
0.0,108,16.422314
0.0,3,16.422967
0.0,38,16.431159
0.0,41,16.440001
0.0,191,16.481042
0.0,148,16.512901
0.0,22,16.517469
0.0,29,16.523628
0.0,61,16.536545
0.0,35,16.543848
0.0,17,16.547284
0.0,51,16.558188
0.0,228,16.606858
0.0,46,16.616764
0.0,269,16.674597
0.0,7,16.676117
1.0,14,16.678569
0.0,62,16.691756
0.0,41,16.700229
0.0,36,16.708001
0.0,111,16.731462
0.0,7,16.732998
1.0,47,16.742721
1.0,16,16.745765
0.0,9,16.747541
0.0,3,16.748196
1.0,44,16.757278
0.0,5,16.758216
0.0,15,16.761163
0.0,2,16.761528
0.0,29,16.767759
0.0,44,16.777211
1.0,64,16.790593
0.0,9,16.792462
0.0,13,16.795265
0.0,33,16.801488
0.0,7,16.802914
0.0,42,16.81137
1.0,41,16.819717
0.0,17,16.823081
0.0,6,16.824248
0.0,4,16.825037
0.0,5,16.826034
0.0,2,16.826426
1.0,247,16.879138
0.0,5,16.880003
0.0,7,16.881425
0.0,29,16.887671
0.0,52,16.898877
0.0,107,16.921792
0.0,18,16.925632
0.0,154,16.958733
0.0,144,16.989121
0.0,5,16.990221
0.0,89,17.009098
0.0,11,17.01133
0.0,46,17.020726
0.0,16,17.024169
0.0,34,17.031513
1.0,65,17.044459
0.0,45,17.05402
0.0,8,17.055732
0.0,13,17.058544
0.0,25,17.06373
1.0,66,17.076793
0.0,8,17.078475
0.0,57,17.090222
0.0,52,17.101122
0.0,4,17.102002
0.0,21,17.10636
1.0,29,17.112261
0.0,37,17.120145
0.0,29,17.126323
1.0,137,17.155236
0.0,3,17.155829
0.0,60,17.168424
1.0,12,17.170633
0.0,7,17.171893
0.0,44,17.181142
0.0,7,17.182483
0.0,59,17.194798
0.0,29,17.201066
0.0,227,17.249822
0.0,45,17.259521
0.0,130,17.287322
0.0,95,17.307549
0.0,26,17.313028
0.0,106,17.335543
0.0,23,17.340551
0.0,44,17.350037
0.0,78,17.366802
0.0,78,17.383703
0.0,242,17.435318
1.0,33,17.441735
0.0,66,17.456005
0.0,37,17.46396
0.0,37,17.471497
0.0,45,17.48074
0.0,5,17.481806
0.0,13,17.484327
0.0,17,17.487825
0.0,3,17.488483
0.0,82,17.506261
0.0,8,17.508011
0.0,37,17.515831
0.0,56,17.527553
0.0,92,17.547494
0.0,77,17.563908
0.0,31,17.570369
1.0,93,17.58996
0.0,81,17.607174
0.0,131,17.635157
0.0,97,17.656408
0.0,78,17.673172
1.0,26,17.678072
0.0,7,17.679552
0.0,65,17.693274
0.0,9,17.69507
0.0,7,17.696589
0.0,37,17.704104
0.0,77,17.720497
0.0,10,17.72263
0.0,13,17.725212
0.0,88,17.743936
0.0,17,17.747481
0.0,54,17.758906
0.0,18,17.76276
0.0,11,17.765139
0.0,63,17.778422
1.0,31,17.784516
0.0,13,17.787048
0.0,9,17.788801
0.0,7,17.790258
0.0,24,17.795427
0.0,178,17.833669
0.0,123,17.859941
0.0,65,17.873982
0.0,35,17.881289
0.0,2,17.88173
0.0,6,17.882961
1.0,108,17.905666
0.0,16,17.909134
0.0,42,17.917949
0.0,148,17.949765
0.0,8,17.951408
0.0,8,17.952999
1.0,42,17.961707
0.0,7,17.963068
1.0,11,17.965161
0.0,33,17.971881
0.0,52,17.982782
0.0,3,17.983438
0.0,86,18.001988
0.0,7,18.003498
0.0,130,18.031257
0.0,121,18.057267
0.0,116,18.082344
0.0,79,18.099092
1.0,37,18.106678
0.0,11,18.108922
0.0,17,18.112586
0.0,48,18.12285
0.0,48,18.133233
0.0,99,18.154395
0.0,9,18.156354
0.0,85,18.174444
1.0,324,18.243918
0.0,31,18.250568
0.0,14,18.253618
0.0,26,18.25919
0.0,34,18.26625
0.0,131,18.293937
0.0,10,18.296027
0.0,8,18.297554
0.0,47,18.307483
0.0,37,18.315298
0.0,17,18.318949
0.0,43,18.328158
0.0,21,18.335361
0.0,78,18.354921
0.0,87,18.373634
0.0,19,18.377757
0.0,199,18.420415
0.0,37,18.428434
0.0,24,18.433603
0.0,65,18.447551
0.0,87,18.466342
0.0,6,18.467587
0.0,45,18.477188
0.0,67,18.491274
0.0,4,18.49206
0.0,216,18.538336
0.0,4,18.539153
0.0,2,18.539549
0.0,37,18.547031
0.0,8,18.548586
0.0,10,18.550334
0.0,23,18.555275
0.0,148,18.586795
0.0,28,18.592181
0.0,34,18.599153
1.0,39,18.60736
0.0,15,18.610324
0.0,3,18.610984
0.0,23,18.615736
1.0,12,18.618027
0.0,7,18.619346
1.0,24,18.623874
1.0,40,18.631757
0.0,54,18.642563
0.0,5,18.643809
0.0,32,18.650042
1.0,52,18.660729
0.0,14,18.663511
0.0,53,18.674139
0.0,24,18.679293
0.0,45,18.68842
0.0,8,18.690036
0.0,27,18.69569
0.0,37,18.703501
0.0,8,18.705097
0.0,13,18.707896
0.0,77,18.724337
0.0,179,18.762636
0.0,5,18.763693
0.0,178,18.802101
1.0,114,18.826596
0.0,35,18.834213
0.0,24,18.839404
0.0,87,18.857684
0.0,57,18.869965
1.0,37,18.877694
0.0,19,18.881763
0.0,69,18.896321
1.0,28,18.902178
0.0,9,18.904065
0.0,32,18.910978
0.0,26,18.916536
0.0,51,18.927174
0.0,13,18.92967
0.0,38,18.937803
1.0,16,18.940883
0.0,7,18.942321
0.0,150,18.974282
0.0,28,18.980111
0.0,13,18.982702
0.0,10,18.984558
0.0,5,18.98559
0.0,3,18.986239
0.0,51,18.997086
0.0,18,19.001008
0.0,7,19.002522
0.0,112,19.026727
1.0,144,19.057886
0.0,41,19.066638
0.0,89,19.085544
0.0,11,19.087853
0.0,30,19.094249
0.0,71,19.109416
0.0,6,19.110723
0.0,57,19.123047
0.0,9,19.124973
0.0,33,19.131995
0.0,30,19.138468
1.0,33,19.14528
0.0,26,19.150725
0.0,46,19.160557
0.0,36,19.168227
0.0,133,19.196403
0.0,25,19.201731
0.0,27,19.207469
0.0,17,19.211105
0.0,137,19.240576
0.0,42,19.249672
0.0,79,19.266646
0.0,106,19.28931
0.0,15,19.292499
0.0,13,19.295304
0.0,65,19.309269
0.0,139,19.338888
0.0,65,19.35294
0.0,13,19.355717
0.0,36,19.36333
0.0,183,19.402319
0.0,143,19.432874
0.0,56,19.44483
0.0,93,19.464571
0.0,121,19.490101
0.0,25,19.495508
0.0,81,19.512968
0.0,176,19.550505
0.0,155,19.583372
0.0,35,19.590626
0.0,50,19.601073
0.0,159,19.634999
0.0,61,19.64849
0.0,78,19.66517
0.0,302,19.730175
0.0,63,19.743748
0.0,57,19.755975
1.0,69,19.770387
0.0,159,19.804394
0.0,19,19.808567
0.0,10,19.810668
1.0,66,19.824314
0.0,10,19.826452
0.0,98,19.847654
0.0,22,19.852177
0.0,89,19.871441
0.0,135,19.90023
0.0,23,19.905224
0.0,32,19.911612
1.0,35,19.918943
0.0,8,19.92046
0.0,10,19.922526
0.0,2,19.922965
0.0,24,19.928146
0.0,28,19.934026
0.0,123,19.960063
0.0,61,19.97322
0.0,15,19.976482
0.0,59,19.989228
0.0,44,19.998497
0.0,45,20.008112
0.0,11,20.010419
0.0,112,20.034359
0.0,12,20.036665
0.0,25,20.041375
0.0,23,20.045956
0.0,4,20.046762
0.0,12,20.049165
1.0,101,20.070541
0.0,28,20.076422
0.0,59,20.088882
1.0,129,20.11575
0.0,170,20.152318
0.0,115,20.17662
0.0,29,20.182909
0.0,110,20.206711
0.0,63,20.219958
0.0,56,20.232029
0.0,92,20.251794
0.0,6,20.253077
0.0,125,20.279623
1.0,15,20.282345
0.0,7,20.283678
0.0,5,20.284655
1.0,330,20.354778
0.0,98,20.375504
0.0,23,20.380367
0.0,60,20.392929
0.0,27,20.398589
0.0,70,20.41345
0.0,32,20.41997
0.0,12,20.422161
0.0,15,20.425204
0.0,158,20.459085
0.0,30,20.465404
0.0,27,20.471149
0.0,52,20.482097
0.0,25,20.487304
1.0,55,20.498822
0.0,17,20.502378
0.0,9,20.504274
0.0,10,20.506348
0.0,64,20.519983
0.0,119,20.544973
0.0,65,20.558696
0.0,170,20.595342
0.0,3,20.596008
0.0,6,20.597315
0.0,109,20.620684
0.0,11,20.623077
0.0,135,20.652082
0.0,15,20.655181
0.0,99,20.676448
0.0,32,20.68339
0.0,67,20.697968
0.0,24,20.703002
0.0,103,20.725094
1.0,104,20.74703
1.0,68,20.761407
0.0,127,20.788308
0.0,7,20.789661
0.0,152,20.822153
0.0,11,20.824425
0.0,21,20.828836
0.0,65,20.842691
0.0,13,20.845181
0.0,7,20.846621
0.0,72,20.862012
0.0,19,20.866074
0.0,53,20.87724
0.0,104,20.899177
0.0,17,20.902649
0.0,8,20.904383
0.0,5,20.905431
0.0,18,20.909325
0.0,80,20.926335
0.0,22,20.930627
0.0,76,20.946525
1.0,118,20.970685
0.0,26,20.976224
0.0,31,20.982912
0.0,32,20.98965
0.0,5,20.990738
0.0,17,20.994423
0.0,9,20.996304
0.0,3,20.996926
0.0,36,21.004427
0.0,68,21.018837
0.0,162,21.053629
0.0,5,21.054656
0.0,23,21.059624
0.0,98,21.080005
0.0,84,21.098112
0.0,145,21.128894
1.0,159,21.162679
0.0,20,21.166824
0.0,35,21.174255
1.0,149,21.205996
0.0,148,21.238002
