#{"t_start": 1717636051.498083, "env_id": "Mordor-single-v0"}
r,l,t
0.0,41,0.007034
0.0,8,0.008318
0.0,27,0.012587
0.0,24,0.016186
0.0,22,0.019359
0.0,5,0.020086
0.0,23,0.023368
0.0,12,0.025111
0.0,46,0.031589
0.0,13,0.033399
0.0,8,0.034521
0.0,20,0.037262
0.0,26,0.040821
0.0,41,0.046414
0.0,25,0.049835
0.0,25,0.053246
0.0,3,0.053673
0.0,45,0.059885
0.0,47,0.066336
0.0,42,0.072112
0.0,21,0.074997
0.0,7,0.075954
0.0,23,0.079107
0.0,56,0.086805
0.0,7,0.087768
0.0,91,0.100285
0.0,44,0.106273
0.0,22,0.109288
0.0,18,0.111761
0.0,22,0.114748
0.0,41,0.120397
0.0,60,0.128608
0.0,46,0.134909
0.0,54,0.142341
0.0,53,0.149554
0.0,43,0.155421
0.0,52,0.162548
0.0,19,0.165144
0.0,35,0.169924
0.0,13,0.171703
0.0,73,0.181711
0.0,172,0.205235
0.0,9,0.206477
0.0,58,0.214432
0.0,67,0.223625
0.0,48,0.230224
0.0,49,0.236887
0.0,99,0.250441
0.0,49,0.257131
0.0,32,0.261519
0.0,131,0.279515
0.0,109,0.294524
0.0,15,0.296573
0.0,48,0.303147
0.0,54,0.310581
0.0,50,0.317376
0.0,4,0.317932
0.0,22,0.320924
0.0,23,0.32406
0.0,62,0.332565
0.0,17,0.334893
0.0,99,0.348431
0.0,70,0.358031
0.0,32,0.362402
0.0,71,0.372168
0.0,32,0.376558
0.0,55,0.384018
0.0,28,0.387855
0.0,18,0.390332
1.0,76,0.400392
0.0,27,0.404099
0.0,13,0.405888
0.0,87,0.417804
0.0,82,0.429014
0.0,141,0.448302
0.0,76,0.458854
0.0,15,0.461147
0.0,297,0.501964
0.0,34,0.506667
0.0,66,0.51574
0.0,28,0.519591
0.0,31,0.523782
0.0,37,0.528796
0.0,19,0.531405
0.0,23,0.534548
0.0,3,0.534971
0.0,22,0.537994
1.0,87,0.549967
0.0,15,0.55202
0.0,9,0.553241
0.0,10,0.554598
1.0,83,0.565987
0.0,82,0.577285
0.0,187,0.602974
0.0,73,0.612969
0.0,142,0.632466
0.0,11,0.633983
1.0,137,0.652912
0.0,8,0.654
0.0,278,0.692325
0.0,30,0.696477
0.0,47,0.702942
0.0,23,0.70611
0.0,13,0.707905
0.0,104,0.722196
0.0,76,0.732642
0.0,81,0.743813
0.0,9,0.745058
0.0,20,0.747811
0.0,63,0.756502
0.0,161,0.77858
0.0,72,0.788503
0.0,259,0.824265
0.0,14,0.826193
0.0,36,0.83115
0.0,130,0.84902
0.0,47,0.855487
0.0,65,0.864446
1.0,83,0.875808
0.0,379,0.928043
0.0,76,0.938533
0.0,42,0.944301
1.0,44,0.950337
0.0,59,0.958499
0.0,50,0.965369
0.0,44,0.971449
0.0,27,0.975147
0.0,68,0.984486
0.0,20,0.987215
0.0,77,0.997855
0.0,69,1.007347
0.0,90,1.019733
0.0,11,1.021258
0.0,42,1.027038
0.0,25,1.030486
0.0,5,1.031169
0.0,42,1.036965
0.0,126,1.054361
1.0,182,1.079438
0.0,41,1.085093
0.0,135,1.103771
0.0,131,1.121833
0.0,68,1.131215
0.0,22,1.134256
0.0,156,1.155873
0.0,6,1.156703
0.0,227,1.188259
1.0,163,1.210644
0.0,4,1.211203
0.0,16,1.21339
0.0,80,1.224461
0.0,79,1.235379
0.0,5,1.236077
0.0,31,1.240355
0.0,19,1.242971
0.0,26,1.246549
0.0,12,1.248213
0.0,47,1.254692
0.0,109,1.269773
0.0,38,1.275032
0.0,147,1.295439
0.0,54,1.302893
0.0,42,1.308686
0.0,132,1.326995
0.0,26,1.330577
0.0,84,1.342144
0.0,10,1.343516
0.0,53,1.35086
0.0,19,1.353488
0.0,147,1.37387
0.0,112,1.397547
0.0,130,1.416024
0.0,43,1.422012
0.0,124,1.439334
0.0,27,1.443097
0.0,16,1.44532
0.0,227,1.477091
0.0,9,1.47835
0.0,49,1.485124
0.0,10,1.48651
0.0,29,1.490547
0.0,158,1.512527
0.0,21,1.515432
0.0,34,1.520142
0.0,98,1.533756
0.0,96,1.547086
0.0,13,1.548899
0.0,28,1.552777
0.0,65,1.561784
1.0,185,1.587359
0.0,30,1.591505
0.0,60,1.599805
0.0,14,1.601746
0.0,11,1.603271
0.0,7,1.604243
0.0,14,1.606184
0.0,19,1.608808
0.0,25,1.612249
0.0,9,1.613501
0.0,5,1.614187
0.0,10,1.615571
0.0,8,1.616683
0.0,69,1.626256
0.0,48,1.6329
0.0,7,1.633872
0.0,29,1.637882
0.0,17,1.64023
0.0,7,1.641204
0.0,10,1.64258
0.0,6,1.643417
0.0,3,1.643836
0.0,8,1.644943
0.0,6,1.645779
0.0,28,1.649656
0.0,4,1.650215
0.0,13,1.652036
0.0,13,1.65383
0.0,89,1.665879
0.0,47,1.672356
0.0,7,1.673443
0.0,5,1.674141
0.0,25,1.677504
0.0,11,1.679012
1.0,51,1.685862
0.0,37,1.690948
1.0,68,1.700004
0.0,81,1.711155
0.0,7,1.712123
0.0,125,1.729311
0.0,26,1.732891
0.0,45,1.739031
0.0,31,1.743297
0.0,75,1.753634
0.0,72,1.763543
0.0,2,1.763824
0.0,28,1.76766
0.0,144,1.787508
0.0,82,1.798557
0.0,56,1.806221
1.0,30,1.810331
0.0,5,1.811015
0.0,5,1.811714
0.0,35,1.816557
0.0,79,1.82749
0.0,15,1.829564
0.0,13,1.831363
0.0,5,1.832058
0.0,36,1.83693
0.0,20,1.839666
0.0,4,1.840222
0.0,4,1.840779
0.0,10,1.84216
0.0,56,1.849776
0.0,234,1.881888
0.0,49,1.888681
0.0,17,1.891029
0.0,18,1.893509
0.0,3,1.893923
0.0,10,1.895303
0.0,3,1.895715
0.0,79,1.906584
0.0,15,1.908652
0.0,38,1.913888
0.0,14,1.915823
0.0,23,1.918981
0.0,8,1.920083
0.0,17,1.922419
0.0,26,1.926
0.0,43,1.931928
0.0,32,1.936326
0.0,29,1.940307
1.0,160,1.962269
0.0,59,1.970423
0.0,55,1.977937
0.0,14,1.979866
0.0,5,1.980555
0.0,232,2.01247
0.0,65,2.021414
0.0,4,2.021972
0.0,12,2.023624
0.0,196,2.050675
0.0,27,2.05439
0.0,33,2.058945
0.0,57,2.066781
0.0,9,2.067989
1.0,28,2.071759
0.0,6,2.072576
0.0,10,2.073959
0.0,8,2.075065
0.0,8,2.076171
0.0,33,2.080725
0.0,38,2.08587
0.0,11,2.087389
0.0,11,2.088904
0.0,6,2.089731
0.0,22,2.092754
0.0,14,2.094702
0.0,42,2.100482
0.0,38,2.105724
0.0,4,2.106277
0.0,116,2.122114
1.0,78,2.132781
0.0,41,2.138399
0.0,22,2.141421
0.0,7,2.142385
0.0,3,2.142802
0.0,3,2.143221
0.0,4,2.143773
0.0,99,2.157326
0.0,10,2.158702
0.0,15,2.160789
0.0,50,2.167688
0.0,115,2.183491
0.0,27,2.187209
0.0,79,2.198122
1.0,120,2.214601
0.0,21,2.217426
0.0,20,2.220136
1.0,47,2.226512
0.0,7,2.227445
0.0,14,2.229344
0.0,23,2.232491
0.0,10,2.233838
0.0,149,2.254358
0.0,44,2.260418
0.0,7,2.261373
0.0,22,2.264401
0.0,81,2.275562
0.0,5,2.276255
0.0,32,2.280689
0.0,10,2.282068
0.0,65,2.291016
0.0,4,2.291574
0.0,38,2.296805
0.0,10,2.298177
0.0,6,2.299004
0.0,8,2.300098
0.0,4,2.300651
0.0,4,2.301206
0.0,45,2.307388
0.0,47,2.313852
0.0,57,2.321708
0.0,102,2.335712
1.0,65,2.344597
0.0,47,2.351071
0.0,32,2.355462
0.0,18,2.357936
1.0,27,2.361617
0.0,31,2.365855
0.0,16,2.368043
0.0,37,2.373028
0.0,23,2.376148
0.0,92,2.388713
0.0,65,2.397667
0.0,127,2.415229
1.0,34,2.419796
0.0,4,2.420351
0.0,26,2.423873
0.0,57,2.43171
0.0,5,2.432397
0.0,39,2.437756
0.0,144,2.457626
1.0,37,2.462704
0.0,11,2.4642
0.0,9,2.465426
0.0,7,2.466376
1.0,43,2.472573
0.0,8,2.473659
0.0,3,2.474076
0.0,43,2.480027
0.0,96,2.493344
0.0,40,2.498752
0.0,47,2.505237
0.0,138,2.524321
0.0,28,2.528181
0.0,19,2.530804
0.0,8,2.531907
0.0,33,2.536426
0.0,18,2.538892
0.0,74,2.549144
0.0,11,2.550663
0.0,66,2.559641
0.0,45,2.565821
0.0,9,2.567074
0.0,175,2.591223
0.0,21,2.594126
1.0,54,2.601522
0.0,204,2.629391
0.0,185,2.654906
0.0,23,2.658074
0.0,89,2.670187
0.0,19,2.672817
0.0,39,2.678202
0.0,30,2.682337
0.0,13,2.684128
0.0,16,2.686334
0.0,43,2.692273
0.0,7,2.693239
0.0,11,2.69476
0.0,35,2.699581
0.0,10,2.700959
0.0,12,2.702623
0.0,42,2.708393
0.0,53,2.715711
0.0,9,2.716938
0.0,11,2.718458
0.0,9,2.719701
0.0,97,2.733077
0.0,31,2.737375
0.0,9,2.738614
0.0,109,2.753694
0.0,112,2.769457
1.0,95,2.782451
0.0,27,2.786171
0.0,43,2.792111
0.0,106,2.806761
0.0,72,2.816675
0.0,17,2.819042
1.0,52,2.826
1.0,44,2.831897
1.0,20,2.834583
0.0,4,2.835138
0.0,19,2.837748
0.0,8,2.838833
0.0,10,2.840173
0.0,42,2.845942
0.0,3,2.846361
0.0,90,2.858775
0.0,40,2.864292
1.0,55,2.871839
0.0,17,2.874183
0.0,34,2.878872
0.0,49,2.885568
0.0,6,2.886393
0.0,3,2.88681
0.0,16,2.88901
0.0,11,2.890533
0.0,3,2.890951
0.0,33,2.895507
0.0,66,2.904617
0.0,74,2.914804
0.0,79,2.9257
0.0,75,2.935932
0.0,40,2.941422
1.0,26,2.944914
1.0,39,2.950094
1.0,29,2.953943
0.0,14,2.955843
0.0,26,2.959355
0.0,5,2.960039
0.0,26,2.963571
1.0,22,2.966526
1.0,13,2.968265
0.0,44,2.974269
1.0,20,2.976962
0.0,41,2.982448
0.0,21,2.98533
0.0,23,2.988418
0.0,9,2.989634
0.0,8,2.990715
0.0,9,2.991941
1.0,49,2.998547
1.0,25,3.001913
1.0,25,3.005255
0.0,30,3.009282
0.0,54,3.016643
1.0,33,3.021088
0.0,9,3.022318
0.0,7,3.023273
0.0,112,3.0387
0.0,54,3.04615
0.0,156,3.067665
0.0,10,3.069032
0.0,29,3.072993
0.0,58,3.080827
0.0,15,3.082867
0.0,33,3.087425
0.0,18,3.0899
0.0,11,3.09138
0.0,5,3.092069
0.0,59,3.100225
0.0,20,3.102986
0.0,85,3.114722
0.0,25,3.118173
0.0,7,3.119137
0.0,5,3.119818
0.0,23,3.122959
0.0,69,3.132392
0.0,9,3.133646
0.0,5,3.134334
0.0,11,3.135837
0.0,36,3.140774
0.0,68,3.150161
0.0,41,3.155807
0.0,19,3.158425
0.0,58,3.166407
0.0,61,3.174577
0.0,93,3.187156
0.0,107,3.201954
1.0,44,3.207969
0.0,7,3.20892
0.0,20,3.211641
1.0,80,3.222559
0.0,5,3.223254
0.0,34,3.227917
0.0,6,3.228744
1.0,378,3.280536
0.0,69,3.289969
0.0,4,3.290527
1.0,57,3.298352
0.0,36,3.303316
0.0,53,3.310611
0.0,48,3.317152
0.0,15,3.319203
0.0,10,3.320575
0.0,10,3.321956
0.0,11,3.32347
0.0,4,3.324023
0.0,62,3.332619
0.0,141,3.351846
0.0,6,3.352668
0.0,54,3.360079
1.0,83,3.371366
0.0,61,3.379793
0.0,65,3.388763
0.0,39,3.39415
0.0,13,3.395963
0.0,11,3.397481
0.0,20,3.400222
0.0,12,3.401882
0.0,16,3.404074
0.0,19,3.406693
0.0,12,3.408351
0.0,80,3.419363
0.0,13,3.421152
0.0,272,3.458604
0.0,139,3.478167
0.0,11,3.479687
0.0,39,3.485062
0.0,78,3.495809
0.0,57,3.503593
0.0,51,3.510599
0.0,10,3.511979
0.0,13,3.51377
0.0,27,3.517485
0.0,12,3.519138
0.0,17,3.521479
0.0,17,3.523824
0.0,37,3.52894
0.0,12,3.530594
0.0,38,3.535818
0.0,13,3.537608
0.0,86,3.549413
0.0,22,3.552457
0.0,114,3.568007
0.0,81,3.579156
0.0,8,3.580258
0.0,40,3.585772
0.0,28,3.589629
0.0,54,3.597042
0.0,22,3.600075
0.0,15,3.602149
0.0,117,3.61833
0.0,8,3.619435
0.0,74,3.629677
0.0,7,3.630635
0.0,123,3.647479
0.0,19,3.650125
0.0,22,3.653154
0.0,63,3.661864
0.0,3,3.662287
0.0,4,3.662841
0.0,33,3.667386
0.0,47,3.673856
0.0,77,3.684481
0.0,4,3.685034
0.0,13,3.686823
0.0,65,3.695769
0.0,15,3.697827
1.0,104,3.71208
1.0,30,3.716163
0.0,17,3.718472
1.0,33,3.722844
0.0,5,3.723533
0.0,8,3.724625
0.0,14,3.72654
0.0,36,3.73137
0.0,11,3.732887
0.0,7,3.733853
0.0,19,3.73647
0.0,124,3.753561
0.0,22,3.756591
0.0,7,3.757594
0.0,75,3.767945
0.0,33,3.7725
0.0,21,3.775406
1.0,185,3.800894
0.0,11,3.802424
0.0,24,3.805738
0.0,18,3.808213
0.0,20,3.810948
1.0,200,3.838296
0.0,48,3.844912
0.0,66,3.853989
0.0,30,3.858147
0.0,32,3.86255
0.0,21,3.86545
0.0,8,3.866554
0.0,20,3.869317
0.0,46,3.875664
0.0,33,3.880208
0.0,80,3.891251
0.0,34,3.895894
0.0,5,3.896585
0.0,83,3.908047
0.0,58,3.91602
0.0,11,3.917528
0.0,312,3.960613
0.0,21,3.963492
1.0,48,3.96998
0.0,13,3.971764
1.0,34,3.976406
0.0,10,3.977751
0.0,11,3.979248
0.0,6,3.980085
0.0,39,3.985357
0.0,15,3.987392
0.0,10,3.988768
1.0,22,3.991727
0.0,4,3.992282
0.0,6,3.993111
0.0,4,3.993669
0.0,32,3.99807
0.0,11,3.999584
0.0,14,4.001526
0.0,108,4.01647
0.0,108,4.031344
0.0,16,4.033561
0.0,34,4.038278
0.0,18,4.040759
0.0,96,4.054107
1.0,287,4.093765
0.0,50,4.100653
0.0,84,4.112249
0.0,111,4.127632
0.0,49,4.13427
0.0,151,4.155129
0.0,9,4.156381
0.0,19,4.159003
0.0,19,4.161619
0.0,63,4.170297
0.0,28,4.174182
0.0,20,4.176952
0.0,29,4.180942
0.0,64,4.189784
0.0,77,4.200207
0.0,12,4.201878
0.0,15,4.203952
0.0,7,4.204921
0.0,9,4.206156
0.0,29,4.210165
1.0,114,4.225834
0.0,37,4.230943
0.0,69,4.240475
0.0,6,4.241309
0.0,50,4.248165
0.0,104,4.262651
0.0,48,4.269291
0.0,37,4.274358
0.0,6,4.275188
0.0,113,4.290835
0.0,53,4.298148
0.0,47,4.304664
0.0,67,4.313913
0.0,91,4.326549
0.0,100,4.340383
1.0,97,4.353434
0.0,29,4.357412
0.0,78,4.368188
0.0,105,4.382661
0.0,30,4.386785
0.0,11,4.388282
0.0,15,4.390338
0.0,47,4.396843
0.0,58,4.404882
0.0,25,4.408307
0.0,8,4.40941
0.0,76,4.419796
0.0,28,4.423603
0.0,20,4.426289
0.0,72,4.436097
0.0,34,4.440773
0.0,13,4.442569
0.0,74,4.452757
0.0,9,4.453998
1.0,75,4.464217
0.0,3,4.464634
0.0,3,4.465054
0.0,29,4.469064
0.0,16,4.47128
1.0,113,4.487132
0.0,14,4.489065
0.0,25,4.492513
0.0,108,4.507277
0.0,42,4.513069
0.0,196,4.53989
1.0,268,4.576546
0.0,161,4.598528
0.0,27,4.602143
0.0,13,4.603932
0.0,3,4.604344
0.0,27,4.608059
0.0,23,4.611213
0.0,50,4.618069
0.0,8,4.619169
0.0,16,4.621348
0.0,8,4.622458
0.0,7,4.623428
0.0,9,4.624673
0.0,5,4.625367
0.0,3,4.625786
0.0,3,4.626204
0.0,230,4.657775
1.0,21,4.660626
0.0,66,4.669684
0.0,7,4.670646
0.0,38,4.675821
0.0,5,4.676513
0.0,4,4.677064
1.0,18,4.679488
0.0,29,4.683357
1.0,26,4.686826
0.0,21,4.689622
0.0,7,4.690579
0.0,5,4.69127
0.0,27,4.694969
0.0,44,4.701018
0.0,16,4.703214
0.0,26,4.706739
0.0,38,4.711942
1.0,27,4.715647
1.0,50,4.72238
1.0,26,4.725864
0.0,6,4.726704
0.0,17,4.728969
0.0,17,4.731249
0.0,4,4.731809
0.0,52,4.738866
0.0,62,4.747438
0.0,3,4.747859
0.0,71,4.757612
0.0,8,4.758724
0.0,10,4.760084
0.0,13,4.761843
0.0,27,4.7655
0.0,13,4.767235
0.0,12,4.768856
1.0,35,4.773527
0.0,336,4.819537
1.0,60,4.827708
0.0,11,4.829185
0.0,29,4.833115
0.0,7,4.834081
0.0,4,4.834635
0.0,5,4.835331
0.0,31,4.83961
0.0,10,4.840996
0.0,115,4.856811
0.0,28,4.86062
0.0,74,4.870822
0.0,11,4.872349
0.0,55,4.879886
0.0,9,4.881133
0.0,4,4.881692
0.0,62,4.890227
0.0,9,4.891478
0.0,52,4.898638
0.0,55,4.906209
0.0,27,4.909928
0.0,82,4.921248
0.0,59,4.929354
0.0,39,4.93472
1.0,90,4.946961
1.0,60,4.955126
0.0,7,4.956087
0.0,16,4.95828
1.0,106,4.972617
0.0,18,4.975113
1.0,21,4.97794
0.0,3,4.978349
0.0,11,4.979845
0.0,12,4.981476
0.0,22,4.984461
0.0,99,4.997922
0.0,45,5.004044
0.0,26,5.007573
0.0,5,5.008258
0.0,5,5.008954
0.0,29,5.012956
0.0,149,5.033393
0.0,59,5.041547
0.0,52,5.048698
0.0,8,5.049796
0.0,9,5.051033
0.0,100,5.06481
0.0,30,5.068916
0.0,133,5.087196
0.0,10,5.08858
0.0,33,5.093102
0.0,180,5.117379
0.0,89,5.129596
0.0,33,5.134068
0.0,162,5.156269
0.0,57,5.164044
0.0,16,5.166246
0.0,109,5.181219
0.0,69,5.190695
1.0,63,5.199262
1.0,65,5.208016
1.0,58,5.2157
1.0,70,5.225047
0.0,25,5.228383
0.0,10,5.229731
0.0,18,5.232215
0.0,20,5.23496
1.0,95,5.24788
1.0,17,5.250138
0.0,3,5.250555
1.0,34,5.255129
0.0,98,5.268292
1.0,15,5.2703
0.0,7,5.271247
1.0,25,5.274569
1.0,57,5.282174
0.0,47,5.288497
1.0,34,5.293079
0.0,58,5.300885
0.0,17,5.303205
0.0,70,5.312728
1.0,47,5.319078
1.0,44,5.325032
0.0,4,5.325593
0.0,6,5.326424
0.0,42,5.332143
0.0,4,5.332698
0.0,56,5.340337
0.0,8,5.341418
0.0,10,5.34278
0.0,258,5.378041
0.0,18,5.380503
0.0,8,5.381589
0.0,28,5.385417
0.0,21,5.388266
0.0,8,5.389353
0.0,38,5.394494
0.0,19,5.397083
0.0,21,5.399956
0.0,4,5.400515
0.0,28,5.404323
0.0,20,5.407068
0.0,50,5.413904
0.0,52,5.420952
0.0,10,5.42231
0.0,6,5.423122
1.0,103,5.437231
1.0,82,5.448446
0.0,33,5.452894
0.0,57,5.460721
0.0,24,5.464032
0.0,6,5.464863
0.0,5,5.465558
0.0,9,5.466786
0.0,4,5.467344
0.0,6,5.468172
0.0,160,5.490385
0.0,57,5.498219
1.0,155,5.519613
0.0,50,5.526446
1.0,20,5.529181
0.0,55,5.536731
1.0,35,5.541488
0.0,43,5.547379
1.0,34,5.552028
0.0,12,5.553691
0.0,14,5.555617
0.0,22,5.558567
0.0,7,5.559524
0.0,39,5.564758
1.0,58,5.572769
1.0,43,5.578575
0.0,23,5.581686
0.0,14,5.583614
1.0,44,5.589587
0.0,41,5.595154
1.0,35,5.599865
1.0,28,5.603626
1.0,23,5.606706
0.0,23,5.609787
0.0,28,5.61357
0.0,42,5.619284
1.0,158,5.640658
0.0,13,5.642462
0.0,59,5.650392
0.0,16,5.652555
1.0,127,5.669782
0.0,28,5.673639
1.0,26,5.677184
1.0,24,5.680439
0.0,15,5.682478
0.0,3,5.682894
0.0,61,5.691222
0.0,15,5.693257
0.0,90,5.705706
0.0,20,5.708436
0.0,5,5.709124
1.0,663,5.800607
0.0,6,5.801425
0.0,8,5.802513
0.0,9,5.803729
1.0,29,5.807689
0.0,5,5.80838
0.0,15,5.810438
0.0,24,5.813696
1.0,29,5.817613
1.0,47,5.824016
0.0,7,5.82497
0.0,88,5.836903
0.0,41,5.842485
1.0,17,5.844753
0.0,12,5.846371
0.0,3,5.846787
0.0,69,5.856239
0.0,28,5.860078
0.0,19,5.862667
0.0,65,5.871372
0.0,17,5.873703
0.0,207,5.902114
0.0,43,5.908018
0.0,203,5.936539
0.0,50,5.943452
0.0,36,5.948346
0.0,85,5.960024
0.0,98,5.973375
0.0,73,5.983292
0.0,13,5.985023
1.0,38,5.990135
0.0,46,5.996337
0.0,5,5.997027
0.0,51,6.004034
1.0,70,6.013638
0.0,16,6.0158
0.0,23,6.018896
0.0,56,6.026455
0.0,77,6.036913
0.0,66,6.045912
0.0,5,6.046597
0.0,68,6.055931
0.0,6,6.056755
0.0,5,6.057437
0.0,61,6.065727
0.0,22,6.068731
0.0,7,6.069692
0.0,117,6.08575
0.0,216,6.115353
0.0,68,6.124713
0.0,28,6.128567
0.0,147,6.148723
0.0,25,6.152145
0.0,46,6.158447
0.0,38,6.163629
0.0,4,6.164194
0.0,51,6.171208
0.0,10,6.172585
0.0,149,6.19292
1.0,109,6.207847
0.0,108,6.222629
0.0,21,6.225468
0.0,49,6.232194
0.0,75,6.242375
0.0,6,6.243202
0.0,13,6.244956
0.0,3,6.245376
0.0,37,6.250443
0.0,25,6.253869
1.0,39,6.259186
1.0,39,6.264496
1.0,30,6.268588
0.0,34,6.273229
1.0,33,6.277688
0.0,32,6.281899
0.0,56,6.289514
0.0,24,6.292801
1.0,41,6.29826
0.0,4,6.298821
0.0,7,6.299775
0.0,20,6.302478
1.0,47,6.308783
0.0,10,6.310136
1.0,42,6.315793
1.0,132,6.333806
0.0,23,6.336925
0.0,17,6.339247
0.0,7,6.340206
0.0,96,6.353423
0.0,59,6.361469
0.0,48,6.368057
0.0,30,6.372175
0.0,35,6.376938
0.0,4,6.377493
0.0,3,6.377904
0.0,64,6.386712
0.0,103,6.400875
0.0,40,6.406384
0.0,38,6.411501
0.0,61,6.419865
0.0,12,6.421486
0.0,14,6.423422
0.0,40,6.428953
1.0,102,6.442986
0.0,14,6.444917
1.0,42,6.45065
0.0,12,6.452311
0.0,17,6.454648
0.0,27,6.458296
0.0,14,6.460237
0.0,18,6.462712
0.0,57,6.470307
0.0,24,6.473613
0.0,43,6.479554
0.0,46,6.486118
0.0,65,6.49493
0.0,25,6.498383
0.0,90,6.510803
0.0,10,6.512158
0.0,33,6.516707
0.0,38,6.521937
0.0,20,6.524698
0.0,17,6.527049
0.0,29,6.531062
0.0,12,6.532688
0.0,34,6.537243
0.0,23,6.540377
0.0,29,6.544301
0.0,8,6.545392
1.0,26,6.548899
1.0,42,6.55465
0.0,8,6.555753
0.0,7,6.556702
0.0,33,6.561278
0.0,23,6.5644
0.0,16,6.566609
1.0,171,6.590075
0.0,2,6.590357
0.0,28,6.594211
0.0,14,6.596124
0.0,16,6.598319
0.0,45,6.604554
0.0,32,6.608978
1.0,10,6.610331
1.0,27,6.61404
0.0,18,6.616502
0.0,23,6.619593
0.0,7,6.620553
0.0,41,6.626081
0.0,7,6.627035
0.0,97,6.640424
0.0,17,6.642758
0.0,37,6.647867
1.0,25,6.651288
0.0,22,6.654318
0.0,15,6.656372
1.0,31,6.66061
0.0,20,6.663261
1.0,27,6.66689
1.0,18,6.669319
0.0,47,6.67562
0.0,16,6.677783
0.0,4,6.67834
0.0,43,6.684276
0.0,130,6.702247
0.0,6,6.703077
0.0,43,6.708861
1.0,26,6.712343
0.0,55,6.719897
0.0,5,6.720591
0.0,6,6.721413
0.0,30,6.725438
0.0,39,6.730844
0.0,58,6.738875
0.0,32,6.743276
0.0,3,6.743695
0.0,139,6.762828
0.0,6,6.763641
0.0,7,6.764592
0.0,24,6.767897
0.0,7,6.768877
0.0,56,6.77661
0.0,45,6.782811
0.0,38,6.788066
0.0,19,6.790681
0.0,107,6.805169
0.0,38,6.810418
0.0,40,6.815937
0.0,57,6.823822
0.0,24,6.827129
0.0,9,6.828371
0.0,16,6.830585
0.0,25,6.834037
1.0,33,6.838546
0.0,14,6.840483
0.0,17,6.842839
0.0,103,6.857056
0.0,23,6.860232
0.0,45,6.86643
0.0,5,6.867121
0.0,30,6.871265
0.0,115,6.886998
0.0,21,6.889902
0.0,12,6.891559
0.0,12,6.893212
0.0,4,6.893764
0.0,23,6.896917
0.0,7,6.897876
0.0,5,6.898577
0.0,3,6.898985
0.0,11,6.900502
0.0,60,6.908769
0.0,4,6.909326
0.0,5,6.910021
0.0,4,6.910578
0.0,4,6.911143
0.0,3,6.911578
1.0,149,6.931883
0.0,11,6.933398
0.0,4,6.933958
0.0,22,6.936991
0.0,49,6.94373
0.0,7,6.944698
1.0,34,6.949295
0.0,45,6.955521
0.0,47,6.961888
1.0,40,6.967307
1.0,31,6.971503
1.0,50,6.97819
0.0,40,6.983692
0.0,68,6.993028
0.0,6,6.993849
0.0,14,6.995786
1.0,69,7.005143
0.0,10,7.006521
0.0,2,7.006801
1.0,34,7.011421
0.0,7,7.012381
0.0,19,7.014962
0.0,9,7.016197
0.0,10,7.017556
0.0,3,7.017972
0.0,66,7.027046
0.0,115,7.042743
0.0,14,7.044694
0.0,95,7.057877
0.0,31,7.062162
0.0,36,7.067042
0.0,40,7.072552
0.0,116,7.088654
0.0,35,7.093497
0.0,40,7.099028
0.0,14,7.100953
0.0,54,7.108414
0.0,29,7.112362
0.0,454,7.175028
0.0,43,7.180982
1.0,52,7.187929
0.0,14,7.189851
0.0,11,7.191372
0.0,7,7.192342
0.0,11,7.193856
0.0,149,7.214475
0.0,103,7.228676
0.0,21,7.231586
0.0,28,7.235449
0.0,35,7.240288
0.0,29,7.244299
0.0,21,7.247196
0.0,103,7.261458
0.0,33,7.26602
1.0,118,7.282289
0.0,49,7.288879
0.0,4,7.289431
0.0,22,7.292404
1.0,141,7.311681
0.0,139,7.330659
1.0,196,7.357527
0.0,6,7.358363
0.0,12,7.35998
0.0,10,7.361322
0.0,21,7.364155
0.0,14,7.36605
0.0,28,7.369901
0.0,7,7.37086
0.0,168,7.393959
1.0,155,7.415229
0.0,26,7.418671
1.0,37,7.4236
0.0,19,7.42615
0.0,9,7.427373
0.0,27,7.431002
1.0,33,7.435436
0.0,89,7.447557
0.0,18,7.450006
0.0,17,7.452338
1.0,60,7.46058
0.0,20,7.463289
0.0,40,7.468706
1.0,88,7.480751
0.0,6,7.481577
1.0,46,7.487799
0.0,19,7.490537
1.0,18,7.493112
1.0,16,7.495258
0.0,11,7.496745
1.0,31,7.500957
0.0,12,7.502573
0.0,5,7.503255
0.0,6,7.50408
0.0,3,7.504493
0.0,16,7.506697
0.0,15,7.508743
1.0,19,7.511319
0.0,9,7.51254
0.0,10,7.513882
0.0,18,7.516334
0.0,5,7.517021
1.0,186,7.542387
1.0,17,7.544669
0.0,3,7.545088
1.0,43,7.55093
1.0,52,7.558001
1.0,46,7.564214
1.0,31,7.568433
1.0,8,7.569525
0.0,10,7.570864
0.0,14,7.572755
0.0,32,7.577106
0.0,21,7.579951
0.0,9,7.581185
0.0,8,7.582273
0.0,5,7.58296
0.0,66,7.591875
0.0,18,7.594302
0.0,46,7.600616
1.0,72,7.610327
0.0,10,7.611689
1.0,20,7.61438
0.0,27,7.618067
0.0,10,7.619441
1.0,82,7.630525
0.0,11,7.632006
0.0,40,7.637516
1.0,201,7.66486
1.0,30,7.668916
0.0,9,7.670147
0.0,11,7.671633
0.0,4,7.672191
0.0,22,7.675187
0.0,6,7.67601
0.0,6,7.676843
0.0,9,7.678087
0.0,4,7.67865
0.0,4,7.679205
0.0,42,7.68492
0.0,34,7.689539
0.0,6,7.690371
0.0,22,7.693408
0.0,4,7.693966
0.0,8,7.695074
0.0,24,7.698382
0.0,19,7.701007
0.0,34,7.705691
0.0,5,7.706377
0.0,3,7.706794
0.0,3,7.707214
0.0,110,7.722372
0.0,42,7.72816
1.0,100,7.74194
0.0,47,7.748359
0.0,20,7.751119
1.0,64,7.759777
0.0,7,7.760744
1.0,31,7.764973
0.0,21,7.767813
0.0,16,7.76998
0.0,7,7.770932
0.0,26,7.774447
0.0,27,7.778064
0.0,16,7.780201
0.0,30,7.784247
1.0,33,7.788757
0.0,59,7.796732
0.0,32,7.801108
1.0,106,7.815646
0.0,6,7.816467
0.0,4,7.817023
0.0,55,7.824617
0.0,47,7.831102
0.0,19,7.833727
0.0,29,7.837718
0.0,37,7.842827
0.0,25,7.846263
0.0,12,7.847922
0.0,107,7.862706
0.0,18,7.865181
1.0,80,7.876089
0.0,55,7.883704
0.0,12,7.885367
1.0,109,7.900295
0.0,13,7.90208
0.0,6,7.902907
0.0,3,7.903324
0.0,72,7.913199
0.0,43,7.919127
0.0,47,7.925587
0.0,56,7.933332
0.0,30,7.937487
0.0,43,7.943353
0.0,122,7.960153
0.0,44,7.966213
1.0,56,7.973882
0.0,31,7.978103
0.0,48,7.984722
0.0,24,7.988035
0.0,24,7.991338
0.0,31,7.995616
0.0,187,8.021287
0.0,32,8.025678
0.0,44,8.031727
0.0,2,8.032011
0.0,30,8.036121
0.0,21,8.039022
0.0,19,8.041653
1.0,93,8.054111
0.0,45,8.060221
0.0,45,8.06633
0.0,28,8.070249
0.0,25,8.073707
0.0,24,8.077028
0.0,68,8.086434
0.0,42,8.092159
0.0,5,8.092852
0.0,79,8.103813
0.0,113,8.119357
0.0,106,8.133785
0.0,20,8.136572
0.0,49,8.143296
0.0,7,8.144265
0.0,7,8.145235
0.0,19,8.147872
0.0,7,8.148846
0.0,132,8.167002
0.0,45,8.173178
0.0,52,8.180364
0.0,18,8.182837
0.0,55,8.190443
0.0,20,8.193207
0.0,63,8.201929
0.0,4,8.202486
0.0,76,8.212908
0.0,42,8.218701
0.0,68,8.228081
0.0,39,8.233458
0.0,32,8.237886
0.0,22,8.240914
0.0,48,8.247635
0.0,37,8.252734
0.0,22,8.25576
0.0,3,8.256175
0.0,5,8.256865
0.0,11,8.258387
0.0,22,8.261424
0.0,15,8.26349
0.0,11,8.26501
0.0,103,8.279232
0.0,18,8.281747
0.0,37,8.286899
0.0,69,8.296329
0.0,5,8.297014
0.0,3,8.297436
0.0,3,8.297852
0.0,3,8.298294
0.0,54,8.305793
0.0,4,8.306354
0.0,48,8.313
1.0,135,8.331675
0.0,18,8.334164
0.0,15,8.336245
0.0,13,8.338044
0.0,27,8.34177
0.0,7,8.342741
0.0,14,8.344679
0.0,15,8.346757
0.0,27,8.35055
0.0,10,8.351935
0.0,13,8.353735
0.0,15,8.355811
0.0,17,8.358159
0.0,13,8.359974
0.0,10,8.361363
0.0,13,8.363166
0.0,82,8.374522
0.0,27,8.378183
0.0,86,8.390093
0.0,14,8.392028
0.0,6,8.392857
0.0,13,8.394653
0.0,5,8.395346
0.0,18,8.397847
0.0,43,8.403709
0.0,22,8.406723
0.0,15,8.408803
0.0,13,8.410606
0.0,57,8.418508
0.0,40,8.424039
0.0,28,8.427909
0.0,63,8.436625
0.0,33,8.441179
0.0,142,8.460703
0.0,128,8.478301
0.0,45,8.484474
0.0,90,8.49708
0.0,13,8.498879
0.0,20,8.501636
0.0,113,8.517229
0.0,10,8.518615
1.0,96,8.531833
0.0,63,8.540464
0.0,113,8.556121
0.0,56,8.563845
0.0,41,8.569518
0.0,164,8.592045
1.0,166,8.614883
0.0,10,8.616268
0.0,24,8.619595
1.0,246,8.653343
0.0,70,8.662974
0.0,86,8.674896
0.0,79,8.685804
1.0,113,8.701454
0.0,10,8.702821
0.0,19,8.705468
0.0,9,8.706718
0.0,12,8.708381
0.0,37,8.713425
0.0,20,8.716209
0.0,14,8.718147
0.0,11,8.719667
0.0,9,8.720918
0.0,9,8.722166
0.0,15,8.724244
0.0,22,8.72732
0.0,101,8.741269
0.0,42,8.74709
1.0,69,8.75647
0.0,34,8.761174
0.0,190,8.787245
0.0,39,8.792602
0.0,88,8.804675
0.0,6,8.805505
0.0,48,8.812115
0.0,104,8.826477
0.0,132,8.844668
0.0,5,8.845359
0.0,47,8.851781
0.0,16,8.853968
0.0,3,8.854382
0.0,28,8.858224
0.0,28,8.862102
0.0,87,8.874136
0.0,5,8.874825
1.0,29,8.878706
0.0,9,8.879931
0.0,10,8.881289
0.0,4,8.881843
0.0,26,8.88532
0.0,5,8.886002
0.0,14,8.88793
0.0,40,8.893353
0.0,22,8.896383
0.0,24,8.899662
0.0,189,8.925596
0.0,117,8.941707
0.0,25,8.945118
0.0,269,8.982297
0.0,40,8.987824
0.0,4,8.988385
0.0,161,9.010373
1.0,140,9.029643
0.0,28,9.033468
0.0,88,9.045583
0.0,20,9.048332
0.0,13,9.050118
0.0,62,9.058711
0.0,230,9.090503
1.0,54,9.097946
1.0,60,9.106107
0.0,3,9.106527
0.0,89,9.118809
0.0,121,9.135563
0.0,73,9.145672
0.0,53,9.153014
0.0,9,9.154262
0.0,25,9.157712
0.0,56,9.165464
0.0,54,9.172913
1.0,58,9.180891
0.0,20,9.183652
0.0,8,9.18476
0.0,9,9.186002
0.0,34,9.190711
0.0,252,9.225412
0.0,16,9.227636
0.0,47,9.234088
0.0,21,9.236978
0.0,31,9.241253
0.0,25,9.2447
0.0,31,9.248979
0.0,15,9.251048
0.0,33,9.255616
0.0,14,9.257538
0.0,16,9.259753
0.0,35,9.264578
0.0,27,9.268302
0.0,5,9.268996
0.0,7,9.269967
0.0,29,9.273975
0.0,69,9.28346
0.0,4,9.284017
0.0,70,9.293484
0.0,7,9.294455
0.0,15,9.296525
0.0,8,9.297625
0.0,12,9.299275
0.0,6,9.300104
0.0,6,9.300938
0.0,6,9.301767
0.0,11,9.303288
0.0,69,9.312684
0.0,44,9.318693
0.0,9,9.319937
0.0,90,9.33216
0.0,26,9.335744
0.0,98,9.349218
0.0,37,9.354294
0.0,60,9.362526
0.0,22,9.365571
0.0,40,9.371099
0.0,18,9.373596
0.0,29,9.377597
0.0,33,9.382151
0.0,21,9.385087
0.0,35,9.38994
0.0,29,9.393915
0.0,17,9.396181
0.0,5,9.396863
1.0,53,9.403954
0.0,131,9.4217
0.0,6,9.422528
0.0,6,9.423342
1.0,35,9.428071
0.0,55,9.435409
0.0,14,9.437331
0.0,34,9.441914
1.0,37,9.446847
0.0,4,9.447402
0.0,3,9.447817
0.0,5,9.448505
0.0,158,9.470238
0.0,45,9.476283
0.0,26,9.479783
1.0,23,9.482907
0.0,5,9.483593
0.0,14,9.485485
1.0,122,9.502422
0.0,5,9.503111
0.0,16,9.505263
0.0,32,9.509664
1.0,111,9.524815
0.0,7,9.525771
0.0,11,9.527283
0.0,7,9.528249
0.0,25,9.531649
0.0,33,9.536115
0.0,3,9.536532
0.0,79,9.547384
0.0,14,9.549317
0.0,41,9.554944
0.0,15,9.557011
0.0,130,9.574713
0.0,51,9.58166
0.0,12,9.583311
0.0,59,9.591336
0.0,4,9.591892
0.0,3,9.592308
0.0,96,9.605462
0.0,13,9.607233
0.0,88,9.619139
1.0,94,9.631988
0.0,11,9.633487
1.0,26,9.637002
0.0,45,9.643165
0.0,13,9.64492
0.0,72,9.654824
1.0,56,9.662533
1.0,78,9.673154
1.0,45,9.679218
0.0,10,9.680554
1.0,38,9.685614
0.0,3,9.686034
1.0,44,9.691911
0.0,33,9.696337
0.0,7,9.697283
0.0,7,9.698225
0.0,70,9.707802
0.0,4,9.708357
0.0,28,9.712126
0.0,11,9.71363
0.0,36,9.71858
1.0,59,9.726521
0.0,19,9.729077
0.0,18,9.731494
0.0,11,9.733025
0.0,27,9.736663
0.0,32,9.740985
0.0,9,9.742192
1.0,49,9.748842
0.0,23,9.751957
1.0,88,9.763973
0.0,44,9.769957
1.0,74,9.780074
1.0,74,9.790242
1.0,61,9.798623
1.0,98,9.81212
0.0,8,9.813194
0.0,54,9.82062
1.0,29,9.824506
0.0,34,9.829047
1.0,65,9.837944
0.0,3,9.83836
1.0,40,9.843812
0.0,7,9.844778
0.0,16,9.846916
0.0,27,9.850587
0.0,29,9.854551
1.0,36,9.859473
0.0,17,9.86179
0.0,11,9.863285
0.0,16,9.865437
0.0,13,9.867173
1.0,354,9.915868
0.0,12,9.917497
1.0,53,9.924693
1.0,77,9.935155
0.0,71,9.944739
0.0,25,9.948157
0.0,8,9.949268
0.0,21,9.952144
0.0,20,9.954903
0.0,12,9.956552
0.0,27,9.960282
0.0,42,9.966095
0.0,48,9.972732
0.0,99,9.986377
1.0,70,9.995876
0.0,32,10.000291
0.0,27,10.004021
1.0,28,10.007761
0.0,4,10.008316
1.0,89,10.020288
0.0,71,10.029804
1.0,25,10.033193
1.0,10,10.034537
0.0,48,10.040976
0.0,56,10.048566
0.0,31,10.052766
0.0,76,10.063121
0.0,80,10.074258
0.0,52,10.081376
1.0,40,10.086806
0.0,23,10.089936
0.0,48,10.096568
0.0,50,10.103489
1.0,91,10.115908
1.0,85,10.127608
0.0,11,10.129117
0.0,4,10.129677
1.0,26,10.13323
0.0,25,10.136561
0.0,57,10.144382
0.0,4,10.14494
1.0,43,10.150788
1.0,23,10.153933
0.0,83,10.165035
1.0,28,10.168859
0.0,13,10.170648
0.0,27,10.1744
1.0,30,10.178512
1.0,35,10.183262
1.0,33,10.187747
1.0,24,10.191015
0.0,18,10.193471
0.0,39,10.198867
0.0,5,10.19956
0.0,82,10.210869
0.0,19,10.213484
1.0,84,10.225065
0.0,46,10.231369
0.0,90,10.243692
0.0,37,10.248761
0.0,40,10.254209
0.0,14,10.256117
0.0,52,10.263337
0.0,46,10.269675
0.0,12,10.271312
0.0,36,10.276273
0.0,20,10.278975
0.0,68,10.288097
0.0,17,10.290422
0.0,19,10.293042
0.0,12,10.294659
0.0,12,10.29627
0.0,25,10.299711
0.0,55,10.307314
0.0,75,10.317652
0.0,27,10.321385
0.0,55,10.328975
0.0,95,10.342067
0.0,58,10.350051
1.0,73,10.360104
1.0,153,10.380874
0.0,60,10.389129
0.0,19,10.391747
0.0,128,10.409403
0.0,3,10.409817
0.0,46,10.416195
0.0,40,10.421702
0.0,31,10.42595
0.0,41,10.431621
0.0,49,10.438278
0.0,11,10.439811
0.0,66,10.448912
0.0,38,10.454016
0.0,19,10.456601
0.0,48,10.463064
0.0,10,10.464401
0.0,54,10.471848
0.0,62,10.480329
1.0,47,10.486784
0.0,3,10.487203
0.0,57,10.495098
1.0,79,10.506192
0.0,55,10.513755
1.0,89,10.525919
0.0,48,10.532538
1.0,82,10.543626
0.0,103,10.557528
0.0,38,10.56279
0.0,9,10.564024
0.0,65,10.572904
0.0,140,10.59211
0.0,30,10.596214
0.0,73,10.605991
0.0,35,10.610819
0.0,31,10.615105
1.0,89,10.627255
0.0,62,10.635786
0.0,96,10.648969
0.0,25,10.652421
0.0,100,10.66612
1.0,60,10.674257
1.0,60,10.68246
0.0,29,10.686459
0.0,25,10.689881
1.0,70,10.699413
0.0,22,10.702349
0.0,8,10.703441
0.0,72,10.713236
0.0,57,10.720987
0.0,10,10.722349
0.0,20,10.725071
0.0,84,10.7366
0.0,51,10.743529
0.0,26,10.747034
0.0,101,10.760806
0.0,132,10.778861
0.0,4,10.779415
0.0,4,10.779966
1.0,93,10.792657
0.0,23,10.795768
0.0,41,10.801376
0.0,56,10.809053
0.0,110,10.824132
0.0,198,10.851197
1.0,214,10.880386
0.0,6,10.881219
0.0,10,10.882588
1.0,238,10.915104
0.0,14,10.917018
0.0,19,10.919608
0.0,58,10.927517
0.0,12,10.92917
0.0,175,10.953198
0.0,29,10.957164
0.0,211,10.986217
0.0,179,11.010845
0.0,31,11.015112
1.0,118,11.031246
0.0,134,11.049561
0.0,24,11.052832
0.0,28,11.056623
1.0,53,11.063918
0.0,53,11.07125
1.0,124,11.088238
0.0,99,11.101792
0.0,9,11.10303
0.0,218,11.132901
0.0,12,11.134539
0.0,3,11.134958
0.0,57,11.142806
0.0,191,11.169064
0.0,69,11.178547
1.0,155,11.199825
1.0,125,11.21695
0.0,10,11.218321
0.0,90,11.230685
1.0,85,11.242191
1.0,28,11.246036
0.0,15,11.248059
1.0,44,11.254058
0.0,58,11.261846
0.0,12,11.26349
0.0,21,11.266334
1.0,37,11.271383
1.0,33,11.275863
1.0,43,11.281725
1.0,32,11.28609
0.0,31,11.290311
1.0,30,11.294434
0.0,23,11.297495
1.0,29,11.301405
0.0,33,11.305892
0.0,32,11.310243
0.0,98,11.323666
0.0,133,11.341914
0.0,57,11.349705
1.0,203,11.3774
0.0,15,11.379422
0.0,5,11.380109
0.0,13,11.381887
0.0,11,11.383408
0.0,3,11.383823
0.0,139,11.402908
0.0,58,11.410896
0.0,83,11.42234
0.0,18,11.424815
0.0,64,11.433582
0.0,162,11.455789
0.0,3,11.456208
0.0,5,11.456891
0.0,38,11.462109
0.0,9,11.463331
0.0,158,11.484995
0.0,10,11.486377
1.0,111,11.501624
0.0,133,11.520085
1.0,95,11.533029
0.0,12,11.534656
0.0,51,11.541578
0.0,18,11.544017
0.0,9,11.545261
1.0,105,11.559636
1.0,26,11.563168
0.0,14,11.565082
0.0,11,11.566599
0.0,109,11.581588
0.0,22,11.584586
0.0,28,11.588415
0.0,19,11.591032
0.0,98,11.6044
0.0,4,11.604956
0.0,11,11.606438
0.0,257,11.641608
0.0,9,11.642828
0.0,13,11.644598
0.0,6,11.645416
0.0,16,11.647596
0.0,4,11.648153
0.0,64,11.656954
0.0,48,11.663568
0.0,30,11.667677
0.0,10,11.669065
0.0,14,11.670987
0.0,44,11.677051
0.0,3,11.677469
0.0,3,11.677889
0.0,76,11.688346
0.0,89,11.700602
0.0,7,11.701576
0.0,88,11.713658
0.0,41,11.719301
0.0,18,11.721765
0.0,143,11.741394
0.0,37,11.746485
1.0,35,11.751298
0.0,22,11.754316
0.0,26,11.757897
1.0,50,11.764784
1.0,28,11.768623
1.0,24,11.771926
0.0,3,11.772342
0.0,6,11.773169
1.0,25,11.776595
1.0,98,11.789602
0.0,11,11.791112
0.0,63,11.799525
0.0,6,11.800352
0.0,9,11.801583
0.0,53,11.808818
1.0,222,11.839323
0.0,10,11.840676
0.0,21,11.843586
1.0,261,11.879325
0.0,20,11.882035
0.0,51,11.888949
0.0,11,11.890459
0.0,202,11.917988
1.0,141,11.937265
0.0,142,11.956263
0.0,58,11.96419
1.0,43,11.970022
0.0,16,11.972174
0.0,37,11.977259
0.0,26,11.980812
0.0,30,11.984939
0.0,214,12.014296
0.0,30,12.018401
0.0,75,12.028692
0.0,121,12.045245
0.0,43,12.051166
0.0,17,12.05351
0.0,78,12.064226
0.0,134,12.082541
0.0,9,12.08376
0.0,26,12.087258
0.0,51,12.094158
0.0,39,12.099488
0.0,3,12.099903
0.0,14,12.101794
0.0,4,12.102345
0.0,144,12.122038
0.0,125,12.139236
0.0,7,12.140211
0.0,20,12.142959
0.0,146,12.162954
0.0,21,12.165811
0.0,25,12.16923
1.0,69,12.178567
0.0,4,12.179121
0.0,40,12.184588
0.0,7,12.185541
0.0,221,12.215873
0.0,18,12.218318
0.0,28,12.222192
0.0,51,12.229216
0.0,11,12.230719
1.0,20,12.233389
0.0,15,12.235424
0.0,53,12.242686
0.0,171,12.266197
0.0,28,12.270067
0.0,65,12.279015
0.0,27,12.282712
0.0,13,12.284491
0.0,16,12.286687
0.0,65,12.295653
0.0,91,12.308157
0.0,34,12.312742
0.0,203,12.340575
0.0,14,12.342504
0.0,20,12.345284
0.0,6,12.346107
0.0,153,12.367209
0.0,16,12.369427
0.0,37,12.374521
0.0,12,12.376176
0.0,3,12.376597
0.0,291,12.416651
0.0,79,12.427532
0.0,73,12.437604
0.0,38,12.442832
0.0,105,12.457252
0.0,67,12.466513
0.0,34,12.471218
0.0,13,12.472994
1.0,38,12.478214
0.0,6,12.479037
0.0,47,12.485404
0.0,4,12.485953
0.0,15,12.48794
0.0,155,12.509341
0.0,13,12.51108
1.0,17,12.513698
0.0,40,12.519212
0.0,22,12.522177
1.0,39,12.527498
1.0,23,12.530646
1.0,18,12.533033
1.0,39,12.538315
0.0,9,12.539521
1.0,53,12.546664
1.0,27,12.550255
0.0,7,12.551206
0.0,3,12.551616
1.0,13,12.553353
0.0,5,12.554039
0.0,25,12.5574
0.0,3,12.557817
0.0,95,12.57073
1.0,33,12.575129
0.0,14,12.577035
0.0,3,12.577447
0.0,20,12.58015
0.0,53,12.5874
0.0,4,12.587951
0.0,17,12.590248
1.0,18,12.592687
0.0,25,12.596003
0.0,5,12.596691
0.0,12,12.598292
0.0,26,12.601784
0.0,13,12.603542
1.0,20,12.606243
0.0,5,12.606938
0.0,66,12.615852
0.0,13,12.617621
0.0,10,12.618981
0.0,64,12.627531
0.0,29,12.631469
0.0,29,12.635432
0.0,4,12.635976
0.0,22,12.6389
0.0,10,12.640244
0.0,7,12.641186
1.0,53,12.648327
0.0,13,12.650109
1.0,33,12.654634
0.0,44,12.660653
0.0,4,12.66121
0.0,30,12.665327
0.0,13,12.667096
1.0,79,12.677836
0.0,7,12.678782
0.0,34,12.683424
0.0,43,12.689252
0.0,65,12.698165
0.0,7,12.699137
0.0,75,12.709418
0.0,25,12.712846
0.0,40,12.718263
0.0,42,12.724019
1.0,75,12.734265
1.0,14,12.736142
1.0,70,12.745702
0.0,3,12.74612
0.0,76,12.756417
0.0,55,12.763958
0.0,3,12.764375
0.0,16,12.766571
0.0,23,12.769743
0.0,10,12.771119
0.0,42,12.776903
1.0,106,12.791411
0.0,77,12.801914
0.0,24,12.805171
0.0,34,12.809819
1.0,36,12.814763
0.0,3,12.81518
0.0,24,12.81841
0.0,9,12.819655
1.0,34,12.824271
0.0,4,12.824827
0.0,30,12.828927
1.0,74,12.838933
0.0,51,12.845893
0.0,38,12.851031
1.0,43,12.856845
0.0,14,12.858724
1.0,23,12.861895
1.0,39,12.867174
1.0,35,12.871935
1.0,65,12.880661
1.0,12,12.882266
0.0,17,12.884524
1.0,53,12.891672
1.0,56,12.899368
0.0,12,12.90101
1.0,36,12.905937
1.0,39,12.911275
0.0,25,12.914715
0.0,13,12.916501
0.0,56,12.924005
0.0,39,12.929283
0.0,20,12.932013
0.0,64,12.940863
0.0,39,12.946224
0.0,45,12.952412
1.0,27,12.956075
1.0,54,12.963447
1.0,38,12.968537
0.0,41,12.974184
0.0,11,12.97567
0.0,47,12.982129
0.0,46,12.988472
0.0,20,12.9912
0.0,13,12.992943
0.0,3,12.993361
0.0,52,13.000532
1.0,70,13.010067
0.0,10,13.011422
1.0,28,13.015246
0.0,25,13.018614
1.0,34,13.02321
1.0,34,13.027814
1.0,87,13.039582
1.0,18,13.042009
1.0,26,13.045532
1.0,40,13.050929
0.0,9,13.05214
0.0,6,13.052959
0.0,13,13.054713
1.0,30,13.058769
1.0,20,13.061489
1.0,20,13.064193
0.0,9,13.065409
0.0,15,13.067432
0.0,11,13.06891
1.0,38,13.074086
0.0,30,13.078165
0.0,9,13.079386
1.0,54,13.086711
1.0,33,13.091148
0.0,22,13.094053
0.0,5,13.094737
0.0,6,13.095556
1.0,36,13.100443
1.0,30,13.104434
1.0,51,13.111359
0.0,72,13.121115
0.0,10,13.12248
0.0,17,13.124795
0.0,86,13.136285
0.0,34,13.140914
0.0,30,13.144995
1.0,36,13.149896
1.0,31,13.154103
0.0,25,13.157451
1.0,40,13.162897
0.0,52,13.169968
1.0,29,13.173917
1.0,28,13.177709
0.0,17,13.180017
1.0,23,13.183149
0.0,8,13.184229
1.0,29,13.18819
0.0,14,13.190123
0.0,46,13.19624
0.0,36,13.201131
1.0,27,13.204781
1.0,38,13.209932
1.0,60,13.217997
1.0,28,13.221814
0.0,27,13.225447
0.0,27,13.229125
0.0,3,13.229532
0.0,117,13.245516
1.0,22,13.248509
0.0,108,13.263297
0.0,94,13.276273
0.0,75,13.286537
1.0,103,13.300611
1.0,60,13.308824
1.0,35,13.31358
0.0,14,13.315494
0.0,25,13.318905
0.0,79,13.329791
0.0,89,13.342119
0.0,10,13.343473
0.0,24,13.346753
0.0,36,13.351648
0.0,28,13.35543
0.0,3,13.35584
1.0,73,13.365886
0.0,72,13.375763
0.0,10,13.377123
0.0,11,13.378628
0.0,26,13.382162
0.0,7,13.383112
0.0,9,13.384347
0.0,23,13.387486
0.0,10,13.388856
0.0,19,13.391448
0.0,11,13.392954
1.0,28,13.396787
0.0,9,13.39802
1.0,90,13.410366
0.0,5,13.411052
0.0,5,13.411734
0.0,33,13.416266
0.0,10,13.417623
1.0,44,13.423571
1.0,24,13.426807
0.0,46,13.43299
0.0,41,13.438619
0.0,48,13.445096
1.0,62,13.453598
0.0,7,13.454549
0.0,25,13.457915
1.0,22,13.460844
0.0,6,13.461689
0.0,5,13.462376
1.0,130,13.479993
1.0,24,13.483194
1.0,33,13.487652
0.0,3,13.48807
0.0,27,13.491654
0.0,18,13.494127
1.0,49,13.500785
1.0,88,13.512712
0.0,27,13.516562
0.0,9,13.517947
0.0,10,13.519306
0.0,16,13.521472
0.0,108,13.53632
0.0,65,13.545158
0.0,15,13.547203
1.0,130,13.564813
1.0,33,13.569231
0.0,5,13.569915
1.0,23,13.572966
0.0,3,13.573384
0.0,31,13.57764
0.0,27,13.581315
0.0,6,13.582136
0.0,13,13.583919
0.0,9,13.585148
0.0,122,13.602033
0.0,25,13.605459
1.0,65,13.614347
1.0,15,13.61636
0.0,16,13.618498
0.0,50,13.625276
1.0,55,13.632693
0.0,4,13.633254
0.0,13,13.635022
1.0,69,13.644431
0.0,39,13.64973
0.0,6,13.650555
0.0,32,13.654924
0.0,34,13.659604
1.0,81,13.670678
1.0,113,13.686047
0.0,43,13.691949
0.0,27,13.695615
0.0,79,13.706436
0.0,18,13.708889
0.0,50,13.715624
0.0,31,13.719951
