#{"t_start": 1717167196.6376169, "env_id": "Office-single-v0"}
r,l,t
-0.01,28,0.004452
-0.01,48,0.010814
-0.01,11,0.012409
-0.01,57,0.019762
-0.01,17,0.022014
-0.01,19,0.024384
-0.01,25,0.02741
-0.01,45,0.032713
-0.01,59,0.039623
-0.01,19,0.041865
-0.01,115,0.055058
-0.01,31,0.058622
-0.01,34,0.062486
-0.01,118,0.075788
-0.01,43,0.080594
-0.01,67,0.088242
-0.01,21,0.090643
-0.01,14,0.092255
-0.01,18,0.094301
-0.01,33,0.09804
-0.01,134,0.113286
-0.01,12,0.114674
-0.01,127,0.129138
-0.01,105,0.141111
-0.01,55,0.14741
-0.01,26,0.150396
-0.01,99,0.161674
-0.01,144,0.17722
-0.01,28,0.180398
-0.01,203,0.202995
-0.01,146,0.219637
-0.01,162,0.238195
-0.01,2,0.238458
-0.01,17,0.240405
-0.01,150,0.257256
-0.01,923,0.360851
-0.01,22,0.363347
-0.01,141,0.379283
-0.01,161,0.3976
-0.01,111,0.410112
-0.01,310,0.445195
-0.01,2,0.445467
-0.01,83,0.454934
-0.01,1171,0.586868
-0.01,213,0.610656
-0.01,117,0.624066
-0.01,2,0.624322
-0.01,15,0.626041
-0.01,30,0.629449
-0.01,31,0.633006
-0.01,218,0.657777
-0.01,21,0.66019
-0.01,258,0.689523
-0.01,69,0.697372
-0.01,82,0.706444
-0.01,121,0.720127
-0.01,207,0.743713
-0.01,35,0.747744
-0.01,112,0.760554
-0.01,30,0.764003
-0.01,160,0.782313
-0.01,101,0.794014
-0.01,65,0.801413
-0.01,119,0.814936
-0.01,72,0.822929
-0.01,12,0.824304
-0.01,104,0.835258
-0.01,345,0.87336
-0.01,42,0.878154
-0.01,21,0.880523
-0.01,53,0.886518
-0.01,54,0.892534
-0.01,32,0.896161
-0.01,36,0.900277
-0.01,29,0.90346
-0.01,24,0.906198
-0.01,15,0.90788
-0.01,205,0.930747
-0.01,121,0.944222
-0.01,367,0.985258
-0.01,13,0.986743
-0.01,50,0.992266
-0.01,31,0.995717
-0.01,9,0.996759
-0.01,181,1.017108
-0.01,11,1.01836
-0.01,140,1.034364
-0.01,85,1.043925
-0.01,19,1.046086
-0.01,134,1.061324
-0.01,99,1.072542
-0.01,34,1.076368
-0.01,162,1.094577
-0.01,175,1.114418
-0.01,30,1.117854
-0.01,187,1.147542
-0.01,12,1.149198
-0.01,25,1.152061
-0.01,104,1.164123
-0.01,4,1.164599
-0.01,59,1.171372
-0.01,212,1.195418
-0.01,85,1.20519
-0.01,33,1.209004
-0.01,28,1.212245
-0.01,14,1.213909
-0.01,20,1.21627
-0.01,45,1.221422
-0.01,188,1.242722
-0.01,251,1.271453
-0.01,74,1.279917
-0.01,88,1.289944
-0.01,154,1.307359
-0.01,23,1.30998
-0.01,164,1.328573
-0.01,86,1.338457
-0.01,116,1.351642
-0.01,59,1.358463
-0.01,68,1.366282
-0.01,53,1.372328
-0.01,59,1.379077
-0.01,171,1.397898
-0.01,138,1.413633
-0.01,95,1.424509
-0.01,38,1.428843
-0.01,91,1.439215
-0.01,62,1.446384
-0.01,46,1.451601
-0.01,25,1.454484
-0.01,102,1.466168
-0.01,11,1.467449
-0.01,132,1.482629
-0.01,44,1.487667
-0.01,58,1.49437
-0.01,31,1.497951
-0.01,20,1.500263
-0.01,61,1.507292
-0.01,13,1.508813
-0.01,62,1.515905
-0.01,56,1.522375
-0.01,4,1.522852
-0.01,146,1.539285
-0.01,37,1.543297
-0.01,49,1.548821
-0.01,21,1.551164
-0.01,71,1.559251
-0.01,55,1.565559
-0.01,25,1.568235
-0.01,37,1.57249
-0.01,59,1.57927
-0.01,7,1.580082
-0.01,24,1.582784
-0.01,33,1.586555
-0.01,44,1.591545
-0.01,2,1.591787
-0.01,51,1.597662
-0.01,67,1.605284
-0.01,2,1.605533
-0.01,46,1.610846
-0.01,39,1.615298
-0.01,42,1.620141
-0.01,55,1.626506
-0.01,39,1.630968
-0.01,69,1.638823
-0.01,47,1.644188
-0.01,48,1.649717
-0.01,41,1.654388
-0.01,59,1.661076
-0.01,101,1.672706
-0.01,40,1.677281
-0.01,7,1.678098
-0.01,23,1.680742
-0.01,34,1.684656
-0.01,31,1.688179
-0.01,47,1.693516
-0.01,52,1.699409
-0.01,2,1.699658
-0.01,49,1.705188
-0.01,66,1.71271
-0.01,58,1.719332
-0.01,27,1.722453
-0.01,52,1.728438
-0.01,43,1.733333
-0.01,76,1.742066
-0.01,37,1.74632
-0.01,32,1.749972
-0.01,63,1.757164
-0.01,66,1.764701
-0.01,42,1.769572
-0.01,127,1.784013
-0.01,15,1.785761
-0.01,34,1.789555
-0.01,40,1.794424
-0.01,67,1.802086
-0.01,52,1.808016
-0.01,51,1.813773
-0.01,31,1.817289
-0.01,32,1.820937
-0.01,58,1.827581
-0.01,52,1.833553
-0.01,37,1.837765
-0.01,44,1.842771
-0.01,30,1.846198
-0.01,34,1.85009
-0.01,10,1.851256
-0.01,39,1.855693
-0.01,36,1.85986
-0.01,52,1.865732
-0.01,79,1.874223
-0.01,32,1.877862
-0.01,45,1.883001
-0.01,19,1.885216
-0.01,32,1.888851
-0.01,43,1.893751
-0.01,26,1.896718
-0.01,35,1.900686
-0.01,37,1.904845
-0.01,36,1.908951
-0.01,40,1.913485
-0.01,12,1.91487
-0.01,46,1.920107
-0.01,68,1.927857
-0.01,37,1.931981
-0.01,42,1.936783
-0.01,6,1.937486
-0.01,33,1.941246
-0.01,32,1.94488
-0.01,35,1.948868
-0.01,31,1.952375
-0.01,30,1.955789
-0.01,30,1.959213
-0.01,30,1.962632
-0.01,33,1.966388
-0.01,8,1.967325
-0.01,30,1.970732
-0.01,86,1.980564
-0.01,36,1.984639
-0.01,35,1.988615
-0.01,4,1.98908
-0.01,7,1.989901
-0.01,38,1.994216
-0.01,2,1.994462
-0.01,36,1.998461
-0.01,11,1.999714
-0.01,41,2.004338
-0.01,2,2.004581
-0.01,28,2.007797
-0.01,38,2.01211
-0.01,2,2.012357
-0.01,37,2.016618
-0.01,32,2.020269
-0.01,34,2.024085
-0.01,33,2.027831
-0.01,2,2.028077
-0.01,30,2.03148
-0.01,33,2.035212
-0.01,14,2.03685
-0.01,31,2.04038
-0.01,48,2.045686
-0.01,2,2.04594
-0.01,25,2.048802
-0.01,32,2.052443
-0.01,36,2.056519
-0.01,35,2.060519
-0.01,33,2.064277
-0.01,11,2.065523
-0.01,38,2.069849
-0.01,34,2.073701
-0.01,32,2.077341
-0.01,33,2.0811
-0.01,32,2.084742
-0.01,35,2.088736
-0.01,2,2.088983
-0.01,32,2.092626
-0.01,14,2.094265
-0.01,38,2.098618
-0.01,50,2.104299
-0.01,31,2.107823
-0.01,33,2.111592
-0.01,29,2.114929
-0.01,32,2.11859
-0.01,27,2.121678
-0.01,35,2.125687
-0.01,4,2.126157
-0.01,40,2.130694
-0.01,37,2.134908
-0.01,35,2.138871
-0.01,62,2.146004
-0.01,37,2.150218
-0.01,30,2.15361
-0.01,16,2.155395
-0.01,35,2.159381
-0.01,32,2.163017
-0.01,38,2.167302
-0.01,31,2.170825
-0.01,30,2.174199
-0.01,29,2.177504
-0.01,8,2.178433
-0.01,24,2.181176
-0.01,36,2.185279
-0.01,41,2.190026
-0.01,6,2.190729
-0.01,35,2.194697
-0.01,32,2.198351
-0.01,235,2.225151
-0.01,7,2.225964
-0.01,36,2.230037
-0.01,31,2.233551
-0.01,37,2.237715
-0.01,19,2.23991
-0.01,14,2.241539
-0.01,30,2.244943
-0.01,35,2.248901
-0.01,37,2.253071
-0.01,31,2.256605
-0.01,33,2.260331
-0.01,42,2.265105
-0.01,36,2.269193
-0.01,32,2.272808
-0.01,31,2.276331
-0.01,32,2.27996
-0.01,38,2.284569
-0.01,32,2.288199
-0.01,32,2.29183
-0.01,34,2.29567
-0.01,38,2.299968
-0.01,32,2.303595
-0.01,8,2.304525
-0.01,37,2.30871
-0.01,6,2.30944
-0.01,7,2.310285
-0.01,37,2.314481
-0.01,31,2.317995
-0.01,39,2.322447
-0.01,70,2.329869
-0.01,38,2.334107
-0.01,6,2.334809
-0.01,2,2.335056
-0.01,23,2.337696
-0.01,14,2.339316
-0.01,39,2.343738
-0.01,34,2.347588
-0.01,33,2.351327
-0.01,20,2.35362
-0.01,17,2.35557
-0.01,25,2.35841
-0.01,32,2.362025
-0.01,26,2.364992
-0.01,33,2.368721
-0.01,37,2.372902
-0.01,34,2.376743
-0.01,34,2.380592
-0.01,30,2.383999
-0.01,22,2.386545
-0.01,30,2.389944
-0.01,31,2.393513
-0.01,28,2.396717
-0.01,36,2.400778
-0.01,37,2.404965
-0.01,12,2.406355
-0.01,29,2.409707
-0.01,13,2.41113
-0.01,31,2.414658
-0.01,39,2.41908
-0.01,32,2.42262
-0.01,33,2.426402
-0.01,34,2.430274
-0.01,7,2.43109
-0.01,34,2.43492
-0.01,32,2.43854
-0.01,141,2.454444
-0.01,37,2.458602
-0.01,30,2.462022
-0.01,19,2.464223
-0.01,2,2.464463
-0.01,32,2.46808
-0.01,27,2.471172
-0.01,32,2.474864
-0.01,28,2.47808
-0.01,19,2.480304
-0.01,40,2.484778
-0.01,36,2.488857
-0.01,28,2.492054
-0.01,31,2.495572
-0.01,33,2.4993
-0.01,5,2.499877
-0.01,31,2.503374
-0.01,6,2.504076
-0.01,9,2.505115
-0.01,34,2.509003
-0.01,13,2.510519
-0.01,33,2.514266
-0.01,32,2.517929
-0.01,33,2.52167
-0.01,33,2.525398
-0.01,19,2.527531
-0.01,31,2.531061
-0.01,32,2.534677
-0.01,32,2.538313
-0.01,30,2.541721
-0.01,38,2.545976
-0.01,18,2.548064
-0.01,40,2.552623
-0.01,12,2.553996
-0.01,31,2.557513
-0.01,29,2.560799
-0.01,38,2.565099
-0.01,29,2.568398
-0.01,38,2.572638
-0.01,11,2.573878
-0.01,32,2.577572
-0.01,37,2.581765
-0.01,37,2.585955
-0.01,21,2.588333
-0.01,15,2.589933
-0.01,34,2.593846
-0.01,2,2.594095
-0.01,6,2.594786
-0.01,32,2.598446
-0.01,33,2.602182
-0.01,32,2.605811
-0.01,30,2.609329
-0.01,30,2.61276
-0.01,38,2.617018
-0.01,34,2.620878
-0.01,37,2.625036
-0.01,14,2.626659
-0.01,30,2.630089
-0.01,31,2.633599
-0.01,49,2.63914
-0.01,35,2.643116
-0.01,36,2.647142
-0.01,27,2.650034
-0.01,30,2.65344
-0.01,20,2.655745
-0.01,36,2.659822
-0.01,17,2.661797
-0.01,29,2.6651
-0.01,32,2.668746
-0.01,31,2.672264
-0.01,24,2.67505
-0.01,34,2.678893
-0.01,30,2.68229
-0.01,32,2.685914
-0.01,10,2.68707
-0.01,38,2.691339
-0.01,32,2.694974
-0.01,25,2.697854
-0.01,35,2.70181
-0.01,26,2.704752
-0.01,12,2.70615
-0.01,32,2.709848
-0.01,41,2.714532
-0.01,31,2.718071
-0.01,16,2.719944
-0.01,2,2.720191
-0.01,8,2.721125
-0.01,35,2.725066
-0.01,29,2.728363
-0.01,36,2.732449
-0.01,33,2.736188
-0.01,32,2.739811
-0.01,17,2.741741
-0.01,4,2.742213
-0.01,37,2.746414
-0.01,35,2.750368
-0.01,19,2.752526
-0.01,23,2.755153
-0.01,34,2.759008
-0.01,31,2.762532
-0.01,41,2.767106
-0.01,33,2.770839
-0.01,29,2.774144
-0.01,31,2.777712
-0.01,32,2.781347
-0.01,36,2.785325
-0.01,31,2.788772
-0.01,31,2.792327
-0.01,12,2.7937
-0.01,11,2.794938
-0.01,33,2.799011
-0.01,31,2.802536
-0.01,7,2.803356
-0.01,30,2.806722
-0.01,2,2.806975
-0.01,15,2.808725
-0.01,35,2.812729
-0.01,32,2.816366
-0.01,6,2.817066
-0.01,36,2.821107
-0.01,35,2.825015
-0.01,15,2.826743
-0.01,4,2.827218
-0.01,41,2.831855
-0.01,34,2.835712
-0.01,38,2.839994
-0.01,2,2.840239
-0.01,34,2.844078
-0.01,4,2.844549
-0.01,37,2.848765
-0.01,6,2.849467
-0.01,31,2.852956
-0.01,40,2.857465
-0.01,33,2.861192
-0.01,31,2.864741
-0.01,38,2.86898
-0.01,40,2.873477
-0.01,32,2.877148
-0.01,32,2.880783
-0.01,37,2.884915
-0.01,15,2.886644
-0.01,4,2.887114
-0.01,31,2.890561
-0.01,33,2.894291
-0.01,6,2.894983
-0.01,34,2.898769
-0.01,31,2.902272
-0.01,34,2.906127
-0.01,36,2.910218
-0.01,8,2.911175
-0.01,38,2.915496
-0.01,37,2.919629
-0.01,40,2.924187
-0.01,20,2.926475
-0.01,26,2.929433
-0.01,30,2.932852
-0.01,33,2.936581
-0.01,18,2.938655
-0.01,30,2.942077
-0.01,35,2.946056
-0.01,32,2.949675
-0.01,9,2.950708
-0.01,26,2.953678
-0.01,8,2.95461
-0.01,25,2.957468
-0.01,31,2.960978
-0.01,34,2.964843
-0.01,35,2.96882
-0.01,17,2.970749
-0.01,42,2.975583
-0.01,9,2.97663
-0.01,36,2.980717
-0.01,31,2.984237
-0.01,32,2.987867
-0.01,37,2.991941
-0.01,36,2.995984
-0.01,43,3.000835
-0.01,35,3.004813
-0.01,34,3.008691
-0.01,29,3.012002
-0.01,31,3.01552
-0.01,6,3.016217
-0.01,15,3.017923
-0.01,32,3.021501
-0.01,30,3.024943
-0.01,32,3.028565
-0.01,29,3.031875
-0.01,32,3.035494
-0.01,30,3.038903
-0.01,2,3.039142
-0.01,32,3.04271
-0.01,31,3.046244
-0.01,30,3.049652
-0.01,35,3.053617
-0.01,32,3.057254
-0.01,18,3.059318
-0.01,2,3.059565
-0.01,34,3.063431
-0.01,27,3.066516
-0.01,31,3.07002
-0.01,16,3.071873
-0.01,23,3.074487
-0.01,32,3.078139
-0.01,30,3.081522
-0.01,36,3.085582
-0.01,23,3.088204
-0.01,38,3.092379
-0.01,32,3.09599
-0.01,35,3.099894
-0.01,4,3.100363
-0.01,29,3.103644
-0.01,32,3.107261
-0.01,33,3.111087
-0.01,23,3.113715
-0.01,29,3.117002
-0.01,11,3.118245
-0.01,33,3.121958
-0.01,29,3.125263
-0.01,27,3.128347
-0.01,9,3.12941
-0.01,5,3.129988
-0.01,8,3.13092
-0.01,34,3.134767
-0.01,4,3.135234
-0.01,35,3.139191
-0.01,2,3.139437
-0.01,34,3.143265
-0.01,30,3.146685
-0.01,28,3.149813
-0.01,2,3.150058
-0.01,30,3.153438
-0.01,18,3.155517
-0.01,6,3.156221
-0.01,30,3.159621
-0.01,36,3.163675
-0.01,30,3.167033
-0.01,2,3.167265
-0.01,32,3.170879
-0.01,17,3.172827
-0.01,33,3.176651
-0.01,33,3.180375
-0.01,30,3.183758
-0.01,34,3.187586
-0.01,37,3.191751
-0.01,6,3.192448
-0.01,32,3.196063
-0.01,11,3.197328
-0.01,31,3.200829
-0.01,23,3.203434
-0.01,33,3.20716
-0.01,31,3.210754
-0.01,32,3.214402
-0.01,30,3.217771
-0.01,32,3.221372
-0.01,15,3.223019
-0.01,29,3.226327
-0.01,9,3.227379
-0.01,33,3.231138
-0.01,38,3.235388
-0.01,11,3.23664
-0.01,31,3.240151
-0.01,11,3.241436
-0.01,47,3.246814
-0.01,35,3.250714
-0.01,4,3.251186
-0.01,12,3.252571
-0.01,30,3.255979
-0.01,27,3.259068
-0.01,9,3.260101
-0.01,30,3.263499
-0.01,4,3.263971
-0.01,12,3.265321
-0.01,32,3.268941
-0.01,35,3.272905
-0.01,33,3.276674
-0.01,31,3.280195
-0.01,29,3.28348
-0.01,30,3.286877
-0.01,29,3.290169
-0.01,32,3.293804
-0.01,13,3.295269
-0.01,34,3.299117
-0.01,29,3.30241
-0.01,7,3.303224
-0.01,39,3.307578
-0.01,40,3.312203
-0.01,33,3.31594
-0.01,36,3.320022
-0.01,29,3.323303
-0.01,29,3.326617
-0.01,31,3.330098
-0.01,19,3.332267
-0.01,4,3.332737
-0.01,32,3.336346
-0.01,31,3.339833
-0.01,32,3.343454
-0.01,33,3.347195
-0.01,4,3.347664
-0.01,32,3.351289
-0.01,7,3.352106
-0.01,32,3.355723
-0.01,33,3.359462
-0.01,27,3.362435
-0.01,32,3.366042
-0.01,30,3.369419
-0.01,41,3.374093
-0.01,2,3.374331
-0.01,34,3.378225
-0.01,31,3.381738
-0.01,31,3.385182
-0.01,6,3.385882
-0.01,38,3.390172
-0.01,32,3.393802
-0.01,32,3.397429
-0.01,17,3.399398
-0.01,21,3.401819
-0.01,38,3.406095
-0.01,15,3.407824
-0.01,25,3.410681
-0.01,26,3.413645
-0.01,20,3.415955
-0.01,31,3.419554
-0.01,30,3.422953
-0.01,30,3.426353
-0.01,33,3.43008
-0.01,34,3.433912
-0.01,33,3.437637
-0.01,33,3.44138
-0.01,15,3.443183
-0.01,6,3.443895
-0.01,8,3.444823
-0.01,15,3.446579
-0.01,34,3.450418
-0.01,32,3.454085
-0.01,30,3.457511
-0.01,32,3.461129
-0.01,34,3.465
-0.01,30,3.468388
-0.01,32,3.472002
-0.01,31,3.475517
-0.01,30,3.478919
-0.01,31,3.482411
-0.01,2,3.482643
-0.01,30,3.486022
-0.01,4,3.486495
-0.01,31,3.490025
-0.01,31,3.493529
-0.01,35,3.497525
-0.01,31,3.501018
-0.01,31,3.504549
-0.01,34,3.508308
-0.01,4,3.508776
-0.01,32,3.512431
-0.01,31,3.515922
-0.01,2,3.516164
-0.01,2,3.516407
-0.01,32,3.520027
-0.01,32,3.523652
-0.01,32,3.527264
-0.01,34,3.531104
-0.01,31,3.534611
-0.01,41,3.53923
-0.01,6,3.539932
-0.01,37,3.544113
-0.01,30,3.547521
-0.01,32,3.551133
-0.01,34,3.55497
-0.01,34,3.55883
-0.01,30,3.562241
-0.01,39,3.566651
-0.01,8,3.567572
-0.01,37,3.571757
-0.01,30,3.575212
-0.01,34,3.579134
-0.01,39,3.58353
-0.01,30,3.586924
-0.01,32,3.590544
-0.01,34,3.594373
-0.01,16,3.596246
-0.01,33,3.599966
-0.01,37,3.604152
-0.01,32,3.60781
-0.01,4,3.608279
-0.01,34,3.612124
-0.01,35,3.616087
-0.01,10,3.617238
-0.01,16,3.61909
-0.01,2,3.619339
-0.01,4,3.619807
-0.01,36,3.62386
-0.01,6,3.62456
-0.01,35,3.628529
-0.01,14,3.630161
-0.01,32,3.633776
-0.01,32,3.637408
-0.01,35,3.641298
-0.01,30,3.644771
-0.01,37,3.64895
-0.01,25,3.651782
-0.01,30,3.655176
-0.01,6,3.655873
-0.01,32,3.659496
-0.01,10,3.660636
-0.01,34,3.664468
-0.01,28,3.667651
-0.01,31,3.67115
-0.01,35,3.675102
-0.01,32,3.678782
-0.01,40,3.683281
-0.01,33,3.687002
-0.01,32,3.690623
-0.01,32,3.694234
-0.01,23,3.69688
-0.01,32,3.700492
-0.01,32,3.704122
-0.01,4,3.704589
-0.01,30,3.707991
-0.01,16,3.709834
-0.01,30,3.713246
-0.01,37,3.717405
-0.01,30,3.72079
-0.01,35,3.724745
-0.01,14,3.726329
-0.01,31,3.729838
-0.01,30,3.733224
-0.01,21,3.735632
-0.01,32,3.739244
-0.01,6,3.739941
-0.01,34,3.743824
-0.01,25,3.746678
-0.01,4,3.747146
-0.01,16,3.748967
-0.01,34,3.752817
-0.01,16,3.754678
-0.01,40,3.759192
-0.01,24,3.761926
-0.01,32,3.765561
-0.01,21,3.767969
-0.01,30,3.77138
-0.01,30,3.774781
-0.01,27,3.777822
-0.01,20,3.780132
-0.01,32,3.783617
-0.01,23,3.786225
-0.01,29,3.789514
-0.01,31,3.793106
-0.01,8,3.794028
-0.01,32,3.797656
-0.01,14,3.799285
-0.01,38,3.803924
-0.01,31,3.807458
-0.01,34,3.811256
-0.01,27,3.814362
-0.01,38,3.818648
-0.01,20,3.820948
-0.01,25,3.823788
-0.01,30,3.827195
-0.01,33,3.83089
-0.01,38,3.835141
-0.01,38,3.839423
-0.01,16,3.841278
-0.01,38,3.845575
-0.01,33,3.849341
-0.01,33,3.853064
-0.01,19,3.855246
-0.01,6,3.855935
-0.01,4,3.856409
-0.01,34,3.860151
-0.01,32,3.863798
-0.01,14,3.86543
-0.01,25,3.868237
-0.01,34,3.872081
-0.01,32,3.875772
-0.01,36,3.879816
-0.01,29,3.883105
-0.01,2,3.88335
-0.01,30,3.886767
-0.01,34,3.890602
-0.01,14,3.892208
-0.01,2,3.892454
-0.01,9,3.893496
-0.01,22,3.896016
-0.01,36,3.900103
-0.01,36,3.904154
-0.01,32,3.907727
-0.01,31,3.911256
-0.01,30,3.914632
-0.01,34,3.91846
-0.01,17,3.920421
-0.01,16,3.922261
-0.01,35,3.926213
-0.01,36,3.930289
-0.01,25,3.933134
-0.01,34,3.936981
-0.01,30,3.940377
-0.01,27,3.943529
-0.01,16,3.945396
-0.01,25,3.948254
-0.01,34,3.952083
-0.01,37,3.956265
-0.01,12,3.95769
-0.01,6,3.958382
-0.01,31,3.961884
-0.01,21,3.964303
-0.01,31,3.967822
-0.01,37,3.971962
-0.01,11,3.973197
-0.01,29,3.976477
-0.01,31,3.979998
-0.01,2,3.980236
-0.01,32,3.983855
-0.01,31,3.987362
-0.01,30,3.990784
-0.01,30,3.994172
-0.01,30,3.997571
-0.01,32,4.001185
-0.01,36,4.005199
-0.01,32,4.008874
-0.01,24,4.011606
-0.01,19,4.013805
-0.01,26,4.016755
-0.01,23,4.019379
-0.01,33,4.023134
-0.01,36,4.027186
-0.01,35,4.031171
-0.01,18,4.033246
-0.01,35,4.037147
-0.01,31,4.04066
-0.01,37,4.044837
-0.01,4,4.045295
-0.01,33,4.049006
-0.01,30,4.052398
-0.01,39,4.056729
-0.01,6,4.057427
-0.01,9,4.058454
-0.01,30,4.061838
-0.01,32,4.0654
-0.01,33,4.069112
-0.01,42,4.073784
-0.01,42,4.078598
-0.01,46,4.083697
-0.01,30,4.08709
-0.01,32,4.090746
-0.01,30,4.094142
-0.01,35,4.09808
-0.01,32,4.101678
-0.01,27,4.10473
-0.01,30,4.10812
-0.01,23,4.110694
-0.01,25,4.113555
-0.01,2,4.113794
-0.01,32,4.117457
-0.01,8,4.118392
-0.01,39,4.122777
-0.01,32,4.126381
-0.01,16,4.128226
-0.01,35,4.13217
-0.01,30,4.135557
-0.01,34,4.139394
-0.01,16,4.141258
-0.01,6,4.141985
-0.01,18,4.144012
-0.01,33,4.147668
-0.01,29,4.15095
-0.01,31,4.154462
-0.01,23,4.15707
-0.01,31,4.160586
-0.01,11,4.161848
-0.01,12,4.163213
-0.01,33,4.166955
-0.01,35,4.17087
-0.01,30,4.17427
-0.01,31,4.177786
-0.01,9,4.178816
-0.01,33,4.182521
-0.01,23,4.185151
-0.01,31,4.188612
-0.01,30,4.192003
-0.01,33,4.195741
-0.01,39,4.200102
-0.01,31,4.203591
-0.01,32,4.207199
-0.01,31,4.210753
-0.01,34,4.214606
-0.01,11,4.215851
-0.01,2,4.216089
-0.01,31,4.219589
-0.01,31,4.223038
-0.01,23,4.225664
-0.01,31,4.229219
-0.01,34,4.233061
-0.01,30,4.236449
-0.01,31,4.239954
-0.01,19,4.242141
-0.01,23,4.244758
-0.01,34,4.248621
-0.01,33,4.252348
-0.01,36,4.256411
-0.01,35,4.260353
-0.01,33,4.26409
-0.01,34,4.267922
-0.01,39,4.27226
-0.01,31,4.27578
-0.01,30,4.279199
-0.01,30,4.282581
-0.01,18,4.284639
-0.01,40,4.289132
-0.01,35,4.293096
-0.01,2,4.293339
-0.01,34,4.2972
-0.01,30,4.300594
-0.01,34,4.304383
-0.01,33,4.308102
-0.01,33,4.311809
-0.01,33,4.315471
-0.01,33,4.319196
-0.01,36,4.323268
-0.01,30,4.326672
-0.01,28,4.329704
-0.01,24,4.332431
-0.01,29,4.335718
-0.01,14,4.337346
-0.01,34,4.341131
-0.01,7,4.341947
-0.01,2,4.34219
-0.01,33,4.345906
-0.01,30,4.349296
-0.01,32,4.352916
-0.01,6,4.353614
-0.01,31,4.357077
-0.01,39,4.361477
-0.01,33,4.36519
-0.01,35,4.369129
-0.01,40,4.373619
-0.01,32,4.377309
-0.01,2,4.377567
-0.01,31,4.381069
-0.01,29,4.384373
-0.01,33,4.388058
-0.01,4,4.388524
-0.01,6,4.38922
-0.01,35,4.393144
-0.01,33,4.396893
-0.01,33,4.400627
-0.01,11,4.401859
-0.01,33,4.405544
-0.01,38,4.409837
-0.01,27,4.412928
-0.01,9,4.413983
-0.01,30,4.417377
-0.01,34,4.421221
-0.01,32,4.424858
-0.01,29,4.428147
-0.01,29,4.431438
-0.01,38,4.435715
-0.01,31,4.439222
-0.01,33,4.442929
-0.01,36,4.446952
-0.01,29,4.450216
-0.01,2,4.450461
-0.01,33,4.454191
-0.01,31,4.457711
-0.01,23,4.460327
-0.01,34,4.464085
-0.01,13,4.465555
-0.01,29,4.468837
-0.01,29,4.472108
-0.01,31,4.475609
-0.01,29,4.478898
-0.01,30,4.482284
-0.01,29,4.485572
-0.01,33,4.489261
-0.01,32,4.492893
-0.01,30,4.496271
-0.01,11,4.497535
-0.01,4,4.498002
-0.01,33,4.501717
-0.01,37,4.505886
-0.01,21,4.50828
-0.01,52,4.514169
-0.01,12,4.515567
-0.01,34,4.519417
-0.01,9,4.520453
-0.01,35,4.524361
-0.01,4,4.524829
-0.01,37,4.529005
-0.01,39,4.533413
-0.01,36,4.537447
-0.01,34,4.541309
-0.01,6,4.542036
-0.01,36,4.546192
-0.01,32,4.549902
-0.01,32,4.553558
-0.01,32,4.557206
-0.01,37,4.5614
-0.01,8,4.562355
-0.01,7,4.563169
-0.01,35,4.567166
-0.01,37,4.571323
-0.01,30,4.574738
-0.01,32,4.578384
-0.01,32,4.582051
-0.01,32,4.585729
-0.01,36,4.589848
-0.01,38,4.594148
-0.01,34,4.598024
-0.01,32,4.601677
-0.01,36,4.605752
-0.01,32,4.609407
-0.01,36,4.613477
-0.01,26,4.616443
-0.01,34,4.620301
-0.01,29,4.62361
-0.01,31,4.62715
-0.01,32,4.630788
-0.01,34,4.634649
-0.01,32,4.638279
-0.01,4,4.63875
-0.01,42,4.643485
-0.01,30,4.646899
-0.01,28,4.65
-0.01,23,4.652659
-0.01,32,4.656282
-0.01,36,4.660427
-0.01,31,4.663955
-0.01,30,4.667345
-0.01,32,4.670987
-0.01,4,4.671459
-0.01,30,4.674888
-0.01,32,4.678517
-0.01,34,4.682385
-0.01,24,4.685168
-0.01,4,4.68564
-0.01,28,4.688828
-0.01,33,4.692653
-0.01,29,4.695953
-0.01,34,4.699802
-0.01,2,4.700048
-0.01,32,4.703682
-0.01,8,4.704616
-0.01,23,4.707272
-0.01,34,4.711164
-0.01,30,4.714575
-0.01,36,4.718611
-0.01,24,4.721316
-0.01,6,4.722016
-0.01,34,4.725878
-0.01,31,4.729378
-0.01,35,4.733337
-0.01,32,4.736963
-0.01,2,4.737208
-0.01,4,4.737674
-0.01,34,4.741526
-0.01,34,4.745371
-0.01,30,4.748794
-0.01,4,4.749263
-0.01,19,4.751444
-0.01,33,4.755189
-0.01,17,4.757154
-0.01,4,4.757629
-0.01,40,4.762155
-0.01,32,4.765793
-0.01,40,4.770212
-0.01,39,4.774585
-0.01,34,4.778431
-0.01,30,4.781853
-0.01,32,4.785487
-0.01,32,4.78912
-0.01,16,4.790966
-0.01,32,4.79465
-0.01,19,4.796855
-0.01,27,4.799936
-0.01,4,4.800405
-0.01,4,4.800877
-0.01,17,4.802842
-0.01,42,4.807748
-0.01,35,4.81184
-0.01,32,4.815457
-0.01,15,4.817169
-0.01,38,4.821477
-0.01,34,4.825319
-0.01,30,4.828723
-0.01,34,4.832575
-0.01,2,4.83282
-0.01,23,4.835443
-0.01,25,4.838303
-0.01,35,4.842223
-0.01,33,4.845933
-0.01,14,4.847557
-0.01,32,4.851183
-0.01,40,4.855681
-0.01,29,4.858968
-0.01,29,4.862213
-0.01,18,4.864284
-0.01,13,4.865789
-0.01,30,4.86919
-0.01,30,4.872588
-0.01,31,4.876093
-0.01,33,4.879827
-0.01,36,4.883813
-0.01,36,4.887907
-0.01,9,4.888929
-0.01,34,4.892803
-0.01,30,4.896197
-0.01,38,4.90047
-0.01,30,4.903867
-0.01,14,4.90549
-0.01,29,4.908795
-0.01,10,4.909953
-0.01,30,4.913348
-0.01,25,4.916185
-0.01,39,4.920544
-0.01,25,4.923383
-0.01,37,4.92752
-0.01,33,4.931272
-0.01,31,4.934771
-0.01,8,4.935705
-0.01,28,4.938909
-0.01,32,4.94259
-0.01,37,4.94677
-0.01,32,4.950412
-0.01,17,4.952384
-0.01,30,4.955786
-0.01,32,4.959415
-0.01,30,4.96283
-0.01,34,4.966578
-0.01,30,4.969962
-0.01,28,4.97316
-0.01,34,4.977
-0.01,30,4.980413
-0.01,30,4.983798
-0.01,25,4.986646
-0.01,33,4.990334
-0.01,25,4.993175
-0.01,32,4.99681
-0.01,38,5.0011
-0.01,32,5.004719
-0.01,25,5.007564
-0.01,36,5.011623
-0.01,35,5.015556
-0.01,30,5.01897
-0.01,33,5.022694
-0.01,31,5.026198
-0.01,38,5.030481
-0.01,34,5.034316
-0.01,30,5.037718
-0.01,35,5.04167
-0.01,30,5.045093
-0.01,34,5.048948
-0.01,6,5.04964
-0.01,14,5.051253
-0.01,35,5.055238
-0.01,4,5.055706
-0.01,34,5.059566
-0.01,35,5.063565
-0.01,13,5.065049
-0.01,32,5.068696
-0.01,31,5.072185
-0.01,24,5.074977
-0.01,36,5.079012
-0.01,23,5.081652
-0.01,35,5.085556
-0.01,30,5.088972
-0.01,32,5.092592
-0.01,32,5.096218
-0.01,28,5.099424
-0.01,33,5.103104
-0.01,32,5.106686
-0.01,37,5.110872
-0.01,33,5.114611
-0.01,10,5.115766
-0.01,33,5.119509
-0.01,31,5.12302
-0.01,32,5.126694
-0.01,29,5.129991
-0.01,2,5.130231
-0.01,19,5.13242
-0.01,36,5.136401
-0.01,30,5.139798
-0.01,34,5.143649
-0.01,39,5.14807
-0.01,14,5.149643
-0.01,26,5.152614
-0.01,34,5.15646
-0.01,21,5.158814
-0.01,22,5.161335
-0.01,12,5.162726
-0.01,32,5.166363
-0.01,20,5.16867
-0.01,14,5.170298
-0.01,24,5.173018
-0.01,30,5.176424
-0.01,32,5.180056
-0.01,33,5.183782
-0.01,4,5.184251
-0.01,35,5.18822
-0.01,36,5.192231
-0.01,35,5.196205
-0.01,36,5.200226
-0.01,34,5.204078
-0.01,35,5.208032
-0.01,39,5.212427
-0.01,17,5.214421
-0.01,6,5.215115
-0.01,31,5.218628
-0.01,32,5.222254
-0.01,30,5.225652
-0.01,29,5.228978
-0.01,34,5.232762
-0.01,2,5.233002
-0.01,37,5.237099
-0.01,34,5.24095
-0.01,33,5.244697
-0.01,30,5.248101
-0.01,32,5.251712
-0.01,33,5.255448
-0.01,8,5.256378
-0.01,18,5.258463
-0.01,6,5.259166
-0.01,14,5.260782
-0.01,32,5.264401
-0.01,36,5.268457
-0.01,37,5.272626
-0.01,36,5.27668
-0.01,30,5.280088
-0.01,37,5.284252
-0.01,36,5.28831
-0.01,6,5.289012
-0.01,31,5.292615
-0.01,34,5.29642
-0.01,34,5.300267
-0.01,34,5.304107
-0.01,16,5.305962
-0.01,32,5.309607
-0.01,6,5.310303
-0.01,32,5.313948
-0.01,30,5.317349
-0.01,4,5.317818
-0.01,39,5.322076
-0.01,33,5.325815
-0.01,36,5.329893
-0.01,31,5.333403
-0.01,38,5.337692
-0.01,17,5.339645
-0.01,19,5.341825
-0.01,32,5.345459
-0.01,38,5.349752
-0.01,34,5.353597
-0.01,28,5.356726
-0.01,33,5.360454
-0.01,32,5.364064
-0.01,2,5.364309
-0.01,30,5.367712
-0.01,18,5.369773
-0.01,23,5.372384
-0.01,32,5.376041
-0.01,32,5.379673
-0.01,34,5.383518
-0.01,2,5.383763
-0.01,32,5.387376
-0.01,35,5.391326
-0.01,31,5.394846
-0.01,32,5.398471
-0.01,13,5.399971
-0.01,37,5.404104
-0.01,34,5.407956
-0.01,34,5.411812
-0.01,25,5.414666
-0.01,32,5.418304
-0.01,36,5.422368
-0.01,36,5.426421
-0.01,32,5.430078
-0.01,36,5.434147
-0.01,4,5.434616
-0.01,20,5.436925
-0.01,36,5.441006
-0.01,32,5.444621
-0.01,19,5.446822
-0.01,8,5.447752
-0.01,32,5.451381
-0.01,43,5.456224
-0.01,33,5.459964
-0.01,16,5.461823
-0.01,20,5.464145
-0.01,35,5.468096
-0.01,28,5.471288
-0.01,32,5.474932
-0.01,32,5.478557
-0.01,33,5.482306
-0.01,30,5.485693
-0.01,32,5.489256
-0.01,34,5.493105
-0.01,32,5.496747
-0.01,25,5.499558
-0.01,32,5.50319
-0.01,31,5.506666
-0.01,32,5.510242
-0.01,6,5.510936
-0.01,21,5.513363
-0.01,36,5.517431
-0.01,31,5.520959
-0.01,29,5.524257
-0.01,33,5.52799
-0.01,30,5.531373
-0.01,32,5.534991
-0.01,33,5.5387
-0.01,33,5.542406
-0.01,33,5.54609
-0.01,34,5.549944
-0.01,35,5.553848
-0.01,33,5.557557
-0.01,33,5.561289
-0.01,2,5.561534
-0.01,25,5.564366
-0.01,30,5.567783
-0.01,28,5.570989
-0.01,30,5.574389
-0.01,34,5.578328
-0.01,33,5.582016
-0.01,27,5.585081
-0.01,24,5.587788
-0.01,30,5.591232
-0.01,36,5.595269
-0.01,30,5.598674
-0.01,4,5.599142
-0.01,8,5.600064
-0.01,34,5.6039
-0.01,33,5.607688
-0.01,8,5.608614
-0.01,6,5.609309
-0.01,30,5.61271
-0.01,8,5.613641
-0.01,2,5.613886
-0.01,31,5.617426
-0.01,31,5.620908
-0.01,10,5.622055
-0.01,2,5.6223
-0.01,34,5.626151
-0.01,2,5.626397
-0.01,30,5.629789
-0.01,32,5.633405
-0.01,32,5.637034
-0.01,32,5.640654
-0.01,31,5.644212
-0.01,32,5.647846
-0.01,17,5.64982
-0.01,33,5.653536
-0.01,6,5.654234
-0.01,36,5.6583
-0.01,32,5.661929
-0.01,8,5.662861
-0.01,25,5.665714
-0.01,16,5.667553
-0.01,36,5.671561
-0.01,18,5.673656
-0.01,42,5.678404
-0.01,32,5.682025
-0.01,32,5.685742
-0.01,27,5.688833
-0.01,35,5.692787
-0.01,32,5.696405
-0.01,6,5.697105
-0.01,31,5.700604
-0.01,34,5.704445
-0.01,32,5.70809
-0.01,6,5.708792
-0.01,34,5.712648
-0.01,33,5.716384
-0.01,31,5.719915
-0.01,4,5.720405
-0.01,30,5.723816
-0.01,32,5.727424
-0.01,35,5.731404
-0.01,33,5.735132
-0.01,33,5.738846
-0.01,34,5.742724
-0.01,8,5.743665
-0.01,33,5.747397
-0.01,32,5.751013
-0.01,2,5.751259
-0.01,8,5.752192
-0.01,12,5.753582
-0.01,30,5.756988
-0.01,34,5.760833
-0.01,36,5.76485
-0.01,30,5.768249
-0.01,36,5.772307
-0.01,18,5.774378
-0.01,35,5.778348
-0.01,33,5.782105
-0.01,33,5.785834
-0.01,33,5.789561
-0.01,6,5.790264
-0.01,31,5.79377
-0.01,37,5.79797
-0.01,2,5.798216
-0.01,36,5.802301
-0.01,35,5.806259
-0.01,31,5.809871
-0.01,33,5.813798
-0.01,34,5.817657
-0.01,35,5.821623
-0.01,31,5.825116
-0.01,36,5.829201
-0.01,38,5.833487
-0.01,34,5.837338
-0.01,34,5.8412
-0.01,33,5.844885
-0.01,16,5.846733
-0.01,40,5.851195
-0.01,33,5.854864
-0.01,32,5.858512
-0.01,34,5.862365
-0.01,34,5.866224
-0.01,2,5.866469
-0.01,34,5.870345
-0.01,16,5.872187
-0.01,23,5.874831
-0.01,32,5.878479
-0.01,32,5.88212
-0.01,18,5.884202
-0.01,34,5.888056
-0.01,35,5.892026
-0.01,16,5.893897
-0.01,33,5.89765
-0.01,32,5.90127
-0.01,32,5.904884
-0.01,30,5.908295
-0.01,8,5.909217
-0.01,32,5.912848
-0.01,32,5.916477
-0.01,2,5.916725
-0.01,36,5.920795
-0.01,40,5.925202
-0.01,36,5.929277
-0.01,38,5.933571
-0.01,8,5.934512
-0.01,36,5.938553
-0.01,32,5.942178
-0.01,41,5.946811
-0.01,35,5.950772
-0.01,32,5.954394
-0.01,33,5.958078
-0.01,4,5.958544
-0.01,32,5.962168
-0.01,19,5.964339
-0.01,38,5.968625
-0.01,35,5.97254
-0.01,30,5.976013
-0.01,33,5.97978
-0.01,37,5.983967
-0.01,28,5.987169
-0.01,31,5.990697
-0.01,32,5.994323
-0.01,30,5.997747
-0.01,41,6.002403
-0.01,4,6.002873
-0.01,34,6.006696
-0.01,31,6.010203
-0.01,29,6.013494
-0.01,31,6.016987
-0.01,33,6.020714
-0.01,29,6.024016
-0.01,32,6.027649
-0.01,33,6.031374
-0.01,2,6.031615
-0.01,29,6.034911
-0.01,34,6.038741
-0.01,30,6.04219
-0.01,25,6.045024
-0.01,36,6.049095
-0.01,29,6.052368
-0.01,33,6.056088
-0.01,12,6.057469
-0.01,33,6.061212
-0.01,29,6.0645
-0.01,25,6.067363
-0.01,32,6.071012
-0.01,35,6.074915
-0.01,33,6.07866
-0.01,31,6.082194
-0.01,29,6.085497
-0.01,31,6.088977
-0.01,30,6.092367
-0.01,29,6.095654
-0.01,31,6.099181
-0.01,31,6.102704
-0.01,32,6.106318
-0.01,37,6.11047
-0.01,17,6.112403
-0.01,10,6.113572
-0.01,30,6.117024
-0.01,31,6.120532
-0.01,29,6.123828
-0.01,32,6.127457
-0.01,35,6.13142
-0.01,32,6.135069
-0.01,31,6.138592
-0.01,11,6.139836
-0.01,36,6.14391
-0.01,32,6.147544
-0.01,32,6.151156
-0.01,39,6.15554
-0.01,30,6.158944
-0.01,30,6.162347
-0.01,34,6.166181
-0.01,32,6.169795
-0.01,37,6.173982
-0.01,30,6.177418
-0.01,34,6.181268
-0.01,33,6.185006
-0.01,19,6.187208
-0.01,32,6.190816
-0.01,23,6.193446
-0.01,33,6.197182
-0.01,32,6.200834
-0.01,32,6.204471
-0.01,4,6.204939
-0.01,30,6.20835
-0.01,6,6.20905
-0.01,29,6.212351
-0.01,4,6.21282
-0.01,33,6.216547
-0.01,30,6.219987
-0.01,34,6.223824
-0.01,14,6.225449
-0.01,35,6.22941
-0.01,35,6.233318
-0.01,2,6.233566
-0.01,34,6.237396
-0.01,34,6.241244
-0.01,30,6.244658
-0.01,33,6.248401
-0.01,35,6.252348
-0.01,34,6.256106
-0.01,31,6.259616
-0.01,32,6.26325
-0.01,32,6.266898
-0.01,30,6.270315
-0.01,34,6.274095
-0.01,36,6.278188
-0.01,35,6.282147
-0.01,33,6.285871
-0.01,30,6.289276
-0.01,18,6.291357
-0.01,2,6.291602
-0.01,31,6.295119
-0.01,32,6.298749
-0.01,38,6.302993
-0.01,4,6.303464
-0.01,25,6.306283
-0.01,31,6.309805
-0.01,30,6.313191
-0.01,34,6.317048
-0.01,14,6.318668
-0.01,33,6.322408
-0.01,35,6.326365
-0.01,33,6.330135
-0.01,32,6.333769
-0.01,16,6.33562
-0.01,31,6.339143
-0.01,8,6.340077
-0.01,21,6.342491
-0.01,39,6.346888
-0.01,31,6.350378
-0.01,32,6.35401
-0.01,9,6.355054
-0.01,34,6.358866
-0.01,35,6.362809
-0.01,34,6.366658
-0.01,2,6.366906
-0.01,34,6.370708
-0.01,35,6.37462
-0.01,31,6.378141
-0.01,35,6.38209
-0.01,2,6.382336
-0.01,36,6.386321
-0.01,34,6.390161
-0.01,30,6.393569
-0.01,29,6.396894
-0.01,31,6.400409
-0.01,12,6.401805
-0.01,33,6.405536
-0.01,37,6.409724
-0.01,33,6.413454
-0.01,30,6.41687
-0.01,30,6.420274
-0.01,34,6.424135
-0.01,26,6.427118
-0.01,23,6.42977
-0.01,38,6.434065
-0.01,33,6.437805
-0.01,36,6.441889
-0.01,32,6.445524
-0.01,28,6.448714
-0.01,31,6.452227
-0.01,32,6.455847
-0.01,30,6.459271
-0.01,32,6.462927
-0.01,34,6.46679
-0.01,34,6.470635
-0.01,4,6.471097
-0.01,32,6.474707
-0.01,34,6.47855
-0.01,34,6.48242
-0.01,34,6.486265
-0.01,30,6.489677
-0.01,35,6.493589
-0.01,31,6.497124
-0.01,38,6.501355
-0.01,34,6.505198
-0.01,27,6.508286
-0.01,32,6.51191
-0.01,24,6.514661
-0.01,14,6.516291
-0.01,34,6.52014
-0.01,31,6.523651
-0.01,35,6.527612
-0.01,31,6.531159
-0.01,30,6.534568
-0.01,34,6.538409
-0.01,27,6.541412
-0.01,31,6.544931
-0.01,34,6.548784
-0.01,32,6.552406
-0.01,31,6.555926
-0.01,33,6.559557
-0.01,32,6.563169
-0.01,30,6.566576
-0.01,42,6.571251
-0.01,2,6.571497
-0.01,8,6.572431
-0.01,30,6.575834
-0.01,36,6.579907
-0.01,35,6.583856
-0.01,30,6.587272
-0.01,27,6.590356
-0.01,4,6.590826
-0.01,32,6.594468
-0.01,2,6.594712
-0.01,2,6.594955
-0.01,5,6.595523
-0.01,17,6.597498
-0.01,32,6.601117
-0.01,30,6.604503
-0.01,2,6.604743
-0.01,12,6.606138
-0.01,35,6.610124
-0.01,36,6.614201
-0.01,35,6.618169
-0.01,31,6.62168
-0.01,9,6.62272
-0.01,29,6.626017
-0.01,34,6.62986
-0.01,33,6.633579
-0.01,38,6.637873
-0.01,30,6.641283
-0.01,14,6.642904
-0.01,23,6.645542
-0.01,31,6.649048
-0.01,29,6.652354
-0.01,2,6.652592
-0.01,31,6.656098
-0.01,17,6.658029
-0.01,28,6.661181
-0.01,19,6.663357
-0.01,33,6.667081
-0.01,19,6.669272
-0.01,23,6.6719
-0.01,25,6.6747
-0.01,30,6.67809
-0.01,8,6.679028
-0.01,35,6.682994
-0.01,26,6.685948
-0.01,7,6.686762
-0.01,33,6.69048
-0.01,30,6.693884
-0.01,32,6.69752
-0.01,34,6.70137
-0.01,31,6.704875
-0.01,34,6.708725
-0.01,14,6.710344
-0.01,31,6.713855
-0.01,32,6.717496
-0.01,28,6.720704
-0.01,27,6.72378
-0.01,31,6.727317
-0.01,31,6.730817
-0.01,17,6.732778
-0.01,31,6.736302
-0.01,32,6.739921
-0.01,30,6.743322
-0.01,35,6.747243
-0.01,17,6.749209
-0.01,35,6.753171
-0.01,32,6.756794
-0.01,32,6.760422
-0.01,34,6.764251
-0.01,32,6.767886
-0.01,31,6.771404
-0.01,6,6.772095
-0.01,30,6.775479
-0.01,30,6.778887
-0.01,19,6.781089
-0.01,32,6.784689
-0.01,34,6.788544
-0.01,36,6.792634
-0.01,31,6.796161
-0.01,4,6.79663
-0.01,34,6.800461
-0.01,6,6.801163
-0.01,32,6.804789
-0.01,32,6.80842
-0.01,8,6.80935
-0.01,25,6.812202
-0.01,38,6.8168
-0.01,31,6.820388
-0.01,32,6.824048
-0.01,12,6.825444
-0.01,17,6.827408
-0.01,28,6.830604
-0.01,33,6.834342
-0.01,30,6.83775
-0.01,38,6.842041
-0.01,34,6.8459
-0.01,33,6.849626
-0.01,8,6.850566
-0.01,17,6.852544
-0.01,35,6.856535
-0.01,26,6.859533
-0.01,34,6.86341
-0.01,32,6.867035
-0.01,2,6.867282
-0.01,39,6.871635
-0.01,28,6.874854
-0.01,16,6.876696
-0.01,32,6.880314
-0.01,32,6.883949
-0.01,32,6.88758
-0.01,32,6.891198
-0.01,2,6.891444
-0.01,32,6.895079
-0.01,33,6.898827
-0.01,35,6.902789
-0.01,32,6.906414
-0.01,31,6.909936
-0.01,30,6.913336
-0.01,14,6.914947
-0.01,33,6.918688
-0.01,4,6.919156
-0.01,33,6.92291
-0.01,36,6.927032
-0.01,35,6.930991
-0.01,32,6.934617
-0.01,34,6.938466
-0.01,30,6.941881
-0.01,32,6.945513
-0.01,30,6.948923
-0.01,17,6.950886
-0.01,30,6.954286
-0.01,27,6.957326
-0.01,32,6.960953
-0.01,25,6.963811
-0.01,34,6.967665
-0.01,32,6.971275
-0.01,35,6.975225
-0.01,38,6.979513
-0.01,36,6.983551
-0.01,33,6.987287
-0.01,36,6.991327
-0.01,2,6.991573
-0.01,40,6.996092
-0.01,30,6.999514
-0.01,34,7.003361
-0.01,32,7.007006
-0.01,34,7.010876
-0.01,36,7.014945
-0.01,34,7.018787
-0.01,34,7.022631
-0.01,2,7.022878
-0.01,34,7.026737
-0.01,34,7.030568
-0.01,16,7.032413
-0.01,34,7.036281
-0.01,35,7.040253
-0.01,25,7.043085
-0.01,38,7.047379
-0.01,14,7.049012
-0.01,35,7.052964
-0.01,6,7.053688
-0.01,34,7.057554
-0.01,33,7.06125
-0.01,15,7.062987
-0.01,35,7.06695
-0.01,32,7.070523
-0.01,14,7.072141
-0.01,34,7.075998
-0.01,27,7.079069
-0.01,28,7.082273
-0.01,19,7.084467
-0.01,34,7.088326
-0.01,32,7.091955
-0.01,35,7.095903
-0.01,36,7.099985
-0.01,30,7.10339
-0.01,32,7.107024
-0.01,32,7.110642
-0.01,24,7.113387
-0.01,10,7.114548
-0.01,21,7.116966
-0.01,25,7.119835
-0.01,31,7.123337
-0.01,30,7.126745
-0.01,14,7.128368
-0.01,30,7.131781
-0.01,31,7.135297
-0.01,36,7.139378
-0.01,34,7.143237
-0.01,25,7.146093
-0.01,37,7.150276
-0.01,31,7.153777
-0.01,34,7.157626
-0.01,2,7.157874
-0.01,40,7.162251
-0.01,32,7.165886
-0.01,21,7.168321
-0.01,33,7.172002
-0.01,35,7.175922
-0.01,25,7.178777
-0.01,2,7.179021
-0.01,42,7.183745
-0.01,32,7.187365
-0.01,37,7.191524
-0.01,29,7.194834
-0.01,11,7.196095
-0.01,38,7.200302
-0.01,34,7.20414
-0.01,12,7.205507
-0.01,30,7.20891
-0.01,27,7.211985
-0.01,33,7.215731
-0.01,8,7.216656
-0.01,31,7.220077
-0.01,11,7.221321
-0.01,35,7.225231
-0.01,38,7.229488
-0.01,35,7.233456
-0.01,36,7.237523
-0.01,35,7.241474
-0.01,17,7.243411
-0.01,29,7.24671
-0.01,2,7.246959
-0.01,36,7.251047
-0.01,33,7.254787
-0.01,35,7.258755
-0.01,30,7.262163
-0.01,4,7.262626
-0.01,31,7.266149
-0.01,31,7.269673
-0.01,38,7.273963
-0.01,23,7.276571
-0.01,36,7.280648
-0.01,30,7.284042
-0.01,25,7.286908
-0.01,35,7.290853
-0.01,32,7.294476
-0.01,31,7.298
-0.01,35,7.301968
-0.01,30,7.305396
-0.01,39,7.309809
-0.01,32,7.313425
-0.01,34,7.317295
-0.01,24,7.320046
-0.01,32,7.323675
-0.01,40,7.328151
-0.01,26,7.331128
-0.01,32,7.334759
-0.01,25,7.337606
-0.01,33,7.341336
-0.01,14,7.342965
-0.01,30,7.346367
-0.01,35,7.350267
-0.01,31,7.353793
-0.01,29,7.357092
-0.01,30,7.360447
-0.01,44,7.365316
-0.01,37,7.369455
-0.01,31,7.372976
-0.01,36,7.377047
-0.01,32,7.38069
-0.01,29,7.384009
-0.01,32,7.387649
-0.01,7,7.388451
-0.01,18,7.390523
-0.01,14,7.392126
-0.01,31,7.395636
-0.01,38,7.399935
-0.01,26,7.402861
-0.01,34,7.406707
-0.01,6,7.407412
-0.01,33,7.411149
-0.01,6,7.411851
-0.01,36,7.415924
-0.01,34,7.419761
-0.01,32,7.423388
-0.01,8,7.424318
-0.01,30,7.427717
-0.01,33,7.431388
-0.01,32,7.434996
-0.01,32,7.438573
-0.01,36,7.44263
-0.01,37,7.446739
-0.01,30,7.450167
-0.01,2,7.450412
-0.01,10,7.45157
-0.01,36,7.455646
-0.01,36,7.459629
-0.01,19,7.461834
-0.01,30,7.46524
-0.01,34,7.469086
-0.01,32,7.472722
-0.01,23,7.475311
-0.01,34,7.479164
-0.01,34,7.483011
-0.01,31,7.486476
-0.01,30,7.489892
-0.01,30,7.493284
-0.01,33,7.497017
-0.01,35,7.500974
-0.01,30,7.504378
-0.01,36,7.508446
-0.01,34,7.512277
-0.01,43,7.517156
-0.01,2,7.517404
-0.01,35,7.521361
-0.01,34,7.525199
-0.01,32,7.528817
-0.01,32,7.532447
-0.01,34,7.536285
-0.01,36,7.540357
-0.01,21,7.54277
-0.01,15,7.544497
-0.01,32,7.548133
-0.01,25,7.550993
-0.01,34,7.554842
-0.01,35,7.5588
-0.01,8,7.559732
-0.01,2,7.559975
-0.01,38,7.564263
-0.01,31,7.567774
-0.01,30,7.571176
-0.01,2,7.571424
-0.01,27,7.574451
-0.01,27,7.577513
-0.01,23,7.580161
-0.01,33,7.583896
-0.01,29,7.587198
-0.01,34,7.590995
-0.01,32,7.594625
-0.01,33,7.598362
-0.01,33,7.602092
-0.01,4,7.602565
-0.01,29,7.605851
-0.01,11,7.607094
-0.01,35,7.611051
-0.01,31,7.614572
-0.01,27,7.61764
-0.01,4,7.618109
-0.01,11,7.619379
-0.01,31,7.622901
-0.01,33,7.626559
-0.01,33,7.630304
-0.01,4,7.630774
-0.01,27,7.633854
-0.01,26,7.63682
-0.01,30,7.640235
-0.01,32,7.643867
-0.01,31,7.647405
-0.01,33,7.651122
-0.01,10,7.652278
-0.01,31,7.655805
-0.01,4,7.656275
-0.01,29,7.659565
-0.01,32,7.66314
-0.01,33,7.666887
-0.01,17,7.668827
-0.01,34,7.672586
-0.01,16,7.674389
-0.01,32,7.678003
-0.01,33,7.681747
-0.01,37,7.685837
-0.01,11,7.687082
-0.01,35,7.690906
-0.01,35,7.694819
-0.01,33,7.698555
-0.01,35,7.702475
-0.01,6,7.703169
-0.01,33,7.706912
-0.01,34,7.710758
-0.01,31,7.714281
-0.01,7,7.715096
-0.01,15,7.716796
-0.01,19,7.718907
-0.01,31,7.722364
-0.01,13,7.72382
-0.01,37,7.728008
-0.01,32,7.731611
-0.01,2,7.731857
-0.01,31,7.735363
-0.01,33,7.739111
-0.01,9,7.740157
-0.01,35,7.74411
-0.01,2,7.744355
-0.01,31,7.747855
-0.01,31,7.751375
-0.01,31,7.75485
-0.01,29,7.758146
-0.01,2,7.758391
-0.01,18,7.760434
-0.01,2,7.760673
-0.01,34,7.76452
-0.01,33,7.768258
-0.01,4,7.768728
-0.01,21,7.771155
-0.01,32,7.774813
-0.01,34,7.778655
-0.01,37,7.782859
-0.01,4,7.783335
-0.01,32,7.786967
-0.01,32,7.79059
-0.01,32,7.794195
-0.01,29,7.797502
-0.01,18,7.799584
-0.01,40,7.804098
-0.01,32,7.80773
-0.01,32,7.811361
-0.01,34,7.815208
-0.01,32,7.819071
-0.01,18,7.821256
-0.01,30,7.824657
-0.01,17,7.826623
-0.01,30,7.830032
-0.01,36,7.834094
-0.01,16,7.835945
-0.01,36,7.840016
-0.01,30,7.843419
-0.01,30,7.846844
-0.01,35,7.850804
-0.01,33,7.854485
-0.01,32,7.858077
-0.01,23,7.86067
-0.01,6,7.861365
-0.01,35,7.86516
-0.01,21,7.867529
-0.01,29,7.870804
-0.01,30,7.874201
-0.01,32,7.877821
-0.01,33,7.881515
-0.01,35,7.885472
-0.01,34,7.889278
-0.01,29,7.892566
-0.01,29,7.895861
-0.01,29,7.899161
-0.01,31,7.902666
-0.01,33,7.906357
-0.01,35,7.910282
-0.01,33,7.914
-0.01,34,7.917847
-0.01,29,7.921129
-0.01,29,7.924423
-0.01,26,7.927395
-0.01,33,7.931072
-0.01,31,7.934585
-0.01,34,7.938438
-0.01,29,7.941728
-0.01,31,7.945227
-0.01,29,7.948523
-0.01,34,7.952441
-0.01,13,7.95392
-0.01,32,7.957539
-0.01,33,7.961228
-0.01,31,7.964748
-0.01,29,7.968032
-0.01,34,7.971831
-0.01,33,7.975569
-0.01,19,7.977741
-0.01,31,7.981208
-0.01,40,7.985713
-0.01,34,7.989601
-0.01,17,7.991486
-0.01,11,7.992736
-0.01,30,7.996151
-0.01,36,8.000219
-0.01,30,8.003629
-0.01,34,8.007516
-0.01,6,8.008221
-0.01,14,8.009858
-0.01,34,8.013714
-0.01,23,8.016349
-0.01,7,8.017163
-0.01,34,8.021014
-0.01,30,8.024445
-0.01,25,8.027307
-0.01,32,8.030938
-0.01,32,8.034553
-0.01,43,8.039422
-0.01,2,8.039668
-0.01,34,8.043546
-0.01,36,8.047612
-0.01,30,8.051018
-0.01,30,8.054426
-0.01,34,8.058255
-0.01,24,8.060997
-0.01,33,8.064727
-0.01,36,8.06881
-0.01,17,8.070775
-0.01,14,8.072404
-0.01,8,8.073338
-0.01,7,8.074158
-0.01,35,8.078134
-0.01,8,8.079065
-0.01,33,8.082809
-0.01,33,8.086548
-0.01,32,8.090181
-0.01,32,8.093769
-0.01,34,8.097601
-0.01,8,8.098533
-0.01,30,8.101935
-0.01,33,8.105662
-0.01,32,8.109312
-0.01,30,8.112712
-0.01,34,8.11657
-0.01,30,8.119989
-0.01,6,8.120688
-0.01,6,8.121389
-0.01,14,8.122921
-0.01,37,8.127045
-0.01,17,8.128914
-0.01,7,8.12973
-0.01,11,8.130994
-0.01,6,8.131693
-0.01,32,8.135325
-0.01,31,8.138798
-0.01,37,8.142973
-0.01,34,8.146721
-0.01,34,8.15056
-0.01,31,8.154093
-0.01,8,8.155019
-0.01,17,8.156975
-0.01,36,8.161046
-0.01,2,8.161293
-0.01,16,8.163171
-0.01,39,8.167535
-0.01,19,8.169727
-0.01,30,8.173131
-0.01,33,8.176906
-0.01,32,8.180535
-0.01,6,8.181239
-0.01,30,8.184636
-0.01,30,8.18803
-0.01,33,8.191631
-0.01,18,8.193675
-0.01,39,8.198074
-0.01,33,8.201816
-0.01,33,8.205546
-0.01,33,8.209277
-0.01,2,8.20952
-0.01,9,8.21056
-0.01,31,8.214062
-0.01,33,8.21779
-0.01,34,8.221612
-0.01,34,8.225461
-0.01,30,8.228871
-0.01,29,8.232174
-0.01,33,8.235907
-0.01,35,8.239896
-0.01,31,8.243409
-0.01,31,8.246921
-0.01,37,8.251117
-0.01,31,8.254623
-0.01,11,8.255863
-0.01,33,8.25955
-0.01,26,8.262518
-0.01,4,8.262982
-0.01,2,8.26322
-0.01,34,8.267069
-0.01,34,8.270857
-0.01,30,8.274265
-0.01,30,8.277676
-0.01,31,8.281238
-0.01,36,8.285265
-0.01,36,8.289339
-0.01,32,8.292966
-0.01,30,8.296382
-0.01,30,8.299795
-0.01,34,8.303635
-0.01,25,8.306461
-0.01,2,8.306706
-0.01,9,8.307744
-0.01,35,8.311644
-0.01,16,8.3135
-0.01,30,8.316902
-0.01,25,8.319749
-0.01,32,8.323385
-0.01,26,8.326348
-0.01,30,8.329705
-0.01,31,8.333207
-0.01,36,8.33728
-0.01,37,8.341467
-0.01,30,8.344869
-0.01,33,8.348607
-0.01,32,8.352238
-0.01,6,8.352938
-0.01,34,8.356788
-0.01,31,8.360326
-0.01,6,8.36102
-0.01,32,8.364647
-0.01,31,8.368176
-0.01,17,8.370139
-0.01,18,8.372251
-0.01,6,8.372956
-0.01,28,8.376152
-0.01,34,8.380011
-0.01,30,8.383419
-0.01,25,8.386262
-0.01,35,8.390229
-0.01,31,8.393743
-0.01,35,8.397696
-0.01,34,8.401558
-0.01,36,8.405639
-0.01,32,8.40926
-0.01,34,8.413102
-0.01,32,8.416725
-0.01,25,8.419576
-0.01,33,8.423261
-0.01,37,8.427432
-0.01,38,8.43173
-0.01,32,8.435353
-0.01,28,8.438567
-0.01,30,8.441962
-0.01,19,8.444134
-0.01,36,8.448184
-0.01,4,8.448655
-0.01,28,8.451834
-0.01,14,8.453452
-0.01,41,8.458047
-0.01,31,8.461505
-0.01,33,8.46521
-0.01,34,8.468999
-0.01,30,8.47239
-0.01,30,8.475792
-0.01,14,8.477423
-0.01,33,8.481157
-0.01,2,8.481403
-0.01,34,8.485248
-0.01,36,8.489307
-0.01,32,8.492937
-0.01,35,8.496888
-0.01,19,8.499085
-0.01,28,8.50229
-0.01,31,8.505784
-0.01,40,8.510296
-0.01,33,8.514022
-0.01,36,8.518097
-0.01,25,8.52096
-0.01,30,8.524369
-0.01,32,8.528009
-0.01,26,8.530965
-0.01,2,8.531211
-0.01,32,8.534833
-0.01,38,8.539086
-0.01,30,8.542484
-0.01,31,8.545997
-0.01,34,8.549815
-0.01,39,8.554229
-0.01,32,8.55784
-0.01,37,8.56196
-0.01,31,8.565453
-0.01,34,8.569317
-0.01,34,8.573147
-0.01,40,8.577632
-0.01,17,8.579596
-0.01,35,8.583554
-0.01,35,8.58746
-0.01,34,8.591313
-0.01,36,8.595369
-0.01,8,8.596308
-0.01,8,8.597244
-0.01,35,8.60119
-0.01,9,8.602242
-0.01,31,8.605749
-0.01,36,8.609821
-0.01,30,8.613222
-0.01,24,8.615969
-0.01,12,8.617373
-0.01,34,8.621203
-0.01,25,8.624052
-0.01,38,8.628345
-0.01,30,8.631749
-0.01,33,8.635507
-0.01,34,8.639366
-0.01,32,8.642983
-0.01,35,8.64693
-0.01,34,8.650788
-0.01,35,8.654693
-0.01,34,8.658546
-0.01,31,8.662041
-0.01,21,8.664462
-0.01,40,8.66898
-0.01,23,8.671571
-0.01,16,8.673434
-0.01,25,8.676305
-0.01,34,8.680159
-0.01,21,8.682581
-0.01,30,8.685994
-0.01,40,8.690507
-0.01,30,8.693919
-0.01,17,8.695894
-0.01,2,8.696134
-0.01,32,8.699759
-0.01,18,8.701861
-0.01,38,8.706167
-0.01,33,8.709899
-0.01,6,8.710597
-0.01,34,8.714452
-0.01,8,8.71539
-0.01,32,8.719006
-0.01,33,8.72275
-0.01,32,8.726387
-0.01,37,8.730572
-0.01,35,8.734529
-0.01,14,8.736158
-0.01,33,8.739908
-0.01,20,8.742169
-0.01,29,8.745433
-0.01,32,8.749067
-0.01,6,8.749762
-0.01,18,8.751797
-0.01,2,8.752043
-0.01,7,8.752858
-0.01,27,8.755935
-0.01,32,8.759553
-0.01,32,8.763182
-0.01,31,8.766682
-0.01,16,8.768564
-0.01,25,8.771408
-0.01,2,8.771653
-0.01,31,8.775147
-0.01,32,8.778772
-0.01,34,8.782585
-0.01,35,8.786549
-0.01,30,8.789962
-0.01,32,8.793597
-0.01,34,8.797359
-0.01,30,8.800767
-0.01,33,8.804501
-0.01,4,8.80497
-0.01,31,8.808493
-0.01,32,8.812122
-0.01,29,8.815417
-0.01,13,8.816901
-0.01,29,8.820202
-0.01,5,8.820778
-0.01,14,8.822462
-0.01,8,8.823529
-0.01,28,8.826837
-0.01,33,8.830579
-0.01,32,8.83422
-0.01,30,8.837635
-0.01,10,8.838795
-0.01,30,8.842197
-0.01,35,8.846167
-0.01,20,8.848467
-0.01,39,8.852859
-0.01,30,8.856267
-0.01,30,8.859679
-0.01,32,8.863298
-0.01,37,8.867479
-0.01,27,8.870565
-0.01,34,8.874424
-0.01,32,8.87805
-0.01,6,8.878749
-0.01,29,8.882045
-0.01,34,8.885902
-0.01,20,8.888176
-0.01,31,8.891683
-0.01,33,8.895368
-0.01,32,8.899014
-0.01,29,8.90231
-0.01,37,8.906493
-0.01,30,8.909857
-0.01,31,8.913379
-0.01,15,8.915089
-0.01,34,8.918933
-0.01,31,8.922437
-0.01,21,8.924749
-0.01,32,8.928376
-0.01,33,8.932103
-0.01,35,8.936053
-0.01,29,8.939345
-0.01,2,8.939583
-0.01,30,8.942981
-0.01,31,8.946475
-0.01,2,8.946724
-0.01,35,8.950643
-0.01,30,8.954045
-0.01,33,8.957782
-0.01,39,8.962189
-0.01,35,8.966154
-0.01,28,8.969341
-0.01,34,8.973177
-0.01,31,8.976686
-0.01,35,8.980625
-0.01,42,8.985363
-0.01,32,8.988989
-0.01,15,8.9907
-0.01,33,8.994382
-0.01,31,8.997899
-0.01,34,9.00176
-0.01,32,9.005369
-0.01,34,9.009218
-0.01,14,9.010842
-0.01,25,9.013659
-0.01,34,9.017515
-0.01,35,9.021463
-0.01,32,9.025095
-0.01,25,9.027913
-0.01,23,9.030576
-0.01,30,9.033975
-0.01,6,9.034679
-0.01,23,9.037312
-0.01,22,9.039757
-0.01,7,9.040566
-0.01,30,9.043962
-0.01,32,9.047582
-0.01,34,9.051435
-0.01,32,9.05505
-0.01,34,9.058911
-0.01,32,9.062494
-0.01,30,9.065886
-0.01,24,9.06863
-0.01,36,9.072711
-0.01,10,9.073867
-0.01,37,9.078055
-0.01,32,9.081679
-0.01,33,9.085404
-0.01,32,9.08912
-0.01,32,9.092712
-0.01,37,9.096909
-0.01,34,9.100759
-0.01,33,9.104418
-0.01,32,9.108049
-0.01,18,9.110107
-0.01,36,9.114156
-0.01,20,9.11646
-0.01,6,9.117161
-0.01,30,9.120579
-0.01,2,9.12083
-0.01,33,9.124547
-0.01,35,9.128532
-0.01,35,9.132463
-0.01,34,9.136315
-0.01,34,9.140175
-0.01,35,9.144184
-0.01,30,9.147582
-0.01,12,9.148981
-0.01,36,9.153057
-0.01,25,9.155916
-0.01,32,9.159547
-0.01,19,9.161756
-0.01,36,9.165805
-0.01,8,9.166737
-0.01,30,9.170143
-0.01,28,9.173346
-0.01,8,9.174272
-0.01,33,9.177953
-0.01,18,9.180017
-0.01,9,9.181057
-0.01,36,9.185116
-0.01,18,9.187202
-0.01,8,9.188138
-0.01,19,9.190327
-0.01,2,9.190573
-0.01,2,9.190836
-0.01,21,9.193302
-0.01,30,9.196726
-0.01,14,9.198347
-0.01,8,9.199257
-0.01,32,9.202885
-0.01,32,9.206524
-0.01,36,9.210622
-0.01,31,9.214163
-0.01,4,9.214633
-0.01,30,9.21803
-0.01,27,9.221091
-0.01,16,9.222955
-0.01,30,9.22638
-0.01,25,9.22927
-0.01,33,9.233033
-0.01,35,9.237011
-0.01,31,9.240557
-0.01,34,9.244435
-0.01,36,9.248485
-0.01,23,9.251127
-0.01,32,9.254759
-0.01,31,9.258293
-0.01,35,9.262204
-0.01,30,9.265619
-0.01,30,9.269045
-0.01,14,9.270665
-0.01,13,9.272153
-0.01,35,9.276115
-0.01,29,9.279422
-0.01,31,9.282956
-0.01,31,9.286487
-0.01,33,9.290247
-0.01,34,9.294129
-0.01,19,9.296297
-0.01,2,9.296544
-0.01,34,9.300418
-0.01,34,9.304257
-0.01,33,9.307996
-0.01,13,9.309465
-0.01,2,9.309704
-0.01,30,9.313102
-0.01,36,9.317175
-0.01,16,9.319025
-0.01,32,9.322663
-0.01,33,9.326407
-0.01,32,9.330057
-0.01,36,9.334139
-0.01,33,9.337893
-0.01,37,9.342061
-0.01,31,9.345568
-0.01,30,9.348995
-0.01,2,9.349241
-0.01,6,9.349944
-0.01,29,9.353227
-0.01,29,9.356529
-0.01,29,9.359874
-0.01,22,9.362319
-0.01,35,9.366195
-0.01,29,9.369496
-0.01,32,9.373131
-0.01,29,9.376419
-0.01,35,9.380394
-0.01,29,9.383699
-0.01,29,9.386998
-0.01,34,9.390864
-0.01,2,9.39111
-0.01,35,9.395071
-0.01,31,9.398594
-0.01,4,9.399066
-0.01,26,9.402001
-0.01,28,9.4052
-0.01,31,9.40874
-0.01,34,9.412597
-0.01,25,9.415416
-0.01,12,9.416819
-0.01,31,9.420338
-0.01,8,9.421272
-0.01,34,9.425159
-0.01,27,9.428252
-0.01,15,9.429951
-0.01,6,9.430644
-0.01,30,9.434066
-0.01,33,9.437818
-0.01,32,9.44144
-0.01,2,9.441686
-0.01,32,9.445323
-0.01,33,9.44906
-0.01,34,9.452908
-0.01,25,9.45577
-0.01,32,9.459341
-0.01,32,9.462978
-0.01,27,9.466063
-0.01,33,9.469763
-0.01,34,9.473607
-0.01,30,9.477005
-0.01,18,9.479094
-0.01,37,9.483276
-0.01,30,9.486669
-0.01,33,9.490438
-0.01,35,9.494394
-0.01,34,9.49824
-0.01,24,9.500947
-0.01,34,9.504774
-0.01,30,9.508194
-0.01,30,9.511591
-0.01,30,9.514987
-0.01,41,9.519635
-0.01,19,9.521834
-0.01,35,9.525803
-0.01,25,9.528653
-0.01,19,9.530858
-0.01,34,9.534708
-0.01,30,9.538107
-0.01,34,9.541942
-0.01,29,9.545239
-0.01,34,9.5491
-0.01,2,9.549338
-0.01,24,9.552073
-0.01,43,9.556942
-0.01,34,9.5608
-0.01,34,9.564606
-0.01,25,9.567455
-0.01,34,9.571323
-0.01,37,9.57553
-0.01,30,9.578949
-0.01,30,9.582359
-0.01,32,9.585979
-0.01,31,9.589496
-0.01,41,9.594118
-0.01,18,9.596197
-0.01,4,9.596669
-0.01,2,9.596913
-0.01,37,9.601016
-0.01,30,9.604433
-0.01,21,9.606852
-0.01,32,9.610447
-0.01,17,9.61239
-0.01,34,9.616241
-0.01,2,9.616487
-0.01,32,9.620068
-0.01,32,9.623707
-0.01,32,9.627332
-0.01,6,9.628033
-0.01,32,9.631621
-0.01,10,9.632778
-0.01,30,9.636193
-0.01,28,9.639335
-0.01,26,9.642292
-0.01,32,9.645925
-0.01,30,9.649337
-0.01,33,9.653074
-0.01,34,9.656937
-0.01,2,9.657182
-0.01,23,9.659827
-0.01,31,9.663332
-0.01,14,9.664956
-0.01,19,9.667051
-0.01,21,9.669488
-0.01,31,9.673014
-0.01,8,9.673945
-0.01,8,9.674881
-0.01,30,9.678295
-0.01,32,9.681924
-0.01,4,9.682394
-0.01,32,9.68602
-0.01,38,9.690297
-0.01,30,9.693711
-0.01,39,9.698114
-0.01,29,9.701406
-0.01,28,9.704597
-0.01,34,9.708441
-0.01,37,9.712617
-0.01,42,9.717292
-0.01,31,9.720813
-0.01,31,9.72432
-0.01,31,9.727837
-0.01,32,9.731479
-0.01,30,9.73488
-0.01,17,9.736853
-0.01,36,9.740899
-0.01,32,9.744518
-0.01,2,9.744767
-0.01,29,9.748079
-0.01,38,9.752371
-0.01,8,9.753319
-0.01,4,9.753791
-0.01,33,9.75746
-0.01,2,9.757704
-0.01,29,9.760993
-0.01,25,9.7638
-0.01,18,9.765832
-0.01,32,9.769427
-0.01,4,9.769897
-0.01,20,9.772172
-0.01,31,9.775688
-0.01,31,9.779215
-0.01,7,9.780032
-0.01,32,9.783663
-0.01,34,9.787503
-0.01,32,9.791128
-0.01,34,9.794967
-0.01,19,9.797156
-0.01,35,9.801064
-0.01,17,9.803028
-0.01,34,9.806883
-0.01,2,9.807128
-0.01,32,9.81076
-0.01,16,9.812614
-0.01,26,9.815562
-0.01,30,9.819023
-0.01,10,9.820173
-0.01,13,9.821678
-0.01,19,9.823866
-0.01,36,9.828108
-0.01,16,9.830109
-0.01,4,9.830579
-0.01,11,9.831845
-0.01,32,9.835459
-0.01,33,9.8392
-0.01,36,9.843161
-0.01,38,9.847461
-0.01,34,9.851312
-0.01,31,9.854803
-0.01,32,9.858433
-0.01,31,9.861954
-0.01,31,9.865473
-0.01,32,9.869059
-0.01,35,9.873018
-0.01,34,9.876866
-0.01,29,9.880172
-0.01,30,9.883523
-0.01,31,9.887068
-0.01,11,9.888319
-0.01,33,9.892068
-0.01,4,9.89253
-0.01,32,9.896098
-0.01,33,9.899833
-0.01,34,9.903661
-0.01,30,9.907048
-0.01,32,9.910682
-0.01,31,9.9142
-0.01,17,9.916138
-0.01,2,9.916376
-0.01,19,9.918566
-0.01,32,9.922193
-0.01,33,9.925918
-0.01,23,9.928555
-0.01,23,9.931187
-0.01,35,9.935149
-0.01,30,9.938561
-0.01,30,9.941959
-0.01,16,9.943765
-0.01,14,9.945377
-0.01,36,9.949452
-0.01,35,9.953421
-0.01,36,9.95749
-0.01,33,9.961204
-0.01,21,9.963622
-0.01,40,9.968142
-0.01,16,9.970003
-0.01,34,9.973843
-0.01,31,9.977365
-0.01,33,9.981045
-0.01,24,9.98379
-0.01,34,9.987628
-0.01,8,9.988564
-0.01,33,9.992308
-0.01,12,9.993702
-0.01,26,9.996667
-0.01,41,10.001293
-0.01,32,10.004919
-0.01,27,10.007997
-0.01,12,10.009392
-0.01,37,10.013569
-0.01,17,10.015524
-0.01,32,10.019162
-0.01,34,10.022905
-0.01,17,10.024873
-0.01,35,10.028806
-0.01,33,10.032541
-0.01,23,10.035187
-0.01,33,10.038907
-0.01,31,10.042419
-0.01,28,10.045607
-0.01,29,10.048887
-0.01,37,10.053071
-0.01,25,10.055915
-0.01,35,10.059873
-0.01,33,10.063558
-0.01,35,10.067514
-0.01,2,10.067757
-0.01,33,10.071487
-0.01,32,10.07511
-0.01,21,10.07753
-0.01,30,10.080936
-0.01,24,10.083681
-0.01,32,10.087312
-0.01,21,10.089728
-0.01,31,10.093242
-0.01,30,10.096645
-0.01,14,10.098271
-0.01,25,10.101077
-0.01,29,10.10437
-0.01,32,10.108
-0.01,37,10.112187
-0.01,4,10.112656
-0.01,19,10.114859
-0.01,37,10.119005
-0.01,36,10.123088
-0.01,37,10.127266
-0.01,21,10.129681
-0.01,34,10.133525
-0.01,33,10.137252
-0.01,39,10.141665
-0.01,35,10.145634
-0.01,37,10.149834
-0.01,34,10.153677
-0.01,36,10.157752
-0.01,34,10.161604
-0.01,35,10.165498
-0.01,26,10.168467
-0.01,16,10.170317
-0.01,31,10.173827
-0.01,34,10.177675
-0.01,30,10.18108
-0.01,4,10.18155
-0.01,33,10.185279
-0.01,14,10.18689
-0.01,2,10.187137
-0.01,19,10.189317
-0.01,2,10.189564
-0.01,37,10.193666
-0.01,15,10.195406
-0.01,35,10.199379
-0.01,23,10.202002
-0.01,2,10.202249
-0.01,27,10.205332
-0.01,21,10.20775
-0.01,30,10.211163
-0.01,30,10.214589
-0.01,17,10.216565
-0.01,22,10.219097
-0.01,31,10.222676
-0.01,30,10.226075
-0.01,31,10.229596
-0.01,34,10.233424
-0.01,32,10.237054
-0.01,34,10.240901
-0.01,19,10.243088
-0.01,18,10.245166
-0.01,17,10.247143
-0.01,36,10.251199
-0.01,32,10.254835
-0.01,34,10.258717
-0.01,11,10.259994
-0.01,23,10.26263
-0.01,33,10.266307
-0.01,30,10.269713
-0.01,42,10.274395
-0.01,2,10.274641
-0.01,30,10.278059
-0.01,32,10.281712
-0.01,30,10.285135
-0.01,36,10.28922
-0.01,32,10.292884
-0.01,34,10.296738
-0.01,30,10.30015
-0.01,2,10.300396
-0.01,27,10.303475
-0.01,17,10.305448
-0.01,41,10.310029
-0.01,34,10.313878
-0.01,32,10.317494
-0.01,30,10.320899
-0.01,25,10.32375
-0.01,35,10.327708
-0.01,30,10.331101
-0.01,33,10.334854
-0.01,33,10.338594
-0.01,35,10.342597
-0.01,21,10.345036
-0.01,31,10.348506
-0.01,34,10.352311
-0.01,24,10.355044
-0.01,33,10.358775
-0.01,4,10.359245
-0.01,2,10.35949
-0.01,29,10.362803
-0.01,31,10.366324
-0.01,25,10.369181
-0.01,37,10.373365
-0.01,14,10.374942
-0.01,31,10.378456
-0.01,32,10.382054
-0.01,11,10.383296
-0.01,33,10.38703
-0.01,34,10.390877
-0.01,2,10.391122
-0.01,35,10.395087
-0.01,32,10.3987
-0.01,29,10.401959
-0.01,34,10.405797
-0.01,13,10.407282
-0.01,36,10.411389
-0.01,19,10.413544
-0.01,17,10.415464
-0.01,33,10.419185
-0.01,29,10.422485
-0.01,30,10.425876
-0.01,30,10.429287
-0.01,29,10.432575
-0.01,34,10.436429
-0.01,37,10.440523
-0.01,34,10.444374
-0.01,35,10.448354
-0.01,33,10.452055
-0.01,35,10.455942
-0.01,33,10.45968
-0.01,33,10.463415
-0.01,2,10.463654
-0.01,6,10.464359
-0.01,23,10.466962
-0.01,34,10.470819
-0.01,32,10.474446
-0.01,36,10.478553
-0.01,20,10.480846
-0.01,33,10.484577
-0.01,37,10.488712
-0.01,23,10.491341
-0.01,20,10.493644
-0.01,16,10.49548
-0.01,30,10.498889
-0.01,13,10.500379
-0.01,21,10.502711
-0.01,15,10.504436
-0.01,33,10.508176
-0.01,40,10.512626
-0.01,6,10.513318
-0.01,42,10.518072
-0.01,23,10.520652
-0.01,32,10.524269
-0.01,12,10.525668
-0.01,30,10.529083
-0.01,4,10.529553
-0.01,32,10.533124
-0.01,35,10.53703
-0.01,36,10.541063
-0.01,36,10.545153
-0.01,30,10.548564
-0.01,30,10.551964
-0.01,36,10.556032
-0.01,40,10.560544
-0.01,32,10.564134
-0.01,29,10.567433
-0.01,37,10.571611
-0.01,32,10.575232
-0.01,32,10.578806
-0.01,25,10.581647
-0.01,12,10.583043
-0.01,32,10.586611
-0.01,30,10.590006
-0.01,16,10.591852
-0.01,38,10.596131
-0.01,34,10.599932
-0.01,10,10.601085
-0.01,35,10.605034
-0.01,16,10.606885
-0.01,33,10.610626
-0.01,35,10.614583
-0.01,8,10.615509
-0.01,18,10.617549
-0.01,34,10.621411
-0.01,31,10.624913
-0.01,34,10.628668
-0.01,15,10.630355
-0.01,4,10.630825
-0.01,23,10.633455
-0.01,23,10.636079
-0.01,34,10.639873
-0.01,33,10.643609
-0.01,24,10.646335
-0.01,31,10.649826
-0.01,29,10.653125
-0.01,38,10.657363
-0.01,6,10.65808
-0.01,33,10.661807
-0.01,2,10.662045
-0.01,36,10.666106
-0.01,36,10.670185
-0.01,30,10.673603
-0.01,31,10.677122
-0.01,34,10.680983
-0.01,23,10.683622
-0.01,34,10.687475
-0.01,32,10.691098
-0.01,4,10.691559
-0.01,33,10.695299
-0.01,37,10.699448
-0.01,6,10.70015
-0.01,17,10.702063
-0.01,33,10.705793
-0.01,33,10.709527
-0.01,34,10.713371
-0.01,29,10.716671
-0.01,2,10.716916
-0.01,7,10.717733
-0.01,39,10.722127
-0.01,35,10.726077
-0.01,33,10.729807
-0.01,35,10.733717
-0.01,2,10.733955
-0.01,18,10.736027
-0.01,35,10.740015
-0.01,30,10.743406
-0.01,32,10.747033
-0.01,2,10.747278
-0.01,4,10.747754
-0.01,33,10.751488
-0.01,19,10.753686
-0.01,30,10.757093
-0.01,2,10.757338
-0.01,36,10.761428
-0.01,33,10.765159
-0.01,32,10.768772
-0.01,4,10.76924
-0.01,32,10.772869
-0.01,35,10.77682
-0.01,36,10.780894
-0.01,23,10.783521
-0.01,21,10.78594
-0.01,33,10.789662
-0.01,42,10.794356
-0.01,15,10.796083
-0.01,32,10.799722
-0.01,10,10.800875
-0.01,4,10.801345
-0.01,35,10.80534
-0.01,31,10.808873
-0.01,29,10.812175
-0.01,38,10.816413
-0.01,26,10.819283
-0.01,29,10.822548
-0.01,33,10.826287
-0.01,29,10.829576
-0.01,33,10.833463
-0.01,7,10.834281
-0.01,30,10.837693
-0.01,44,10.842609
-0.01,30,10.846006
-0.01,31,10.849525
-0.01,31,10.853
-0.01,32,10.856648
-0.01,16,10.858515
-0.01,7,10.859318
-0.01,31,10.862811
-0.01,38,10.867023
-0.01,33,10.870791
-0.01,31,10.87432
-0.01,2,10.874558
-0.01,34,10.878419
-0.01,16,10.880219
-0.01,34,10.884072
-0.01,32,10.887704
-0.01,33,10.891443
-0.01,37,10.895564
-0.01,32,10.899206
-0.01,32,10.902829
-0.01,2,10.903076
-0.01,26,10.90604
-0.01,33,10.90978
-0.01,32,10.913414
-0.01,32,10.917055
-0.01,31,10.920581
-0.01,30,10.924011
-0.01,31,10.927524
-0.01,32,10.931153
-0.01,30,10.934549
-0.01,32,10.938215
-0.01,36,10.942293
-0.01,34,10.946136
-0.01,19,10.948312
-0.01,33,10.952055
-0.01,34,10.955916
-0.01,39,10.960287
-0.01,37,10.964418
-0.01,14,10.966038
-0.01,28,10.969247
-0.01,32,10.972868
-0.01,37,10.97706
-0.01,18,10.979142
-0.01,31,10.982668
-0.01,38,10.986962
-0.01,32,10.990587
-0.01,25,10.993445
-0.01,33,10.997185
-0.01,31,11.000727
-0.01,23,11.003396
-0.01,24,11.006139
-0.01,36,11.01022
-0.01,32,11.013847
-0.01,36,11.017896
-0.01,39,11.022286
-0.01,32,11.025921
-0.01,32,11.02954
-0.01,34,11.033404
-0.01,32,11.037043
-0.01,31,11.040533
-0.01,32,11.044118
-0.01,20,11.046421
-0.01,2,11.046666
-0.01,32,11.050298
-0.01,17,11.052262
-0.01,39,11.05668
-0.01,30,11.060085
-0.01,31,11.063605
-0.01,24,11.066353
-0.01,30,11.069792
-0.01,33,11.07354
-0.01,35,11.077501
-0.01,15,11.079234
-0.01,32,11.082754
-0.01,34,11.086551
-0.01,32,11.090178
-0.01,31,11.093689
-0.01,33,11.097414
-0.01,6,11.098112
-0.01,33,11.101799
-0.01,34,11.105649
-0.01,30,11.109053
-0.01,8,11.109986
-0.01,33,11.113713
-0.01,32,11.117322
-0.01,31,11.120829
-0.01,34,11.124655
-0.01,2,11.124901
-0.01,23,11.127536
-0.01,30,11.130933
-0.01,14,11.132564
-0.01,32,11.136206
-0.01,28,11.139409
-0.01,31,11.14292
-0.01,32,11.146555
-0.01,32,11.150172
-0.01,32,11.153805
-0.01,36,11.157878
-0.01,36,11.161949
-0.01,20,11.164219
-0.01,38,11.168506
-0.01,32,11.172122
-0.01,32,11.175739
-0.01,33,11.179475
-0.01,28,11.182668
-0.01,31,11.186175
-0.01,38,11.190405
-0.01,35,11.194353
-0.01,36,11.198353
-0.01,36,11.202456
-0.01,25,11.205301
-0.01,30,11.208722
-0.01,31,11.212184
-0.01,35,11.21614
-0.01,36,11.220207
-0.01,30,11.223602
-0.01,36,11.227678
-0.01,34,11.231533
-0.01,12,11.23293
-0.01,33,11.236658
-0.01,34,11.240505
-0.01,32,11.244135
-0.01,12,11.245495
-0.01,14,11.247069
-0.01,2,11.247308
-0.01,29,11.250624
-0.01,32,11.254248
-0.01,34,11.258055
-0.01,31,11.261556
-0.01,14,11.263158
-0.01,30,11.266573
-0.01,35,11.270523
-0.01,32,11.274179
-0.01,30,11.277589
-0.01,35,11.281528
-0.01,34,11.285381
-0.01,25,11.288191
-0.01,36,11.292253
-0.01,26,11.295161
-0.01,32,11.298785
-0.01,12,11.300171
-0.01,32,11.303747
-0.01,21,11.306158
-0.01,36,11.310171
-0.01,33,11.313891
-0.01,13,11.315362
-0.01,36,11.319431
-0.01,32,11.323044
-0.01,31,11.326572
-0.01,30,11.329971
-0.01,31,11.333502
-0.01,36,11.337583
-0.01,33,11.34127
-0.01,23,11.343903
-0.01,16,11.345763
-0.01,32,11.349387
-0.01,42,11.354113
-0.01,30,11.357593
