#{"t_start": 1715546163.2367628, "env_id": "Office-single-v0"}
r,l,t
0.0,13,0.001862
0.0,17,0.003643
0.0,26,0.00616
0.0,48,0.010633
0.0,13,0.011872
0.0,19,0.013646
0.0,6,0.014236
0.0,28,0.016727
0.0,31,0.019429
0.0,82,0.026517
0.0,25,0.028696
0.0,24,0.030696
0.0,22,0.03254
0.0,138,0.043927
0.0,4,0.044285
0.0,43,0.047833
0.0,80,0.0544
0.0,1,0.054507
0.0,11,0.055428
1.0,48,0.059303
0.0,108,0.068198
1.0,88,0.075413
0.0,54,0.079862
0.0,112,0.089072
0.0,150,0.101284
0.0,18,0.102791
0.0,31,0.105322
0.0,90,0.11273
0.0,80,0.119242
0.0,21,0.120974
0.0,6,0.121477
0.0,68,0.127015
0.0,103,0.135441
0.0,89,0.142765
0.0,73,0.148764
0.0,93,0.156405
0.0,75,0.162468
0.0,143,0.174189
0.0,35,0.177074
0.0,123,0.187159
0.0,24,0.189155
0.0,37,0.192212
0.0,116,0.201729
1.0,62,0.206714
0.0,29,0.209102
0.0,499,0.249758
1.0,111,0.258856
0.0,238,0.278305
0.0,31,0.280846
0.0,28,0.283129
0.0,31,0.285684
0.0,45,0.289331
0.0,12,0.290324
0.0,146,0.302258
0.0,63,0.307444
1.0,123,0.317489
0.0,6,0.317984
0.0,15,0.319229
0.0,48,0.32316
0.0,6,0.323676
0.0,56,0.328396
0.0,17,0.329975
1.0,228,0.348552
1.0,57,0.353218
0.0,21,0.35495
0.0,93,0.362529
1.0,134,0.373099
0.0,32,0.375724
0.0,238,0.395079
0.0,66,0.40051
1.0,51,0.404615
0.0,20,0.406268
1.0,110,0.415106
0.0,15,0.416365
0.0,189,0.431825
1.0,74,0.437822
0.0,232,0.456935
0.0,45,0.46063
0.0,164,0.473961
0.0,72,0.479893
0.0,4,0.480241
0.0,103,0.488721
0.0,18,0.490224
0.0,75,0.496406
1.0,68,0.501991
0.0,48,0.505918
0.0,104,0.514445
0.0,64,0.519718
0.0,85,0.526663
1.0,17,0.528024
1.0,54,0.532416
0.0,126,0.542775
0.0,296,0.56706
1.0,63,0.572205
0.0,44,0.57581
1.0,201,0.592247
0.0,79,0.598724
0.0,6,0.599247
0.0,143,0.610952
0.0,20,0.612616
0.0,21,0.614366
0.0,76,0.620554
0.0,38,0.623658
0.0,72,0.629415
1.0,11,0.630293
0.0,67,0.635768
0.0,66,0.641184
0.0,125,0.651458
0.0,163,0.664746
0.0,119,0.674479
0.0,11,0.675369
0.0,167,0.689039
0.0,18,0.690543
0.0,24,0.692499
0.0,203,0.70907
0.0,206,0.7259
0.0,109,0.734768
0.0,56,0.739346
0.0,199,0.755626
0.0,191,0.771233
0.0,5,0.771661
0.0,182,0.78651
0.0,14,0.787662
0.0,68,0.793205
0.0,13,0.794285
0.0,152,0.806696
0.0,102,0.815043
0.0,111,0.832061
0.0,87,0.839976
0.0,1,0.840119
0.0,65,0.845627
0.0,75,0.851883
0.0,61,0.856951
0.0,75,0.8631
0.0,24,0.86513
0.0,78,0.871587
0.0,13,0.872689
0.0,82,0.879268
0.0,14,0.880392
0.0,39,0.883598
0.0,106,0.892589
0.0,123,0.902785
1.0,31,0.905378
0.0,56,0.910006
1.0,126,0.920346
0.0,36,0.923338
1.0,229,0.942117
0.0,140,0.953719
0.0,106,0.9625
0.0,160,0.975673
0.0,20,0.977354
0.0,6,0.977866
0.0,13,0.978956
0.0,117,0.988437
0.0,15,0.989675
0.0,16,0.991003
0.0,55,0.995524
0.0,180,1.010318
0.0,8,1.011009
0.0,57,1.015728
0.0,20,1.017397
0.0,257,1.038486
1.0,92,1.046046
0.0,68,1.05164
0.0,108,1.060583
0.0,72,1.066513
0.0,102,1.074857
0.0,20,1.076512
1.0,160,1.089707
1.0,60,1.094571
0.0,19,1.096171
0.0,103,1.104692
0.0,14,1.105869
0.0,28,1.108217
0.0,67,1.113765
0.0,17,1.115177
0.0,37,1.118246
0.0,37,1.121297
0.0,9,1.122049
0.0,15,1.1233
0.0,51,1.127444
0.0,67,1.13291
0.0,40,1.136234
1.0,62,1.14133
0.0,9,1.142089
0.0,29,1.144497
0.0,233,1.163538
0.0,460,1.201474
0.0,198,1.21778
0.0,88,1.224878
0.0,147,1.236914
0.0,81,1.243512
0.0,17,1.244928
0.0,37,1.24795
0.0,146,1.259937
0.0,125,1.270266
0.0,85,1.277273
0.0,146,1.289309
0.0,196,1.305324
0.0,121,1.315256
0.0,190,1.330699
0.0,23,1.332709
0.0,135,1.344023
0.0,83,1.350819
0.0,8,1.351502
0.0,44,1.355094
0.0,219,1.373031
0.0,80,1.379573
0.0,42,1.383049
0.0,118,1.392779
0.0,14,1.393947
0.0,20,1.395614
0.0,8,1.396299
0.0,9,1.397047
0.0,10,1.397895
0.0,6,1.398398
0.0,12,1.399398
0.0,61,1.404402
0.0,24,1.406413
0.0,239,1.426014
1.0,265,1.447772
0.0,111,1.456871
0.0,26,1.45904
1.0,15,1.460273
1.0,77,1.466552
0.0,50,1.470644
0.0,93,1.478289
0.0,29,1.480694
0.0,179,1.495282
0.0,247,1.515431
0.0,5,1.515865
0.0,56,1.520472
0.0,20,1.522132
0.0,45,1.525818
0.0,10,1.52666
0.0,69,1.532363
1.0,20,1.534031
1.0,257,1.555221
0.0,19,1.556786
0.0,31,1.559331
0.0,38,1.562467
0.0,52,1.5667
0.0,36,1.569696
0.0,58,1.574382
0.0,89,1.581454
0.0,49,1.585475
0.0,69,1.591122
0.0,23,1.593025
0.0,79,1.599469
0.0,120,1.609426
1.0,67,1.614902
0.0,24,1.616892
0.0,128,1.627347
1.0,19,1.628899
0.0,43,1.632393
1.0,25,1.634422
0.0,13,1.635506
0.0,94,1.643148
0.0,118,1.652828
0.0,79,1.659628
0.0,53,1.663991
0.0,2,1.664174
0.0,29,1.666597
0.0,13,1.667674
0.0,9,1.668438
0.0,91,1.675897
0.0,29,1.678291
0.0,6,1.678786
0.0,4,1.679134
0.0,10,1.679953
0.0,20,1.681605
1.0,62,1.686651
1.0,27,1.688876
0.0,16,1.690219
0.0,2,1.690409
0.0,10,1.691257
1.0,53,1.69563
0.0,90,1.703119
0.0,27,1.705373
0.0,10,1.706207
1.0,86,1.713212
0.0,15,1.714457
0.0,39,1.717671
0.0,24,1.719635
0.0,21,1.721361
1.0,72,1.727268
0.0,80,1.73391
0.0,14,1.735088
0.0,95,1.74291
1.0,31,1.745445
1.0,39,1.74863
0.0,23,1.750545
1.0,37,1.753587
0.0,15,1.75484
0.0,19,1.756421
0.0,154,1.769088
0.0,15,1.770352
1.0,43,1.773901
1.0,275,1.79643
1.0,115,1.805874
0.0,5,1.806305
1.0,66,1.811673
0.0,4,1.812018
0.0,19,1.81359
0.0,266,1.835446
0.0,95,1.843209
1.0,109,1.851988
0.0,4,1.852341
0.0,17,1.853755
0.0,4,1.854105
0.0,8,1.85478
0.0,6,1.855285
0.0,17,1.856689
1.0,77,1.863007
0.0,39,1.866229
0.0,92,1.87373
0.0,70,1.879543
0.0,30,1.882025
0.0,167,1.895775
0.0,38,1.898899
1.0,280,1.921878
0.0,20,1.923488
0.0,21,1.925238
0.0,81,1.93188
0.0,14,1.933053
0.0,26,1.935205
0.0,84,1.942076
0.0,161,1.955263
1.0,92,1.962814
0.0,93,1.970459
0.0,115,1.979929
1.0,56,1.984512
0.0,141,1.996065
0.0,10,1.996931
0.0,89,2.004219
0.0,77,2.010572
0.0,22,2.01241
0.0,77,2.018746
0.0,16,2.020079
1.0,59,2.024942
0.0,27,2.027113
0.0,111,2.036247
0.0,43,2.039798
1.0,104,2.048302
0.0,25,2.050335
0.0,263,2.071856
0.0,8,2.072527
0.0,117,2.082142
0.0,16,2.083477
0.0,37,2.08651
0.0,89,2.093523
0.0,62,2.0986
0.0,239,2.118238
0.0,48,2.122192
0.0,63,2.12734
1.0,84,2.134163
0.0,122,2.144152
0.0,5,2.144581
0.0,152,2.157056
0.0,3,2.157328
0.0,28,2.15963
1.0,20,2.161215
0.0,294,2.185337
0.0,74,2.191471
0.0,74,2.197554
1.0,198,2.213809
1.0,16,2.215102
0.0,222,2.233275
0.0,2,2.233454
0.0,112,2.242612
0.0,90,2.250001
0.0,13,2.251092
0.0,120,2.260969
0.0,214,2.278546
0.0,74,2.284648
0.0,35,2.287527
1.0,55,2.292023
1.0,72,2.297886
0.0,27,2.300096
0.0,81,2.306724
1.0,142,2.3184
1.0,129,2.328983
0.0,64,2.334249
1.0,110,2.343643
0.0,89,2.350962
0.0,40,2.354274
0.0,27,2.356505
0.0,6,2.357025
1.0,77,2.363318
0.0,19,2.36487
0.0,23,2.366758
0.0,155,2.379528
0.0,8,2.380214
0.0,186,2.395547
0.0,204,2.412236
1.0,69,2.417911
1.0,85,2.424864
0.0,27,2.427074
0.0,45,2.430806
1.0,133,2.441768
0.0,37,2.444804
0.0,22,2.446627
1.0,100,2.454817
0.0,16,2.456159
0.0,30,2.458615
0.0,94,2.466367
0.0,39,2.469586
0.0,37,2.472601
0.0,47,2.476496
0.0,125,2.486755
0.0,135,2.497749
1.0,76,2.504016
0.0,47,2.507872
0.0,16,2.509179
0.0,41,2.512607
1.0,41,2.515914
0.0,21,2.517655
0.0,42,2.521122
0.0,25,2.523155
0.0,60,2.528105
0.0,69,2.533771
0.0,36,2.536744
0.0,15,2.537971
0.0,10,2.538779
0.0,40,2.542107
0.0,208,2.559369
0.0,27,2.561609
0.0,55,2.566108
0.0,5,2.566528
0.0,73,2.572548
0.0,10,2.573394
0.0,7,2.573986
0.0,15,2.575233
0.0,10,2.57606
0.0,37,2.579111
0.0,64,2.584394
0.0,36,2.587427
0.0,80,2.593995
0.0,49,2.598111
0.0,93,2.605735
1.0,130,2.61644
0.0,52,2.620706
0.0,2,2.620878
0.0,48,2.624856
1.0,70,2.630582
0.0,73,2.636581
0.0,26,2.63875
0.0,77,2.645022
0.0,55,2.649588
0.0,30,2.65209
1.0,103,2.660585
0.0,37,2.663598
1.0,115,2.673031
0.0,68,2.678525
0.0,170,2.692546
0.0,96,2.700352
1.0,20,2.701992
1.0,49,2.70601
0.0,162,2.719446
1.0,386,2.750999
0.0,24,2.752967
0.0,34,2.755753
0.0,39,2.758894
0.0,70,2.76462
0.0,23,2.766526
0.0,38,2.769646
0.0,68,2.775182
0.0,22,2.776998
0.0,1,2.777093
1.0,45,2.780705
0.0,14,2.781858
0.0,19,2.783404
0.0,29,2.785802
0.0,85,2.792745
1.0,35,2.795565
1.0,69,2.801184
0.0,35,2.804054
0.0,21,2.805781
0.0,18,2.807226
0.0,32,2.809847
1.0,54,2.814219
1.0,67,2.819687
0.0,119,2.829471
0.0,12,2.83047
1.0,42,2.833942
0.0,133,2.844837
1.0,35,2.847716
1.0,15,2.848934
0.0,60,2.853832
0.0,55,2.858368
0.0,18,2.859863
0.0,52,2.86412
0.0,65,2.869487
0.0,122,2.879519
0.0,120,2.889386
0.0,31,2.891975
1.0,146,2.903956
1.0,206,2.920843
0.0,29,2.923243
0.0,55,2.927741
1.0,134,2.93874
0.0,11,2.939651
0.0,46,2.943455
1.0,154,2.956013
1.0,47,2.959786
1.0,45,2.963484
1.0,36,2.966451
1.0,38,2.96958
1.0,48,2.97347
1.0,47,2.9773
0.0,20,2.978975
1.0,151,2.991303
0.0,15,2.992561
1.0,49,2.996552
1.0,39,2.999741
1.0,41,3.003103
0.0,67,3.008583
0.0,37,3.011568
0.0,70,3.017306
0.0,15,3.018528
0.0,24,3.020504
1.0,140,3.031987
1.0,30,3.034434
0.0,10,3.035262
0.0,30,3.037671
0.0,4,3.038021
0.0,4,3.038369
1.0,63,3.043535
0.0,42,3.046956
1.0,42,3.050413
1.0,56,3.054966
1.0,34,3.057703
0.0,4,3.058047
1.0,35,3.060881
0.0,77,3.067246
1.0,16,3.068563
0.0,14,3.069726
0.0,19,3.071221
0.0,22,3.073013
0.0,83,3.079858
0.0,22,3.08166
0.0,61,3.086593
1.0,27,3.088791
0.0,24,3.09077
1.0,55,3.095237
0.0,43,3.098806
0.0,21,3.100518
0.0,35,3.103357
1.0,26,3.105361
1.0,25,3.107399
1.0,60,3.111951
1.0,172,3.126087
0.0,8,3.126765
0.0,89,3.134005
1.0,17,3.135392
0.0,27,3.137607
1.0,21,3.139183
0.0,9,3.139933
1.0,25,3.141838
0.0,16,3.1431
0.0,15,3.144325
0.0,21,3.146027
0.0,18,3.147468
0.0,28,3.149759
0.0,6,3.150274
1.0,18,3.151671
1.0,30,3.154085
1.0,49,3.158088
1.0,29,3.160434
0.0,16,3.16176
0.0,27,3.163952
1.0,78,3.17021
1.0,30,3.17263
0.0,6,3.173138
1.0,18,3.174589
1.0,16,3.175862
0.0,29,3.178072
1.0,33,3.180674
1.0,17,3.182036
1.0,31,3.184397
1.0,34,3.18717
1.0,32,3.189742
1.0,25,3.191707
0.0,15,3.192973
1.0,29,3.195317
1.0,37,3.198268
0.0,28,3.200565
0.0,12,3.201563
0.0,52,3.205838
0.0,31,3.208383
1.0,44,3.211997
1.0,51,3.216192
1.0,68,3.221738
0.0,12,3.222736
0.0,16,3.224084
0.0,50,3.228219
0.0,192,3.243987
0.0,12,3.244994
0.0,10,3.24583
0.0,19,3.247389
1.0,154,3.260042
0.0,6,3.260558
0.0,34,3.263352
1.0,40,3.266625
0.0,40,3.26989
1.0,78,3.276276
1.0,54,3.280696
1.0,38,3.283748
0.0,4,3.28409
0.0,23,3.285944
0.0,20,3.287579
1.0,95,3.295458
0.0,25,3.29747
0.0,8,3.298146
1.0,38,3.301232
1.0,89,3.308504
0.0,26,3.310655
0.0,88,3.317887
1.0,64,3.323159
1.0,25,3.325223
1.0,41,3.328572
1.0,46,3.332357
0.0,9,3.333133
1.0,65,3.338461
1.0,118,3.348342
1.0,51,3.352484
1.0,18,3.353954
0.0,160,3.367142
0.0,12,3.368166
1.0,57,3.372839
0.0,9,3.373604
1.0,83,3.380424
0.0,47,3.384306
0.0,209,3.401471
0.0,35,3.40436
0.0,60,3.409307
0.0,166,3.422959
0.0,47,3.426831
1.0,47,3.430614
0.0,69,3.436263
1.0,46,3.439984
0.0,30,3.442461
1.0,91,3.449872
1.0,44,3.453483
0.0,11,3.454393
0.0,28,3.456711
0.0,147,3.468782
1.0,25,3.470835
1.0,29,3.473188
1.0,26,3.475322
0.0,16,3.476656
1.0,36,3.479573
1.0,30,3.48199
1.0,33,3.484681
1.0,28,3.486953
1.0,28,3.489216
0.0,10,3.49004
1.0,25,3.492087
1.0,26,3.494215
0.0,8,3.494882
1.0,23,3.496767
1.0,27,3.498959
1.0,34,3.501723
1.0,18,3.503182
0.0,6,3.50369
0.0,54,3.508155
0.0,8,3.508833
0.0,64,3.514107
0.0,174,3.52843
1.0,24,3.530344
0.0,46,3.534027
0.0,30,3.536467
0.0,37,3.539534
1.0,61,3.544514
1.0,48,3.548421
0.0,53,3.552755
1.0,27,3.554967
1.0,87,3.561957
0.0,24,3.563943
1.0,46,3.567711
1.0,42,3.571142
0.0,2,3.571329
0.0,4,3.57167
0.0,16,3.573026
0.0,82,3.579723
1.0,63,3.584849
0.0,23,3.58674
1.0,26,3.588869
1.0,33,3.591584
1.0,31,3.594114
1.0,30,3.596595
1.0,28,3.598899
1.0,36,3.601842
1.0,34,3.604651
1.0,35,3.607536
1.0,27,3.609687
1.0,25,3.611747
0.0,7,3.612335
1.0,36,3.615224
0.0,194,3.631058
1.0,17,3.632435
1.0,44,3.63593
0.0,16,3.637258
1.0,20,3.638865
0.0,13,3.639986
1.0,99,3.64805
0.0,46,3.651819
0.0,4,3.652164
0.0,90,3.659568
0.0,95,3.667379
0.0,29,3.669783
1.0,15,3.671043
1.0,74,3.676916
0.0,60,3.681836
0.0,20,3.683481
0.0,37,3.686421
0.0,21,3.688162
0.0,27,3.690392
0.0,130,3.701015
0.0,42,3.704452
0.0,33,3.707159
0.0,8,3.707835
1.0,44,3.711334
1.0,147,3.723316
1.0,42,3.72675
1.0,38,3.729871
1.0,15,3.731084
0.0,6,3.731593
1.0,44,3.734994
1.0,42,3.738398
1.0,25,3.740442
1.0,29,3.742792
0.0,29,3.745137
1.0,28,3.747413
1.0,28,3.749702
1.0,33,3.752385
1.0,30,3.754838
0.0,12,3.755843
0.0,24,3.757794
1.0,49,3.761749
1.0,27,3.763957
1.0,26,3.76606
1.0,25,3.768097
0.0,6,3.768597
1.0,26,3.770757
1.0,29,3.773083
1.0,47,3.776861
1.0,16,3.778123
1.0,26,3.780098
0.0,15,3.781325
0.0,27,3.783498
1.0,18,3.784921
1.0,23,3.786667
1.0,61,3.791515
1.0,21,3.793229
0.0,43,3.796273
0.0,21,3.797947
1.0,23,3.799829
0.0,15,3.801074
0.0,75,3.807275
0.0,4,3.807624
0.0,6,3.808143
1.0,204,3.824935
1.0,44,3.828517
0.0,92,3.836031
0.0,71,3.841835
1.0,195,3.857855
0.0,53,3.862234
0.0,20,3.86388
1.0,49,3.867895
0.0,88,3.874779
1.0,54,3.879103
0.0,3,3.879371
1.0,79,3.885849
0.0,32,3.888504
1.0,60,3.893456
0.0,16,3.894786
0.0,35,3.89768
0.0,14,3.898823
1.0,42,3.902283
1.0,47,3.906101
0.0,6,3.906609
0.0,21,3.908362
1.0,38,3.911488
1.0,36,3.914441
0.0,7,3.91503
0.0,12,3.916036
1.0,34,3.918801
1.0,33,3.921503
0.0,32,3.924135
1.0,30,3.926549
1.0,35,3.929381
0.0,1,3.929481
0.0,2,3.929655
1.0,40,3.932708
1.0,33,3.935395
1.0,35,3.938268
1.0,35,3.941113
0.0,23,3.943017
0.0,13,3.944109
1.0,58,3.948806
0.0,20,3.950442
0.0,6,3.950954
1.0,37,3.953963
0.0,24,3.955979
0.0,118,3.965729
1.0,109,3.974529
0.0,118,3.984177
0.0,4,3.984523
1.0,50,3.988611
1.0,36,3.991564
1.0,37,3.994539
1.0,28,3.996839
1.0,30,3.999309
0.0,9,4.000057
1.0,33,4.002747
1.0,38,4.005848
1.0,38,4.008945
1.0,28,4.011225
1.0,28,4.013507
1.0,29,4.015875
1.0,27,4.018061
1.0,25,4.020117
1.0,30,4.022576
1.0,26,4.024714
0.0,21,4.02643
1.0,31,4.028931
0.0,4,4.029272
1.0,16,4.03058
0.0,31,4.032955
0.0,12,4.033984
1.0,44,4.037607
1.0,33,4.040295
0.0,15,4.041533
0.0,10,4.042365
1.0,33,4.045018
1.0,38,4.048141
0.0,8,4.048812
1.0,29,4.051178
1.0,25,4.053212
1.0,15,4.054434
0.0,69,4.06016
0.0,143,4.071871
0.0,115,4.081308
1.0,77,4.087598
1.0,57,4.092237
1.0,42,4.095649
0.0,320,4.121991
0.0,33,4.124709
1.0,39,4.127932
0.0,18,4.129426
1.0,38,4.132533
1.0,57,4.137166
0.0,23,4.139083
1.0,52,4.14327
0.0,30,4.145746
1.0,35,4.148563
0.0,53,4.152849
0.0,75,4.159022
0.0,30,4.161464
1.0,118,4.171114
1.0,41,4.174458
0.0,12,4.175446
1.0,77,4.181806
0.0,17,4.183197
1.0,62,4.188334
0.0,16,4.189623
1.0,511,4.231499
0.0,102,4.239893
1.0,43,4.243331
0.0,23,4.245206
0.0,263,4.26658
0.0,4,4.266953
0.0,29,4.269367
0.0,79,4.275846
1.0,104,4.284354
1.0,85,4.291309
1.0,45,4.29487
1.0,24,4.296835
0.0,118,4.306418
0.0,66,4.311861
1.0,44,4.315456
0.0,127,4.325805
0.0,19,4.327345
1.0,18,4.328788
0.0,132,4.339587
1.0,107,4.348538
0.0,43,4.352022
0.0,28,4.354287
0.0,125,4.364481
1.0,29,4.36686
0.0,8,4.367537
0.0,4,4.36788
0.0,6,4.368384
1.0,27,4.370582
1.0,33,4.373242
0.0,34,4.376028
0.0,9,4.37675
1.0,129,4.387412
1.0,25,4.389462
1.0,27,4.391669
0.0,22,4.393486
0.0,8,4.39416
1.0,41,4.397508
1.0,36,4.400448
1.0,31,4.402941
0.0,72,4.408839
1.0,29,4.411148
1.0,29,4.41349
0.0,3,4.413744
1.0,38,4.416855
0.0,223,4.435116
0.0,31,4.437623
1.0,28,4.43993
0.0,39,4.443116
1.0,29,4.445458
1.0,31,4.447947
1.0,28,4.450199
0.0,6,4.450708
1.0,27,4.452912
1.0,15,4.454136
0.0,20,4.455793
1.0,47,4.459641
0.0,68,4.46523
1.0,178,4.479687
0.0,10,4.480524
0.0,118,4.490157
0.0,36,4.493109
1.0,68,4.498734
0.0,38,4.501857
1.0,26,4.503988
0.0,25,4.50605
0.0,16,4.507372
1.0,109,4.516285
0.0,112,4.525486
1.0,57,4.530165
1.0,25,4.532178
1.0,80,4.538732
0.0,46,4.542503
0.0,8,4.543169
1.0,170,4.557101
0.0,24,4.559091
0.0,29,4.561464
1.0,82,4.568118
0.0,31,4.570568
0.0,5,4.570995
1.0,32,4.573589
0.0,21,4.57529
0.0,87,4.582497
1.0,43,4.586027
0.0,120,4.595763
0.0,28,4.598042
1.0,12,4.598976
1.0,36,4.601922
1.0,53,4.606255
0.0,14,4.607415
0.0,13,4.608514
0.0,20,4.61015
1.0,38,4.613246
1.0,29,4.615588
1.0,34,4.618374
1.0,42,4.621781
1.0,72,4.627622
1.0,20,4.62925
1.0,23,4.63112
1.0,21,4.632849
1.0,46,4.636614
1.0,33,4.639282
0.0,13,4.640372
1.0,32,4.642971
1.0,38,4.646073
0.0,69,4.651705
1.0,19,4.653253
0.0,21,4.654989
1.0,59,4.65969
1.0,39,4.662869
0.0,18,4.664342
0.0,16,4.665657
0.0,149,4.677862
0.0,36,4.680837
0.0,74,4.686897
0.0,61,4.691956
1.0,76,4.698103
1.0,45,4.701694
0.0,27,4.703878
0.0,38,4.706969
0.0,36,4.709923
1.0,96,4.717735
0.0,26,4.719888
0.0,16,4.721215
0.0,51,4.725415
1.0,81,4.732053
0.0,46,4.735807
0.0,20,4.73747
1.0,84,4.74437
0.0,34,4.747176
0.0,193,4.763015
0.0,9,4.763775
0.0,39,4.766968
1.0,12,4.767964
0.0,109,4.776869
0.0,229,4.795626
0.0,17,4.79704
0.0,42,4.800499
1.0,29,4.802858
0.0,15,4.804098
1.0,43,4.807606
0.0,115,4.817062
0.0,45,4.820743
0.0,73,4.826722
0.0,37,4.829793
0.0,40,4.833073
0.0,22,4.834869
0.0,25,4.836845
1.0,28,4.839083
0.0,88,4.846337
0.0,18,4.847833
0.0,82,4.854542
0.0,144,4.866351
0.0,37,4.869356
0.0,1,4.869448
0.0,10,4.870269
0.0,42,4.873719
0.0,27,4.875955
0.0,47,4.879835
0.0,22,4.881644
0.0,70,4.887388
0.0,17,4.888792
0.0,5,4.889229
0.0,129,4.899872
0.0,166,4.913533
1.0,70,4.919261
1.0,66,4.924575
1.0,193,4.940444
0.0,83,4.947244
1.0,84,4.954128
0.0,52,4.958376
1.0,186,4.973701
1.0,40,4.976944
0.0,8,4.977623
1.0,30,4.980051
1.0,39,4.983243
0.0,77,4.98952
0.0,126,4.999887
0.0,3,5.000156
1.0,47,5.003982
1.0,54,5.008403
0.0,17,5.009802
0.0,35,5.012664
0.0,64,5.017956
0.0,42,5.021442
1.0,165,5.035001
0.0,19,5.036608
1.0,122,5.046698
1.0,154,5.059268
0.0,51,5.063452
1.0,115,5.072882
0.0,73,5.078913
0.0,20,5.080554
1.0,41,5.083893
0.0,34,5.086697
0.0,52,5.090992
1.0,85,5.097932
1.0,68,5.103448
0.0,83,5.110199
0.0,19,5.11175
1.0,40,5.115013
0.0,37,5.118065
0.0,22,5.119891
1.0,147,5.131997
1.0,52,5.136209
1.0,46,5.139953
0.0,38,5.143048
1.0,49,5.147037
0.0,122,5.156994
1.0,64,5.162245
0.0,23,5.16414
0.0,28,5.166401
1.0,31,5.168936
1.0,29,5.171312
0.0,41,5.174679
1.0,30,5.177138
0.0,70,5.182857
1.0,106,5.191538
0.0,64,5.196783
0.0,43,5.200331
0.0,26,5.202459
0.0,72,5.208388
1.0,69,5.214026
0.0,61,5.21902
0.0,59,5.223803
0.0,13,5.224896
0.0,102,5.233268
0.0,20,5.234926
0.0,45,5.238604
0.0,13,5.239672
1.0,87,5.246677
0.0,58,5.251423
1.0,42,5.254809
1.0,25,5.256848
0.0,157,5.269801
1.0,38,5.272912
0.0,50,5.277075
1.0,29,5.279429
0.0,18,5.280931
0.0,49,5.284974
1.0,117,5.294466
0.0,7,5.29506
0.0,106,5.303772
0.0,126,5.314152
0.0,33,5.316889
1.0,32,5.319507
1.0,104,5.327994
0.0,26,5.330138
1.0,40,5.333411
1.0,55,5.337836
0.0,27,5.340087
0.0,18,5.341584
1.0,53,5.345885
1.0,37,5.348936
0.0,52,5.353596
0.0,55,5.358103
0.0,143,5.369804
1.0,84,5.376696
1.0,291,5.400582
1.0,16,5.401864
1.0,54,5.406319
1.0,52,5.410514
1.0,99,5.418645
0.0,15,5.419887
1.0,196,5.435951
0.0,14,5.437117
0.0,52,5.441401
1.0,19,5.442892
1.0,95,5.45067
0.0,14,5.451835
0.0,28,5.454167
1.0,51,5.45833
0.0,52,5.46265
0.0,51,5.466807
1.0,115,5.476147
0.0,20,5.477795
1.0,53,5.482133
1.0,30,5.484541
1.0,118,5.4942
1.0,12,5.495177
0.0,117,5.504798
0.0,4,5.50515
1.0,61,5.510123
1.0,45,5.513757
1.0,80,5.520011
1.0,34,5.522792
0.0,15,5.524015
1.0,58,5.5287
1.0,16,5.530015
0.0,6,5.530524
1.0,65,5.53573
1.0,33,5.538383
0.0,28,5.540658
0.0,27,5.542846
0.0,14,5.544004
0.0,10,5.544852
0.0,30,5.547347
0.0,2,5.547523
0.0,33,5.550254
0.0,92,5.557822
0.0,24,5.559833
1.0,22,5.561626
1.0,54,5.565987
0.0,40,5.569256
1.0,17,5.570635
1.0,63,5.575746
1.0,33,5.578404
1.0,30,5.580883
1.0,34,5.583685
1.0,32,5.586322
1.0,43,5.589854
1.0,20,5.591435
0.0,9,5.592209
1.0,38,5.595303
1.0,34,5.598081
1.0,57,5.602736
0.0,13,5.603828
1.0,39,5.60704
1.0,34,5.609835
1.0,34,5.612609
0.0,14,5.613775
1.0,64,5.618992
1.0,43,5.622479
0.0,41,5.625884
0.0,23,5.627795
1.0,34,5.630588
0.0,51,5.634817
0.0,45,5.638528
1.0,134,5.649532
0.0,122,5.659567
0.0,32,5.662186
1.0,16,5.663481
1.0,58,5.668212
0.0,37,5.671268
0.0,73,5.677267
1.0,51,5.681487
0.0,48,5.685433
1.0,65,5.690742
1.0,57,5.695419
0.0,53,5.699768
1.0,45,5.703432
1.0,26,5.705396
1.0,60,5.710308
1.0,67,5.715745
1.0,90,5.723061
0.0,7,5.723655
0.0,15,5.724868
1.0,106,5.733561
0.0,26,5.735711
0.0,14,5.736829
0.0,64,5.742095
0.0,22,5.743821
0.0,114,5.753221
1.0,24,5.755201
0.0,53,5.759526
1.0,89,5.76663
1.0,18,5.768099
0.0,46,5.771832
0.0,9,5.772558
1.0,75,5.778594
0.0,181,5.793158
0.0,9,5.793938
0.0,17,5.795323
0.0,19,5.796895
0.0,39,5.800112
0.0,10,5.800956
0.0,40,5.804239
1.0,44,5.807868
1.0,106,5.816502
1.0,66,5.821951
1.0,54,5.826281
1.0,58,5.83103
1.0,57,5.83574
1.0,44,5.83932
1.0,17,5.840704
1.0,62,5.845678
0.0,79,5.851904
0.0,6,5.852418
0.0,12,5.853437
0.0,13,5.854488
1.0,124,5.864549
0.0,11,5.865473
0.0,4,5.865814
0.0,14,5.866982
0.0,17,5.868384
1.0,22,5.870184
0.0,13,5.871255
0.0,46,5.875078
0.0,55,5.879436
1.0,105,5.88804
1.0,54,5.892309
0.0,45,5.895942
0.0,68,5.901522
0.0,40,5.904747
1.0,20,5.90635
0.0,14,5.907497
1.0,45,5.911142
0.0,32,5.913755
0.0,13,5.914833
0.0,21,5.916483
0.0,61,5.921505
0.0,46,5.925285
0.0,169,5.939088
1.0,37,5.94213
0.0,24,5.944095
1.0,35,5.94693
0.0,112,5.956088
0.0,26,5.958251
0.0,10,5.95908
1.0,51,5.963182
1.0,51,5.967268
0.0,23,5.969152
1.0,67,5.97464
0.0,51,5.978833
0.0,7,5.979419
0.0,10,5.980278
1.0,85,5.987181
0.0,2,5.987369
1.0,25,5.989375
1.0,16,5.990671
0.0,106,5.999372
0.0,6,5.999888
0.0,54,6.004315
0.0,48,6.008245
1.0,70,6.01399
0.0,28,6.016316
0.0,24,6.018304
0.0,45,6.02201
0.0,12,6.023016
1.0,28,6.025302
1.0,43,6.028821
1.0,28,6.031068
0.0,34,6.03389
0.0,21,6.035625
0.0,140,6.046973
1.0,65,6.052493
1.0,120,6.062138
0.0,101,6.070362
0.0,16,6.071687
1.0,67,6.07702
0.0,86,6.084064
0.0,11,6.084991
0.0,8,6.085656
1.0,36,6.088611
1.0,58,6.093372
1.0,37,6.096375
1.0,43,6.099855
1.0,29,6.102186
1.0,27,6.104377
1.0,17,6.105759
0.0,4,6.106102
0.0,44,6.109209
0.0,26,6.11128
0.0,18,6.112654
0.0,15,6.113894
0.0,37,6.116939
0.0,29,6.119319
0.0,11,6.120232
1.0,138,6.131564
0.0,37,6.134551
0.0,2,6.134738
0.0,2,6.134921
0.0,112,6.144065
0.0,53,6.148451
1.0,21,6.149996
1.0,24,6.151903
0.0,25,6.153879
1.0,24,6.155759
0.0,11,6.156681
0.0,25,6.158693
1.0,74,6.164699
1.0,32,6.167277
0.0,61,6.172286
0.0,14,6.173394
0.0,53,6.17767
0.0,39,6.18083
1.0,15,6.182023
1.0,26,6.184149
1.0,37,6.187145
0.0,38,6.190248
1.0,27,6.192458
1.0,18,6.193911
0.0,31,6.196446
1.0,34,6.199219
1.0,226,6.221597
0.0,158,6.234605
1.0,73,6.240602
1.0,72,6.246447
1.0,258,6.26734
0.0,58,6.272067
0.0,55,6.276576
0.0,26,6.278724
0.0,77,6.285057
0.0,64,6.290316
0.0,11,6.291243
0.0,50,6.295335
0.0,27,6.297563
1.0,42,6.300962
1.0,56,6.305538
0.0,330,6.332402
0.0,98,6.340499
0.0,6,6.341017
0.0,57,6.345682
0.0,131,6.356649
0.0,120,6.366285
1.0,31,6.368824
0.0,215,6.386424
1.0,58,6.391164
0.0,1,6.391266
1.0,101,6.399492
1.0,78,6.405872
0.0,149,6.417834
1.0,45,6.421505
1.0,54,6.425912
0.0,18,6.427387
1.0,109,6.436232
0.0,149,6.448443
0.0,25,6.450317
1.0,34,6.453104
0.0,20,6.45472
0.0,2,6.454896
0.0,186,6.470135
1.0,45,6.4738
0.0,15,6.474993
1.0,20,6.476583
0.0,2,6.476761
0.0,3,6.477027
0.0,47,6.480574
0.0,48,6.484428
0.0,1,6.484532
0.0,27,6.486744
0.0,13,6.487817
1.0,72,6.49366
0.0,80,6.500271
0.0,61,6.505292
1.0,243,6.524887
0.0,89,6.532121
0.0,64,6.537348
0.0,44,6.540963
0.0,50,6.545073
0.0,33,6.54777
0.0,100,6.555922
1.0,106,6.564557
1.0,80,6.5712
0.0,45,6.574902
1.0,116,6.584338
0.0,7,6.58493
1.0,26,6.586997
0.0,31,6.589539
1.0,199,6.605852
1.0,95,6.61358
0.0,72,6.619452
1.0,150,6.631695
1.0,36,6.634599
0.0,52,6.638847
0.0,30,6.641307
0.0,33,6.643979
0.0,57,6.648664
1.0,83,6.655414
0.0,19,6.656972
1.0,118,6.666608
1.0,154,6.679161
1.0,80,6.685728
1.0,82,6.692381
0.0,30,6.694694
0.0,2,6.694872
0.0,27,6.697093
0.0,13,6.698179
1.0,82,6.704858
1.0,60,6.709767
1.0,62,6.714816
0.0,39,6.718035
0.0,44,6.721646
0.0,36,6.724628
1.0,113,6.733895
0.0,97,6.74182
0.0,25,6.743899
1.0,132,6.754647
1.0,31,6.75722
1.0,55,6.761709
0.0,49,6.765726
0.0,4,6.766067
1.0,43,6.769553
1.0,41,6.772924
1.0,41,6.776277
1.0,39,6.779444
1.0,47,6.783242
0.0,32,6.785826
0.0,18,6.787301
1.0,44,6.790874
0.0,27,6.793078
1.0,179,6.807611
0.0,43,6.811135
0.0,102,6.819465
0.0,12,6.820475
1.0,183,6.835439
0.0,26,6.837591
0.0,15,6.838838
0.0,58,6.843583
0.0,46,6.847361
1.0,40,6.850571
0.0,52,6.854835
0.0,14,6.855993
0.0,142,6.867637
0.0,20,6.869294
1.0,59,6.874089
0.0,14,6.875257
0.0,25,6.877311
0.0,29,6.879698
1.0,40,6.8829
1.0,36,6.885851
1.0,47,6.889663
0.0,15,6.890913
0.0,40,6.89417
0.0,70,6.899864
0.0,14,6.901023
0.0,34,6.903829
0.0,9,6.904555
0.0,29,6.906892
1.0,41,6.910209
0.0,15,6.911451
1.0,13,6.912501
0.0,55,6.916991
1.0,60,6.921889
0.0,65,6.927169
0.0,59,6.932043
0.0,24,6.934014
0.0,11,6.934927
0.0,22,6.936738
0.0,46,6.940494
0.0,19,6.942077
1.0,34,6.944823
0.0,49,6.948854
1.0,41,6.952197
0.0,25,6.954258
1.0,44,6.957843
0.0,4,6.958183
1.0,55,6.962615
1.0,129,6.973262
0.0,96,6.981123
0.0,34,6.983918
1.0,35,6.986765
1.0,47,6.990522
0.0,51,6.994601
0.0,37,6.997674
0.0,33,7.000372
0.0,29,7.00277
1.0,35,7.005625
1.0,22,7.007388
1.0,70,7.012579
0.0,38,7.015708
1.0,195,7.031656
1.0,48,7.035535
0.0,37,7.038576
0.0,32,7.041192
0.0,20,7.042837
1.0,46,7.046626
0.0,16,7.047918
0.0,30,7.050369
1.0,55,7.05477
0.0,66,7.060197
0.0,12,7.061206
1.0,34,7.064005
0.0,73,7.069971
0.0,57,7.074658
0.0,41,7.078016
0.0,29,7.080393
1.0,19,7.081862
0.0,60,7.086779
1.0,50,7.09085
1.0,38,7.093932
1.0,45,7.097609
1.0,42,7.101032
0.0,38,7.104147
0.0,12,7.105152
1.0,43,7.10868
1.0,37,7.111711
1.0,33,7.114374
1.0,44,7.117547
1.0,66,7.122913
0.0,20,7.124564
0.0,17,7.125965
0.0,32,7.128624
0.0,26,7.130747
1.0,37,7.133663
1.0,47,7.137471
0.0,56,7.141925
0.0,28,7.144216
0.0,18,7.145704
0.0,23,7.147586
0.0,6,7.148094
0.0,23,7.149962
0.0,51,7.15415
0.0,46,7.15769
0.0,27,7.159879
1.0,36,7.162724
1.0,85,7.169684
0.0,54,7.174114
0.0,27,7.176302
0.0,79,7.182367
1.0,38,7.185413
0.0,14,7.186563
1.0,50,7.190493
0.0,131,7.201177
1.0,50,7.205177
0.0,51,7.209241
0.0,108,7.218059
0.0,14,7.2192
0.0,20,7.220858
1.0,264,7.24257
0.0,17,7.243997
1.0,18,7.24543
0.0,16,7.246761
1.0,30,7.249072
0.0,69,7.254039
1.0,39,7.257204
1.0,58,7.261898
1.0,193,7.27753
1.0,29,7.279904
1.0,124,7.289895
0.0,22,7.29168
1.0,98,7.299665
1.0,30,7.302123
0.0,23,7.304006
0.0,6,7.304512
1.0,48,7.308445
1.0,123,7.318514
0.0,25,7.320558
1.0,47,7.32439
1.0,33,7.327118
1.0,45,7.330635
0.0,4,7.330977
1.0,36,7.333889
0.0,21,7.335594
1.0,65,7.340889
0.0,24,7.342871
1.0,23,7.344696
0.0,75,7.350839
0.0,41,7.354043
0.0,4,7.354362
0.0,19,7.355902
0.0,27,7.358109
0.0,4,7.358444
1.0,12,7.359495
0.0,20,7.361339
1.0,56,7.365834
1.0,27,7.367987
1.0,25,7.37003
1.0,23,7.371918
1.0,33,7.374584
1.0,25,7.37663
1.0,29,7.378903
0.0,197,7.395148
0.0,10,7.395995
0.0,100,7.404174
0.0,69,7.409815
1.0,190,7.425111
1.0,64,7.430305
0.0,13,7.431379
0.0,52,7.435683
0.0,17,7.43708
0.0,37,7.439991
0.0,4,7.440332
0.0,56,7.444835
0.0,114,7.454057
1.0,44,7.457659
0.0,111,7.466639
0.0,263,7.487644
0.0,15,7.488887
0.0,108,7.497753
0.0,39,7.50094
0.0,14,7.502102
0.0,26,7.504258
1.0,76,7.510473
1.0,47,7.514316
1.0,42,7.517751
1.0,41,7.521034
1.0,41,7.524385
1.0,36,7.527315
1.0,34,7.530081
1.0,43,7.533573
1.0,42,7.536959
0.0,10,7.537801
1.0,51,7.541872
1.0,33,7.544537
1.0,46,7.548142
0.0,12,7.549133
1.0,43,7.55259
1.0,39,7.555763
1.0,50,7.559851
1.0,46,7.563586
1.0,30,7.566049
1.0,33,7.568742
1.0,34,7.571517
1.0,55,7.575972
0.0,32,7.578607
0.0,31,7.581153
0.0,60,7.586084
0.0,6,7.586584
0.0,42,7.590047
1.0,91,7.59751
0.0,26,7.599627
1.0,41,7.602966
1.0,19,7.604481
0.0,15,7.605722
1.0,36,7.608669
1.0,44,7.612245
1.0,35,7.615119
1.0,46,7.618854
0.0,16,7.62017
0.0,16,7.621496
0.0,21,7.623224
1.0,42,7.626633
1.0,36,7.629585
1.0,35,7.632452
1.0,49,7.636455
1.0,47,7.640278
0.0,39,7.64347
0.0,14,7.644631
0.0,279,7.667459
1.0,104,7.675985
0.0,115,7.685511
0.0,71,7.691288
1.0,79,7.697724
1.0,38,7.700841
1.0,70,7.706484
0.0,40,7.709758
1.0,36,7.71271
0.0,42,7.716115
1.0,53,7.720502
0.0,7,7.721064
1.0,38,7.724121
1.0,40,7.727369
1.0,41,7.730677
1.0,40,7.733942
1.0,16,7.73524
1.0,48,7.739129
0.0,22,7.740771
1.0,20,7.742251
0.0,25,7.744048
0.0,17,7.745292
0.0,45,7.749005
0.0,12,7.750001
0.0,67,7.755413
0.0,33,7.758134
0.0,37,7.761169
0.0,33,7.763805
0.0,46,7.767545
0.0,40,7.770835
1.0,60,7.775712
1.0,126,7.786057
1.0,45,7.789471
1.0,34,7.792118
1.0,59,7.796858
0.0,36,7.799823
1.0,174,7.814085
0.0,44,7.817687
1.0,60,7.82251
1.0,161,7.835642
1.0,46,7.839364
1.0,34,7.842136
1.0,20,7.843744
0.0,39,7.846935
1.0,17,7.848299
1.0,14,7.849435
1.0,22,7.851223
0.0,4,7.851591
1.0,83,7.858127
1.0,59,7.862904
0.0,35,7.865734
0.0,73,7.871714
0.0,45,7.875413
1.0,47,7.879243
1.0,45,7.882926
0.0,4,7.883271
1.0,80,7.88979
0.0,99,7.897913
0.0,23,7.899824
1.0,153,7.912177
0.0,41,7.915503
0.0,41,7.918667
0.0,40,7.921924
0.0,172,7.935944
1.0,39,7.939128
0.0,56,7.943711
0.0,30,7.946177
0.0,134,7.957163
0.0,80,7.963679
1.0,194,7.979581
1.0,93,7.987145
0.0,34,7.989938
1.0,87,7.997034
1.0,42,8.000434
0.0,47,8.00428
0.0,54,8.008713
1.0,44,8.012262
0.0,38,8.015373
0.0,49,8.019044
0.0,49,8.023025
0.0,1,8.02313
0.0,43,8.026645
0.0,26,8.02878
1.0,61,8.033745
0.0,44,8.037349
1.0,48,8.041208
1.0,23,8.043029
0.0,57,8.047723
0.0,32,8.050365
0.0,4,8.0507
1.0,120,8.060471
1.0,78,8.066799
1.0,74,8.072789
0.0,50,8.076911
0.0,168,8.090643
0.0,12,8.091668
1.0,56,8.096163
1.0,45,8.099776
0.0,33,8.10249
1.0,43,8.105992
0.0,187,8.121332
0.0,9,8.122103
1.0,31,8.124619
0.0,7,8.125192
0.0,31,8.127736
0.0,101,8.135813
0.0,110,8.144826
0.0,29,8.147231
1.0,199,8.163349
1.0,46,8.167019
0.0,14,8.168171
0.0,27,8.170313
0.0,30,8.17277
1.0,65,8.17805
0.0,23,8.179916
1.0,36,8.18276
0.0,27,8.184944
0.0,28,8.18725
0.0,16,8.188575
0.0,8,8.189246
0.0,30,8.191725
0.0,42,8.195251
