#{"t_start": 1711476829.714272, "env_id": "Office-single-v0"}
r,l,t
0.0,7,0.001195
0.0,11,0.002266
0.0,76,0.008857
0.0,48,0.012791
0.0,6,0.013309
0.0,24,0.015311
0.0,14,0.016493
0.0,27,0.018587
0.0,60,0.023225
0.0,15,0.024373
0.0,103,0.032088
0.0,24,0.033884
0.0,50,0.037504
0.0,35,0.039941
0.0,37,0.042617
0.0,50,0.046225
0.0,119,0.054653
0.0,52,0.058355
0.0,58,0.062524
0.0,25,0.06437
0.0,122,0.073103
0.0,185,0.086104
0.0,78,0.091645
0.0,70,0.096662
0.0,20,0.098093
0.0,105,0.105524
0.0,101,0.112703
0.0,75,0.118072
0.0,25,0.119712
0.0,13,0.120639
0.0,46,0.123906
0.0,110,0.131703
0.0,23,0.133364
0.0,112,0.141336
0.0,50,0.144903
0.0,63,0.149418
0.0,212,0.164429
0.0,495,0.199095
0.0,184,0.212081
0.0,55,0.216001
0.0,77,0.221239
0.0,62,0.225625
0.0,31,0.22783
0.0,246,0.24512
0.0,438,0.27578
0.0,270,0.294886
0.0,16,0.296046
0.0,14,0.297045
0.0,151,0.307682
1.0,686,0.355865
0.0,54,0.359677
0.0,63,0.364145
0.0,2,0.3643
0.0,18,0.3656
1.0,324,0.388225
0.0,116,0.395934
0.0,93,0.402313
0.0,146,0.412131
0.0,85,0.418145
0.0,81,0.42376
0.0,53,0.427514
0.0,120,0.435884
1.0,608,0.47834
0.0,11,0.479136
0.0,244,0.495993
0.0,83,0.501897
0.0,233,0.518351
0.0,21,0.51986
0.0,19,0.521212
0.0,33,0.523496
0.0,44,0.526645
0.0,50,0.530207
0.0,11,0.531004
0.0,144,0.541131
1.0,326,0.563912
0.0,35,0.566431
0.0,189,0.579685
0.0,17,0.580911
1.0,91,0.587284
0.0,158,0.598382
0.0,123,0.607033
0.0,27,0.60894
0.0,178,0.621462
1.0,218,0.636863
1.0,150,0.647347
1.0,160,0.658535
1.0,181,0.671281
1.0,162,0.68263
0.0,80,0.688225
0.0,24,0.689901
1.0,94,0.696701
0.0,80,0.702505
0.0,48,0.705848
0.0,24,0.707527
1.0,295,0.737313
0.0,107,0.745252
0.0,89,0.751676
1.0,92,0.758299
1.0,122,0.76708
0.0,7,0.767609
0.0,154,0.778798
1.0,73,0.784133
0.0,2,0.784294
0.0,40,0.787108
1.0,108,0.794909
0.0,9,0.795606
0.0,9,0.796285
0.0,32,0.798571
1.0,76,0.804108
1.0,145,0.81471
1.0,191,0.828581
1.0,106,0.836267
1.0,63,0.840838
0.0,15,0.84192
0.0,61,0.846348
0.0,2,0.846509
0.0,91,0.853124
1.0,73,0.858265
1.0,321,0.881018
0.0,94,0.887862
1.0,128,0.897085
0.0,43,0.900137
1.0,253,0.918277
1.0,58,0.92248
1.0,100,0.929677
1.0,35,0.932203
0.0,18,0.933514
1.0,104,0.940953
1.0,64,0.945545
1.0,135,0.955326
0.0,34,0.957798
1.0,71,0.962914
0.0,34,0.965335
0.0,4,0.965641
1.0,132,0.975153
1.0,60,0.979527
0.0,38,0.982245
0.0,19,0.983608
1.0,85,0.989797
0.0,39,0.992631
1.0,43,0.99578
0.0,46,0.999066
1.0,100,1.006352
0.0,12,1.007208
1.0,53,1.011061
0.0,15,1.012125
1.0,68,1.017073
1.0,53,1.020933
1.0,45,1.024153
0.0,19,1.025531
0.0,66,1.030356
0.0,4,1.030664
0.0,12,1.031514
0.0,21,1.033041
0.0,32,1.035367
1.0,41,1.038375
1.0,68,1.043333
1.0,64,1.047948
0.0,12,1.048801
0.0,21,1.050343
0.0,8,1.05094
1.0,109,1.058843
1.0,40,1.061771
0.0,60,1.066133
1.0,38,1.068894
1.0,151,1.07966
0.0,62,1.084187
1.0,45,1.087396
1.0,30,1.089594
0.0,40,1.092475
1.0,114,1.100681
0.0,93,1.107334
1.0,54,1.111261
1.0,35,1.1138
1.0,50,1.117397
1.0,55,1.121425
1.0,39,1.124236
1.0,31,1.126493
0.0,4,1.126811
0.0,2,1.126967
1.0,91,1.133513
1.0,29,1.135632
1.0,36,1.138238
1.0,45,1.141463
1.0,42,1.144537
0.0,11,1.145346
1.0,47,1.148767
1.0,36,1.151351
1.0,118,1.159889
1.0,102,1.167387
1.0,30,1.169586
1.0,32,1.171932
1.0,34,1.174352
0.0,41,1.177348
0.0,11,1.178155
1.0,37,1.180801
1.0,39,1.183632
0.0,97,1.190696
1.0,29,1.192828
1.0,32,1.19517
0.0,28,1.19716
1.0,37,1.199839
1.0,31,1.202102
0.0,4,1.202408
1.0,30,1.204574
0.0,38,1.207363
1.0,31,1.209618
1.0,61,1.214037
0.0,27,1.216008
1.0,29,1.218123
1.0,32,1.22044
1.0,29,1.222562
1.0,32,1.224877
1.0,35,1.227433
0.0,7,1.227958
1.0,31,1.230193
1.0,37,1.23286
1.0,39,1.235653
1.0,31,1.237893
1.0,47,1.241281
1.0,65,1.246006
1.0,32,1.248366
1.0,34,1.250827
1.0,33,1.253224
0.0,2,1.253384
1.0,36,1.256024
0.0,6,1.256479
1.0,29,1.258593
1.0,33,1.260977
1.0,38,1.263735
1.0,30,1.265914
1.0,40,1.268696
1.0,29,1.270825
0.0,4,1.271125
1.0,81,1.276934
1.0,36,1.27954
1.0,38,1.282291
1.0,32,1.284657
0.0,2,1.284813
1.0,38,1.287557
1.0,29,1.289659
1.0,29,1.291782
1.0,29,1.293902
1.0,32,1.296216
1.0,33,1.298617
1.0,35,1.301169
1.0,29,1.303297
1.0,37,1.305962
1.0,35,1.308504
0.0,22,1.310122
1.0,31,1.312383
1.0,76,1.317873
0.0,4,1.318171
0.0,48,1.321655
1.0,29,1.323771
1.0,35,1.326272
1.0,30,1.328464
1.0,32,1.330793
0.0,30,1.332967
1.0,41,1.335956
1.0,31,1.338204
1.0,62,1.342716
1.0,32,1.345034
1.0,29,1.347138
1.0,31,1.349395
1.0,35,1.351927
1.0,34,1.354379
1.0,30,1.356562
0.0,7,1.357086
1.0,32,1.359386
1.0,32,1.361687
0.0,2,1.361846
1.0,31,1.364092
1.0,31,1.366356
1.0,32,1.368658
1.0,29,1.370784
0.0,6,1.371237
1.0,31,1.373501
0.0,21,1.375038
1.0,36,1.377629
1.0,31,1.379915
1.0,31,1.382156
1.0,39,1.384979
1.0,33,1.387363
1.0,33,1.389763
0.0,6,1.390213
0.0,8,1.390803
0.0,7,1.391329
1.0,30,1.393517
0.0,4,1.393822
1.0,37,1.396503
1.0,38,1.399243
1.0,35,1.401734
1.0,38,1.404451
1.0,34,1.40692
1.0,29,1.409034
1.0,29,1.411158
0.0,45,1.414436
1.0,78,1.420008
1.0,29,1.422136
1.0,31,1.424388
1.0,30,1.426577
0.0,14,1.427586
1.0,29,1.429695
1.0,35,1.432231
1.0,29,1.434351
1.0,31,1.436585
0.0,11,1.437398
1.0,33,1.439786
1.0,32,1.442384
1.0,31,1.444676
1.0,40,1.447528
1.0,30,1.449714
1.0,36,1.452316
0.0,6,1.452769
1.0,30,1.454946
1.0,31,1.457176
1.0,31,1.459431
1.0,34,1.46191
0.0,22,1.463507
1.0,33,1.465891
0.0,6,1.466334
1.0,32,1.468628
1.0,32,1.470961
0.0,6,1.471407
1.0,29,1.47352
1.0,31,1.475798
1.0,32,1.47812
1.0,31,1.480381
1.0,31,1.482618
1.0,31,1.484842
1.0,34,1.48731
1.0,29,1.48943
1.0,33,1.491827
0.0,25,1.493672
1.0,36,1.496253
0.0,26,1.498147
1.0,37,1.500892
1.0,31,1.50313
1.0,37,1.505811
1.0,35,1.508336
1.0,35,1.510846
0.0,7,1.511374
1.0,31,1.513624
0.0,4,1.51392
1.0,39,1.516691
0.0,19,1.51808
1.0,29,1.520185
1.0,37,1.522856
1.0,33,1.525222
1.0,36,1.527838
1.0,30,1.530013
1.0,33,1.532411
1.0,30,1.534596
0.0,27,1.536554
1.0,30,1.538727
1.0,31,1.540989
1.0,31,1.543255
1.0,29,1.545373
1.0,29,1.547484
1.0,37,1.55019
1.0,33,1.552572
1.0,29,1.554687
1.0,32,1.557005
0.0,9,1.557677
1.0,32,1.559997
1.0,31,1.562239
1.0,30,1.564412
1.0,36,1.566971
1.0,37,1.569641
1.0,31,1.571867
1.0,31,1.574108
0.0,4,1.57441
1.0,31,1.57666
1.0,36,1.579234
0.0,21,1.580757
1.0,31,1.58301
0.0,11,1.583809
0.0,6,1.58426
1.0,32,1.586577
1.0,29,1.588683
1.0,31,1.590932
0.0,17,1.592128
1.0,35,1.594667
1.0,32,1.596983
1.0,33,1.599289
1.0,30,1.601475
0.0,9,1.602144
0.0,6,1.602591
1.0,40,1.605466
1.0,33,1.607842
1.0,33,1.610246
1.0,34,1.612704
1.0,30,1.614876
1.0,30,1.617075
1.0,31,1.619317
1.0,32,1.621636
1.0,29,1.62374
1.0,34,1.626194
1.0,30,1.628361
1.0,29,1.630463
1.0,36,1.633066
0.0,7,1.633566
0.0,6,1.634006
0.0,30,1.636137
0.0,2,1.636294
0.0,33,1.638668
1.0,31,1.64095
1.0,39,1.643733
1.0,31,1.645967
1.0,34,1.648412
1.0,31,1.650657
1.0,35,1.65319
1.0,38,1.655914
0.0,9,1.656585
1.0,34,1.658953
1.0,35,1.661489
1.0,29,1.6636
1.0,32,1.665914
1.0,39,1.668723
1.0,47,1.672127
0.0,8,1.672713
1.0,32,1.675022
1.0,40,1.677904
0.0,7,1.678419
1.0,38,1.68117
1.0,34,1.683629
1.0,29,1.685725
1.0,29,1.687835
1.0,32,1.690099
1.0,30,1.692268
1.0,31,1.694518
1.0,30,1.696667
1.0,29,1.698785
0.0,27,1.700934
1.0,29,1.703159
1.0,31,1.705429
1.0,31,1.707676
0.0,15,1.70875
1.0,34,1.711223
1.0,38,1.713948
1.0,31,1.716179
1.0,31,1.718431
1.0,32,1.720713
0.0,7,1.721232
0.0,17,1.722464
1.0,32,1.724765
1.0,37,1.727437
1.0,34,1.729899
0.0,9,1.730562
1.0,29,1.732678
1.0,33,1.73506
1.0,36,1.737652
0.0,4,1.737955
1.0,34,1.740407
1.0,31,1.742658
0.0,17,1.7439
1.0,33,1.746286
1.0,32,1.748598
1.0,29,1.750704
1.0,33,1.753097
0.0,4,1.753399
1.0,36,1.755991
1.0,32,1.758294
1.0,38,1.761036
1.0,29,1.763143
1.0,29,1.765239
0.0,2,1.765393
1.0,29,1.767502
1.0,38,1.770261
1.0,32,1.772551
0.0,6,1.772997
1.0,30,1.775161
1.0,31,1.777398
1.0,33,1.779778
1.0,35,1.782274
0.0,11,1.783081
0.0,4,1.783382
0.0,26,1.785284
1.0,31,1.787526
1.0,33,1.789888
0.0,2,1.790051
1.0,31,1.792298
1.0,31,1.794522
1.0,36,1.797118
1.0,37,1.799779
0.0,25,1.801601
0.0,20,1.802992
1.0,29,1.805104
0.0,6,1.805555
1.0,29,1.80765
1.0,29,1.809756
1.0,37,1.81244
0.0,19,1.813802
1.0,31,1.816039
0.0,23,1.817714
0.0,26,1.819588
1.0,33,1.821976
1.0,31,1.824238
0.0,20,1.825703
1.0,59,1.829978
1.0,32,1.832276
0.0,23,1.833928
1.0,30,1.836118
1.0,29,1.838231
0.0,27,1.84019
1.0,30,1.84236
1.0,29,1.844472
1.0,33,1.846858
1.0,32,1.849173
1.0,31,1.851415
1.0,31,1.853642
1.0,33,1.856036
0.0,15,1.857127
0.0,10,1.857847
1.0,36,1.860447
1.0,37,1.863125
1.0,43,1.866224
1.0,38,1.868888
1.0,29,1.870988
0.0,4,1.87129
0.0,31,1.873541
1.0,36,1.87612
0.0,33,1.878536
0.0,10,1.879278
1.0,36,1.881851
1.0,29,1.883938
0.0,8,1.884526
1.0,30,1.886698
0.0,23,1.888346
1.0,30,1.89049
1.0,41,1.893362
1.0,35,1.895882
1.0,36,1.89847
1.0,33,1.900883
1.0,33,1.903278
0.0,21,1.904802
1.0,34,1.907257
1.0,31,1.909499
0.0,19,1.910871
1.0,29,1.912975
1.0,29,1.91508
0.0,17,1.916308
1.0,31,1.918552
1.0,33,1.920944
1.0,32,1.923245
1.0,29,1.925347
1.0,29,1.927455
1.0,33,1.929843
1.0,29,1.931944
1.0,33,1.93432
1.0,31,1.93656
1.0,33,1.938961
1.0,35,1.941475
1.0,29,1.943594
1.0,31,1.945838
0.0,4,1.946139
0.0,4,1.946441
1.0,35,1.948959
1.0,33,1.95134
0.0,19,1.952713
1.0,37,1.955346
1.0,33,1.95772
1.0,34,1.960188
1.0,31,1.962438
1.0,35,1.964973
1.0,30,1.967151
1.0,45,1.970383
1.0,33,1.972773
1.0,33,1.975111
1.0,36,1.97771
0.0,13,1.978656
1.0,33,1.981049
1.0,31,1.98328
1.0,29,1.985393
1.0,29,1.987495
0.0,11,1.988291
1.0,32,1.990604
1.0,33,1.992949
1.0,33,1.995313
1.0,34,1.997741
1.0,32,2.000051
1.0,33,2.002439
0.0,20,2.003851
1.0,33,2.006218
1.0,30,2.00838
1.0,29,2.010507
1.0,41,2.013464
1.0,31,2.015708
1.0,34,2.018152
0.0,18,2.019454
1.0,46,2.022791
1.0,37,2.025436
1.0,31,2.027707
0.0,27,2.029661
0.0,6,2.030112
1.0,35,2.032643
1.0,35,2.035168
0.0,4,2.035468
1.0,45,2.038712
1.0,38,2.041414
1.0,63,2.045967
1.0,36,2.048567
1.0,34,2.051031
0.0,21,2.052574
1.0,37,2.055208
1.0,33,2.057598
0.0,21,2.059117
0.0,20,2.060599
1.0,33,2.062959
0.0,16,2.064117
1.0,37,2.066742
0.0,6,2.06719
1.0,32,2.06951
0.0,6,2.069958
1.0,30,2.072142
1.0,30,2.074319
1.0,35,2.076845
1.0,35,2.07937
0.0,4,2.079671
1.0,35,2.082215
0.0,36,2.08481
1.0,33,2.087171
0.0,28,2.089186
1.0,36,2.091791
1.0,32,2.094117
0.0,18,2.095426
1.0,36,2.098016
0.0,13,2.098945
0.0,21,2.100466
1.0,29,2.102557
0.0,6,2.103008
1.0,32,2.105314
1.0,31,2.107552
1.0,31,2.109799
1.0,29,2.111924
0.0,21,2.113438
1.0,32,2.115742
1.0,31,2.117996
1.0,33,2.120381
1.0,31,2.122641
1.0,37,2.125302
1.0,37,2.12798
0.0,19,2.129351
1.0,30,2.131526
1.0,33,2.133892
1.0,39,2.136706
1.0,29,2.138811
1.0,35,2.141338
1.0,33,2.143741
1.0,29,2.145842
1.0,31,2.14808
1.0,33,2.150463
0.0,13,2.151405
0.0,16,2.152552
1.0,32,2.154868
0.0,19,2.156213
0.0,25,2.157971
1.0,32,2.160309
1.0,32,2.162629
1.0,37,2.165382
1.0,32,2.167716
1.0,32,2.17005
0.0,8,2.17065
1.0,33,2.173045
1.0,34,2.175469
1.0,31,2.177728
0.0,9,2.178374
1.0,32,2.18071
1.0,35,2.183223
0.0,17,2.184478
0.0,21,2.186012
1.0,34,2.188467
1.0,45,2.191692
1.0,36,2.194272
0.0,11,2.195069
0.0,15,2.196159
1.0,31,2.198412
0.0,4,2.198718
1.0,37,2.201415
1.0,34,2.203874
1.0,32,2.20619
1.0,32,2.208514
1.0,35,2.211058
0.0,8,2.21165
1.0,30,2.213834
1.0,36,2.216425
1.0,30,2.218611
1.0,34,2.221107
0.0,25,2.222926
0.0,32,2.225247
1.0,37,2.227929
1.0,30,2.230115
1.0,33,2.232536
1.0,29,2.234625
1.0,40,2.237502
1.0,31,2.239742
0.0,9,2.240412
1.0,29,2.242512
0.0,15,2.243564
1.0,31,2.245797
1.0,35,2.248324
0.0,19,2.249711
0.0,7,2.250233
1.0,29,2.252346
1.0,31,2.254581
1.0,38,2.257308
1.0,31,2.259549
1.0,33,2.261922
1.0,31,2.264164
1.0,33,2.266548
1.0,31,2.268777
1.0,34,2.271241
1.0,29,2.273342
1.0,34,2.275792
1.0,35,2.278314
1.0,31,2.280561
0.0,4,2.280862
1.0,33,2.28327
1.0,33,2.285681
1.0,29,2.28779
1.0,33,2.290179
0.0,11,2.290979
1.0,33,2.293368
1.0,36,2.295965
0.0,19,2.297363
0.0,30,2.299545
1.0,31,2.301794
1.0,34,2.304246
1.0,30,2.306413
1.0,30,2.30859
1.0,41,2.311541
1.0,33,2.313927
1.0,30,2.316107
0.0,15,2.317206
1.0,34,2.319669
0.0,4,2.319969
1.0,37,2.322635
1.0,33,2.324985
1.0,40,2.327841
0.0,29,2.329953
0.0,2,2.330108
1.0,30,2.332295
0.0,14,2.333331
0.0,28,2.335372
1.0,32,2.337696
1.0,34,2.340153
1.0,31,2.342374
1.0,30,2.344558
0.0,7,2.345073
0.0,14,2.346102
0.0,9,2.346765
1.0,31,2.349028
1.0,31,2.351271
0.0,34,2.353711
1.0,33,2.35612
0.0,31,2.358363
1.0,32,2.3607
1.0,30,2.362868
1.0,36,2.36546
0.0,25,2.367273
1.0,32,2.369577
0.0,22,2.371181
0.0,4,2.371481
1.0,30,2.373654
1.0,33,2.376022
1.0,31,2.378235
1.0,31,2.380475
1.0,31,2.382696
1.0,31,2.384904
1.0,35,2.387422
1.0,32,2.3897
1.0,36,2.392258
0.0,9,2.392919
0.0,9,2.393597
1.0,31,2.395839
0.0,4,2.396133
1.0,31,2.398374
1.0,31,2.400628
1.0,29,2.402731
0.0,7,2.40325
0.0,14,2.404227
1.0,29,2.40633
1.0,31,2.408579
1.0,31,2.410813
1.0,33,2.413145
1.0,34,2.415587
1.0,35,2.418108
1.0,37,2.420783
1.0,29,2.422889
0.0,19,2.424269
1.0,31,2.426506
1.0,34,2.428976
1.0,31,2.431219
1.0,38,2.43395
1.0,29,2.436047
0.0,15,2.437138
1.0,37,2.439808
0.0,2,2.439962
1.0,32,2.442269
1.0,33,2.444656
1.0,29,2.446761
0.0,31,2.449002
1.0,31,2.451244
0.0,17,2.452477
1.0,31,2.454719
0.0,12,2.455583
1.0,35,2.458051
1.0,40,2.460928
0.0,7,2.461453
1.0,30,2.463627
1.0,31,2.465849
1.0,32,2.468158
1.0,33,2.470545
1.0,35,2.47307
0.0,12,2.473924
1.0,34,2.476362
0.0,15,2.47747
1.0,29,2.479577
1.0,33,2.481933
1.0,29,2.484039
1.0,31,2.486294
1.0,29,2.488374
1.0,31,2.490614
1.0,31,2.492866
1.0,33,2.495243
1.0,37,2.497917
1.0,33,2.500293
1.0,36,2.502849
1.0,29,2.50496
1.0,32,2.507259
0.0,24,2.508947
1.0,31,2.511208
1.0,31,2.513461
0.0,8,2.514044
0.0,4,2.514346
1.0,33,2.516737
1.0,34,2.519197
1.0,30,2.521373
1.0,62,2.525857
1.0,32,2.528155
1.0,40,2.531026
1.0,35,2.533553
1.0,31,2.535788
1.0,29,2.537875
0.0,23,2.53954
0.0,7,2.540064
1.0,35,2.542586
1.0,31,2.544849
1.0,35,2.547359
1.0,33,2.549767
0.0,22,2.551353
0.0,25,2.553169
1.0,31,2.555402
0.0,11,2.556195
1.0,31,2.558439
1.0,33,2.560844
1.0,33,2.56324
1.0,34,2.565657
1.0,29,2.567759
1.0,30,2.569898
0.0,19,2.571263
1.0,31,2.573508
1.0,31,2.575741
0.0,6,2.576193
1.0,33,2.578582
1.0,31,2.580825
0.0,15,2.581909
0.0,23,2.583581
1.0,29,2.585689
1.0,32,2.588005
1.0,29,2.590099
1.0,34,2.592565
1.0,31,2.594813
1.0,31,2.597063
1.0,30,2.599222
0.0,2,2.599376
1.0,30,2.601526
1.0,29,2.603629
0.0,29,2.605727
1.0,34,2.60819
1.0,37,2.610861
1.0,33,2.613245
1.0,40,2.616115
0.0,24,2.617818
0.0,2,2.617973
0.0,16,2.61915
1.0,35,2.621674
1.0,34,2.62413
0.0,17,2.625373
0.0,27,2.627329
1.0,33,2.629709
1.0,34,2.632174
0.0,6,2.632622
0.0,15,2.633728
1.0,29,2.635836
0.0,4,2.636138
0.0,19,2.637503
1.0,31,2.639739
0.0,2,2.639893
0.0,6,2.640334
1.0,35,2.642852
1.0,31,2.645122
1.0,37,2.647782
0.0,17,2.649017
1.0,29,2.651133
1.0,35,2.653619
1.0,35,2.656146
1.0,35,2.658682
0.0,7,2.659209
1.0,31,2.661432
1.0,33,2.663812
1.0,34,2.666255
1.0,34,2.668675
0.0,19,2.67006
1.0,33,2.672447
1.0,32,2.674759
1.0,31,2.677018
1.0,37,2.679682
1.0,33,2.682071
1.0,29,2.684178
1.0,34,2.68659
0.0,21,2.688116
1.0,33,2.690512
1.0,31,2.692767
0.0,2,2.692922
1.0,29,2.695049
0.0,6,2.695497
1.0,32,2.697792
1.0,30,2.699973
1.0,34,2.702445
1.0,30,2.704912
0.0,6,2.70536
1.0,29,2.707466
1.0,30,2.709623
1.0,32,2.711881
1.0,35,2.71438
1.0,31,2.716625
1.0,38,2.719353
0.0,9,2.720023
1.0,31,2.72228
1.0,36,2.72481
1.0,32,2.727127
0.0,7,2.727646
1.0,29,2.729767
1.0,33,2.732177
1.0,33,2.73456
1.0,33,2.736952
0.0,27,2.738888
1.0,32,2.741201
1.0,34,2.74365
1.0,32,2.745972
1.0,33,2.748345
0.0,25,2.75015
1.0,31,2.752409
1.0,29,2.754522
1.0,29,2.756632
0.0,27,2.758588
1.0,33,2.760969
0.0,17,2.76221
1.0,29,2.764319
1.0,31,2.766565
1.0,31,2.768804
1.0,25,2.770598
0.0,11,2.771398
1.0,35,2.773921
1.0,30,2.776085
1.0,29,2.778194
1.0,32,2.780476
1.0,31,2.78274
1.0,37,2.785408
1.0,34,2.787861
1.0,40,2.790698
1.0,33,2.793081
0.0,11,2.793887
1.0,34,2.796324
1.0,34,2.798722
1.0,32,2.801026
1.0,30,2.803197
1.0,35,2.805709
1.0,30,2.807886
1.0,31,2.81016
1.0,34,2.812609
0.0,23,2.814264
1.0,26,2.816132
0.0,9,2.816791
1.0,31,2.819035
1.0,36,2.821625
1.0,32,2.823938
1.0,35,2.826461
1.0,30,2.828662
0.0,28,2.83071
1.0,36,2.833312
1.0,33,2.835705
1.0,33,2.838099
1.0,33,2.840493
1.0,42,2.84353
1.0,36,2.846138
1.0,43,2.849244
1.0,29,2.851357
1.0,33,2.853755
1.0,36,2.856361
0.0,19,2.85775
1.0,30,2.859938
0.0,4,2.860241
0.0,10,2.860969
0.0,4,2.861263
1.0,31,2.863473
1.0,31,2.865714
1.0,35,2.868206
1.0,37,2.870867
0.0,14,2.871904
1.0,32,2.874221
1.0,36,2.87678
1.0,30,2.878949
0.0,4,2.879251
1.0,32,2.881561
0.0,36,2.884163
1.0,34,2.886614
1.0,33,2.889085
0.0,14,2.890124
1.0,33,2.892493
0.0,17,2.893744
0.0,12,2.894617
1.0,39,2.897396
0.0,30,2.899579
1.0,31,2.901827
1.0,39,2.904636
1.0,32,2.90694
1.0,32,2.909244
0.0,17,2.910491
0.0,28,2.91252
0.0,8,2.913109
1.0,34,2.915556
1.0,30,2.917738
0.0,21,2.919275
0.0,21,2.920798
1.0,29,2.922922
0.0,2,2.923089
1.0,37,2.925746
1.0,32,2.928053
1.0,30,2.930224
1.0,32,2.93252
1.0,32,2.934815
0.0,28,2.936869
0.0,18,2.938171
1.0,35,2.940704
1.0,31,2.942929
0.0,29,2.945039
1.0,37,2.947711
1.0,23,2.949404
1.0,36,2.952002
1.0,36,2.954582
1.0,30,2.95675
1.0,32,2.959054
1.0,25,2.960866
1.0,32,2.963145
0.0,25,2.964966
1.0,35,2.967469
0.0,10,2.968196
1.0,32,2.970521
0.0,17,2.971763
1.0,35,2.974285
1.0,31,2.976537
1.0,33,2.978899
1.0,31,2.981143
1.0,31,2.983385
0.0,22,2.984973
1.0,29,2.987079
0.0,11,2.987878
1.0,34,2.990323
1.0,35,2.992841
1.0,30,2.994981
1.0,33,2.997346
1.0,30,2.999526
1.0,34,3.002012
0.0,27,3.003897
1.0,31,3.006167
0.0,12,3.00704
1.0,36,3.009628
0.0,4,3.009938
0.0,35,3.012443
0.0,4,3.012746
1.0,30,3.014889
1.0,34,3.017343
1.0,34,3.019794
1.0,34,3.022241
1.0,31,3.024492
1.0,37,3.027157
1.0,36,3.029722
1.0,36,3.032331
0.0,13,3.033274
0.0,16,3.034447
1.0,33,3.036839
1.0,32,3.039154
1.0,32,3.041468
1.0,29,3.043587
1.0,32,3.045904
1.0,31,3.048135
1.0,34,3.050576
1.0,34,3.052985
1.0,30,3.055164
1.0,32,3.057452
1.0,33,3.059834
1.0,34,3.062287
1.0,35,3.064794
0.0,4,3.065094
1.0,31,3.067323
0.0,28,3.069346
1.0,29,3.071472
1.0,35,3.073996
0.0,6,3.074442
1.0,30,3.076622
1.0,31,3.078854
1.0,40,3.081671
0.0,15,3.082763
0.0,11,3.08356
0.0,6,3.083999
0.0,9,3.084658
1.0,41,3.087587
1.0,30,3.089756
0.0,11,3.090556
0.0,8,3.091151
1.0,32,3.093473
1.0,32,3.095785
1.0,34,3.09824
1.0,36,3.100782
1.0,32,3.103084
1.0,33,3.105462
0.0,16,3.10663
0.0,14,3.107639
1.0,32,3.109963
1.0,33,3.112359
1.0,35,3.114881
1.0,30,3.117056
0.0,27,3.119004
0.0,6,3.119442
1.0,35,3.12196
1.0,33,3.124343
1.0,33,3.126717
0.0,17,3.127938
1.0,30,3.130149
1.0,31,3.132408
1.0,30,3.134591
0.0,14,3.135595
1.0,34,3.138067
1.0,30,3.14024
1.0,30,3.142412
1.0,33,3.144805
0.0,26,3.146703
1.0,31,3.14896
1.0,36,3.151565
1.0,28,3.153558
1.0,31,3.155804
0.0,30,3.157978
1.0,35,3.160518
1.0,42,3.163526
1.0,30,3.165702
1.0,32,3.168018
0.0,19,3.169384
1.0,32,3.171699
1.0,45,3.174919
1.0,34,3.177386
1.0,30,3.179564
0.0,4,3.179863
1.0,36,3.182476
0.0,19,3.183866
1.0,30,3.186031
0.0,14,3.187059
1.0,32,3.189368
1.0,36,3.19196
1.0,34,3.194402
1.0,31,3.196639
1.0,35,3.199154
1.0,33,3.201562
1.0,32,3.203874
0.0,36,3.206473
0.0,20,3.207928
1.0,32,3.210264
1.0,30,3.212452
1.0,30,3.214628
1.0,30,3.216808
0.0,19,3.218208
0.0,28,3.220237
1.0,34,3.222702
1.0,32,3.225022
1.0,31,3.227248
1.0,37,3.229915
0.0,14,3.23094
1.0,36,3.233537
1.0,30,3.23572
1.0,30,3.237902
1.0,30,3.240082
1.0,33,3.242446
1.0,30,3.244612
1.0,34,3.247067
0.0,21,3.2486
1.0,35,3.25112
0.0,21,3.252649
0.0,26,3.254533
0.0,19,3.255895
1.0,30,3.258059
1.0,33,3.260436
1.0,39,3.263212
1.0,34,3.265636
0.0,22,3.267237
0.0,6,3.267685
1.0,36,3.270242
1.0,30,3.272426
1.0,35,3.274908
0.0,30,3.277102
1.0,39,3.279909
1.0,35,3.282366
1.0,34,3.284826
1.0,32,3.287139
0.0,17,3.288394
0.0,16,3.289559
1.0,39,3.292349
1.0,32,3.294677
1.0,30,3.296854
1.0,33,3.299232
1.0,30,3.301395
0.0,24,3.303108
1.0,31,3.305348
1.0,33,3.307733
1.0,29,3.309838
1.0,31,3.312049
1.0,31,3.314282
1.0,32,3.316582
0.0,9,3.31725
1.0,32,3.319543
1.0,31,3.321775
1.0,34,3.324199
1.0,35,3.326726
1.0,35,3.329217
1.0,33,3.331593
1.0,33,3.333957
0.0,19,3.335325
1.0,33,3.337701
1.0,34,3.340139
1.0,30,3.342298
1.0,33,3.344684
1.0,33,3.347038
1.0,32,3.349341
0.0,2,3.349495
0.0,37,3.352147
1.0,38,3.354854
1.0,32,3.357167
0.0,2,3.357321
1.0,31,3.359566
1.0,29,3.361677
0.0,9,3.362342
1.0,36,3.36493
0.0,7,3.365445
1.0,32,3.367737
1.0,37,3.370399
1.0,31,3.372642
0.0,11,3.373438
1.0,29,3.375539
1.0,29,3.377648
1.0,37,3.380311
1.0,33,3.382697
1.0,38,3.385398
0.0,6,3.385843
1.0,33,3.388227
0.0,4,3.388525
1.0,32,3.390839
1.0,34,3.393237
1.0,33,3.395617
1.0,29,3.397733
1.0,31,3.399974
1.0,30,3.402147
1.0,31,3.404371
0.0,2,3.404527
0.0,19,3.405901
1.0,29,3.408006
0.0,9,3.408669
1.0,29,3.410788
1.0,29,3.412893
1.0,30,3.415065
0.0,7,3.415578
1.0,35,3.418094
0.0,6,3.418544
1.0,30,3.420713
1.0,37,3.423337
1.0,37,3.426002
0.0,26,3.427892
1.0,35,3.430374
1.0,29,3.432482
0.0,22,3.434072
1.0,29,3.436173
1.0,31,3.438406
0.0,28,3.440439
1.0,29,3.442542
1.0,32,3.444852
1.0,31,3.447101
0.0,6,3.447546
0.0,24,3.449285
1.0,32,3.451595
1.0,33,3.453981
1.0,29,3.456087
0.0,7,3.456599
1.0,44,3.459744
0.0,2,3.459898
1.0,34,3.462361
1.0,31,3.464618
0.0,12,3.465505
1.0,31,3.467748
1.0,32,3.470059
1.0,31,3.472304
1.0,32,3.474616
1.0,34,3.477072
0.0,12,3.477949
1.0,36,3.480513
0.0,19,3.481904
0.0,8,3.482489
1.0,32,3.484806
0.0,6,3.485248
1.0,36,3.487839
0.0,20,3.489277
1.0,35,3.491798
1.0,35,3.494328
1.0,30,3.496506
1.0,37,3.499157
1.0,40,3.50203
0.0,12,3.502918
0.0,4,3.503217
1.0,33,3.505594
1.0,36,3.50818
1.0,35,3.510719
1.0,31,3.512966
1.0,32,3.515278
1.0,33,3.517635
1.0,30,3.519797
1.0,31,3.522061
1.0,33,3.524416
1.0,42,3.527393
1.0,34,3.52986
0.0,18,3.531154
1.0,29,3.533264
1.0,35,3.53578
1.0,39,3.53855
0.0,25,3.54037
1.0,32,3.542674
1.0,29,3.54479
0.0,4,3.545083
0.0,9,3.54574
1.0,30,3.547918
0.0,17,3.549162
1.0,31,3.551414
0.0,6,3.55186
1.0,38,3.554555
1.0,31,3.556796
1.0,30,3.558964
1.0,32,3.561277
1.0,35,3.563791
1.0,29,3.565888
1.0,30,3.568061
0.0,7,3.56858
0.0,4,3.568881
1.0,33,3.571252
1.0,34,3.573681
1.0,31,3.575908
1.0,38,3.578641
0.0,2,3.578796
1.0,32,3.581101
0.0,2,3.581253
1.0,32,3.583572
1.0,30,3.585745
0.0,18,3.58701
1.0,33,3.58939
1.0,34,3.591838
0.0,14,3.592875
1.0,29,3.595003
0.0,2,3.595156
0.0,24,3.596904
0.0,19,3.598298
0.0,18,3.599618
0.0,7,3.600131
1.0,23,3.601789
0.0,16,3.602957
1.0,39,3.605709
1.0,34,3.608166
1.0,33,3.610796
1.0,30,3.612961
1.0,36,3.615518
1.0,33,3.617855
1.0,31,3.620085
1.0,36,3.622651
1.0,33,3.625025
1.0,33,3.627408
1.0,33,3.62979
1.0,31,3.632025
0.0,15,3.6331
1.0,29,3.635196
1.0,35,3.637711
1.0,32,3.640019
0.0,9,3.640679
0.0,7,3.641198
1.0,30,3.643378
1.0,35,3.645932
1.0,32,3.648265
0.0,33,3.65066
0.0,6,3.651115
1.0,38,3.653886
1.0,33,3.656293
0.0,9,3.656957
0.0,8,3.657545
1.0,33,3.659956
1.0,31,3.66222
1.0,30,3.664371
0.0,16,3.665473
0.0,20,3.666916
0.0,7,3.66743
1.0,38,3.670123
0.0,8,3.670716
0.0,16,3.67187
1.0,32,3.674185
0.0,19,3.675566
1.0,29,3.677692
1.0,29,3.679799
1.0,37,3.682432
0.0,20,3.68382
1.0,31,3.686064
0.0,6,3.68651
0.0,9,3.687177
1.0,30,3.689345
1.0,32,3.691674
1.0,34,3.694147
1.0,30,3.696335
1.0,30,3.698519
0.0,12,3.699406
1.0,32,3.701692
0.0,4,3.701996
1.0,32,3.704296
1.0,30,3.706509
1.0,32,3.708933
1.0,32,3.711265
0.0,20,3.712721
1.0,33,3.71511
1.0,35,3.717669
1.0,30,3.719846
1.0,30,3.722026
1.0,32,3.724364
1.0,36,3.72695
0.0,27,3.728896
1.0,36,3.731489
0.0,17,3.732728
1.0,27,3.73467
1.0,30,3.736839
0.0,31,3.739076
0.0,2,3.739232
1.0,90,3.745715
1.0,32,3.748047
1.0,35,3.750594
0.0,32,3.752908
0.0,29,3.755033
1.0,30,3.75723
1.0,34,3.759684
0.0,15,3.760803
0.0,18,3.762115
1.0,32,3.764438
1.0,35,3.766931
1.0,32,3.76926
1.0,29,3.771383
0.0,12,3.77225
1.0,34,3.774718
1.0,31,3.776995
0.0,25,3.778794
1.0,32,3.781122
1.0,29,3.78323
0.0,6,3.783681
0.0,17,3.784916
1.0,32,3.787229
0.0,10,3.787964
1.0,25,3.789772
0.0,10,3.790511
1.0,39,3.793304
1.0,31,3.795556
1.0,33,3.797926
1.0,32,3.800241
1.0,35,3.80278
1.0,33,3.805153
1.0,33,3.807555
1.0,29,3.809665
1.0,35,3.812197
1.0,31,3.814443
0.0,6,3.814894
1.0,37,3.817584
0.0,14,3.818598
0.0,15,3.819679
1.0,37,3.822323
0.0,4,3.822627
1.0,31,3.824866
1.0,31,3.827102
1.0,41,3.83006
0.0,2,3.830217
1.0,32,3.832556
1.0,34,3.835026
0.0,12,3.835924
1.0,30,3.838116
1.0,31,3.840367
1.0,34,3.842812
1.0,30,3.844999
0.0,21,3.84655
1.0,33,3.848943
1.0,37,3.8516
1.0,34,3.854033
1.0,32,3.856326
0.0,17,3.857562
1.0,31,3.859804
0.0,7,3.860326
1.0,30,3.862517
1.0,32,3.864849
1.0,34,3.867308
0.0,10,3.868036
0.0,8,3.86864
1.0,29,3.870743
0.0,26,3.872613
0.0,23,3.874303
1.0,31,3.876513
1.0,31,3.878755
0.0,7,3.879283
1.0,35,3.881792
1.0,31,3.884012
1.0,35,3.886553
0.0,9,3.887228
1.0,29,3.889328
0.0,16,3.890524
0.0,22,3.892087
0.0,25,3.893909
1.0,34,3.896374
1.0,31,3.898637
1.0,33,3.901017
1.0,34,3.903488
1.0,33,3.905885
0.0,11,3.906691
1.0,33,3.909073
0.0,7,3.909588
1.0,32,3.911923
1.0,37,3.914595
0.0,24,3.916359
1.0,29,3.918467
0.0,26,3.920372
1.0,34,3.922794
1.0,29,3.924909
1.0,34,3.927354
1.0,29,3.929455
1.0,36,3.932049
1.0,29,3.934158
0.0,4,3.934453
1.0,31,3.936696
1.0,29,3.938806
0.0,9,3.939467
1.0,30,3.941648
1.0,32,3.943952
1.0,34,3.946403
1.0,30,3.948573
0.0,27,3.950532
0.0,9,3.951198
1.0,31,3.953443
1.0,34,3.955908
1.0,32,3.958222
1.0,30,3.960427
1.0,37,3.963078
1.0,31,3.965325
0.0,32,3.967656
1.0,37,3.97032
0.0,16,3.971501
1.0,33,3.973888
1.0,29,3.975982
1.0,32,3.978309
1.0,33,3.980694
1.0,31,3.982916
1.0,29,3.985046
0.0,2,3.985202
1.0,29,3.987319
1.0,29,3.989426
0.0,25,3.991243
1.0,30,3.993429
0.0,6,3.993876
1.0,40,3.996749
1.0,30,3.998926
0.0,2,3.999079
1.0,34,4.001527
0.0,6,4.001976
0.0,17,4.003212
1.0,31,4.005443
1.0,33,4.007822
1.0,31,4.010083
1.0,29,4.012197
1.0,31,4.01445
1.0,31,4.016694
1.0,30,4.018845
0.0,15,4.019893
1.0,33,4.02227
1.0,33,4.024625
1.0,35,4.02717
1.0,31,4.029421
0.0,14,4.030458
1.0,31,4.032709
1.0,35,4.035237
1.0,29,4.037339
0.0,18,4.038625
1.0,34,4.041072
1.0,30,4.043243
1.0,31,4.045486
1.0,32,4.047798
1.0,33,4.050198
1.0,32,4.052506
0.0,23,4.054185
0.0,8,4.054772
1.0,34,4.057222
1.0,36,4.059825
0.0,10,4.060563
1.0,34,4.063022
0.0,23,4.064678
1.0,31,4.066929
1.0,31,4.069172
1.0,31,4.071416
1.0,33,4.073788
1.0,31,4.076032
1.0,31,4.078266
1.0,30,4.0804
0.0,11,4.081212
1.0,29,4.08332
1.0,33,4.085708
0.0,19,4.087076
1.0,29,4.089184
1.0,33,4.091568
1.0,29,4.093683
1.0,37,4.096314
1.0,29,4.098409
1.0,32,4.100716
1.0,31,4.102958
1.0,31,4.105174
1.0,34,4.107607
0.0,11,4.108394
1.0,31,4.11064
1.0,35,4.113158
1.0,32,4.115477
1.0,31,4.117726
0.0,15,4.118817
0.0,4,4.119113
1.0,33,4.121505
1.0,31,4.123755
0.0,32,4.126054
1.0,36,4.128622
1.0,33,4.13102
1.0,34,4.133478
1.0,33,4.135871
1.0,43,4.138927
0.0,33,4.141326
1.0,34,4.143763
1.0,40,4.146604
1.0,29,4.148712
1.0,31,4.150954
1.0,35,4.153473
1.0,32,4.155796
1.0,31,4.158046
1.0,33,4.160442
0.0,19,4.161817
1.0,31,4.164063
1.0,29,4.166173
1.0,32,4.168476
1.0,31,4.170719
1.0,32,4.173028
0.0,6,4.173475
1.0,36,4.176076
0.0,19,4.177479
1.0,29,4.179599
1.0,34,4.182028
1.0,29,4.184129
1.0,29,4.186248
1.0,33,4.188638
1.0,32,4.190955
0.0,11,4.191757
1.0,36,4.194339
1.0,31,4.19659
1.0,32,4.198906
1.0,31,4.201163
1.0,33,4.203551
1.0,29,4.205668
1.0,34,4.208122
1.0,33,4.210495
0.0,4,4.210801
1.0,39,4.213604
1.0,32,4.215924
0.0,9,4.216589
1.0,35,4.219079
1.0,33,4.221479
1.0,30,4.223656
0.0,23,4.225335
1.0,29,4.227456
0.0,12,4.228323
0.0,17,4.22956
1.0,33,4.231958
1.0,33,4.234359
1.0,32,4.236678
1.0,31,4.238929
1.0,35,4.241459
1.0,33,4.243841
1.0,29,4.24595
0.0,21,4.247469
1.0,36,4.250059
1.0,30,4.252228
0.0,13,4.253138
1.0,30,4.25531
1.0,29,4.257423
1.0,32,4.259734
1.0,30,4.261904
1.0,38,4.264644
1.0,32,4.266966
1.0,33,4.269326
1.0,35,4.27184
1.0,34,4.274244
1.0,42,4.277212
1.0,33,4.279583
1.0,33,4.281972
0.0,8,4.28256
0.0,23,4.284245
1.0,32,4.28656
1.0,32,4.288883
1.0,32,4.291185
1.0,33,4.293574
1.0,36,4.296144
0.0,34,4.298604
0.0,8,4.299179
0.0,2,4.299334
1.0,30,4.301529
0.0,19,4.302925
1.0,30,4.305095
0.0,16,4.30627
1.0,33,4.308649
1.0,30,4.310841
1.0,32,4.313158
1.0,31,4.315408
1.0,31,4.317637
0.0,25,4.319462
1.0,33,4.321826
1.0,29,4.32394
1.0,33,4.32629
1.0,29,4.328406
1.0,34,4.330806
0.0,4,4.331109
1.0,37,4.333818
1.0,33,4.33622
1.0,37,4.338891
1.0,36,4.341497
1.0,36,4.344101
1.0,30,4.346275
1.0,31,4.348537
0.0,27,4.350502
0.0,2,4.350661
1.0,31,4.352917
1.0,36,4.35551
1.0,33,4.357888
1.0,29,4.360022
0.0,2,4.360179
1.0,41,4.363119
1.0,34,4.365551
0.0,19,4.366926
1.0,37,4.369613
1.0,33,4.372026
1.0,33,4.374429
0.0,7,4.374953
1.0,33,4.377367
1.0,30,4.379562
1.0,34,4.381999
1.0,38,4.384748
1.0,30,4.386948
0.0,6,4.387393
0.0,12,4.388275
1.0,33,4.390672
1.0,29,4.392784
1.0,34,4.395207
1.0,35,4.397731
1.0,34,4.400207
1.0,33,4.4026
1.0,37,4.40524
1.0,31,4.40747
1.0,34,4.409886
1.0,31,4.412131
0.0,4,4.412432
1.0,29,4.414538
0.0,6,4.414986
1.0,32,4.417309
0.0,19,4.418693
1.0,30,4.420876
1.0,37,4.423502
0.0,19,4.424872
0.0,21,4.426391
1.0,33,4.428767
1.0,29,4.430865
0.0,10,4.431596
1.0,32,4.433914
0.0,12,4.434776
0.0,6,4.435213
1.0,33,4.437601
1.0,36,4.440196
0.0,26,4.44209
1.0,29,4.4442
0.0,15,4.445301
1.0,29,4.447408
1.0,32,4.449737
0.0,22,4.451356
0.0,4,4.451656
1.0,33,4.454027
1.0,38,4.45676
0.0,12,4.45761
1.0,31,4.459865
1.0,30,4.462048
1.0,34,4.464507
1.0,35,4.467031
1.0,31,4.469266
1.0,30,4.471448
0.0,23,4.473079
1.0,31,4.475315
1.0,37,4.477999
1.0,33,4.48039
1.0,31,4.482632
1.0,31,4.484873
1.0,33,4.487249
1.0,29,4.489364
1.0,31,4.491617
1.0,37,4.494308
1.0,33,4.496689
0.0,16,4.497843
1.0,37,4.500482
0.0,6,4.500938
1.0,36,4.503501
1.0,32,4.505831
1.0,34,4.508289
1.0,34,4.510765
1.0,35,4.513293
1.0,34,4.515772
1.0,34,4.518223
1.0,30,4.520394
1.0,35,4.522916
1.0,39,4.525709
1.0,30,4.527888
1.0,31,4.530112
1.0,40,4.532957
1.0,35,4.535485
1.0,33,4.537865
0.0,18,4.539189
1.0,32,4.541501
1.0,39,4.54428
1.0,37,4.546937
0.0,6,4.547384
1.0,34,4.549836
0.0,2,4.549984
1.0,32,4.552307
0.0,23,4.553982
1.0,32,4.556276
1.0,35,4.5588
0.0,23,4.560466
1.0,30,4.562654
1.0,25,4.564443
1.0,35,4.566978
1.0,33,4.569376
1.0,33,4.571772
1.0,30,4.573942
1.0,30,4.576118
1.0,33,4.578482
1.0,30,4.58066
1.0,36,4.583252
1.0,33,4.585635
1.0,32,4.58796
1.0,32,4.590271
1.0,37,4.592963
0.0,31,4.595208
1.0,32,4.597528
1.0,36,4.60013
0.0,14,4.601165
1.0,34,4.603623
1.0,33,4.605996
1.0,36,4.608576
1.0,31,4.610837
1.0,30,4.613019
1.0,34,4.615465
0.0,25,4.617284
1.0,33,4.619651
0.0,21,4.621165
0.0,21,4.622705
1.0,30,4.62487
1.0,33,4.627252
1.0,30,4.62941
1.0,29,4.631503
1.0,33,4.633891
1.0,31,4.636138
1.0,38,4.638859
1.0,35,4.641387
1.0,29,4.643503
1.0,33,4.645894
0.0,28,4.647904
0.0,9,4.648576
1.0,32,4.650896
0.0,13,4.651804
1.0,39,4.654559
1.0,37,4.657224
0.0,4,4.657525
1.0,29,4.659632
0.0,14,4.660646
1.0,32,4.662968
1.0,40,4.665788
1.0,33,4.66816
1.0,34,4.670616
1.0,31,4.672854
0.0,6,4.673294
1.0,32,4.675615
0.0,20,4.6771
1.0,29,4.679215
0.0,6,4.679662
1.0,33,4.682054
0.0,7,4.682578
1.0,32,4.684889
0.0,34,4.687343
1.0,32,4.689653
1.0,30,4.691845
0.0,10,4.69258
1.0,34,4.695045
1.0,34,4.6975
1.0,31,4.699782
0.0,6,4.700228
1.0,36,4.702815
1.0,29,4.704917
1.0,33,4.707293
1.0,33,4.709721
1.0,31,4.712152
1.0,30,4.714352
1.0,33,4.716714
1.0,40,4.719565
1.0,29,4.721682
0.0,9,4.722342
0.0,15,4.723439
1.0,37,4.726068
1.0,39,4.728851
0.0,6,4.729303
0.0,19,4.730677
0.0,12,4.731565
0.0,16,4.732747
1.0,40,4.735615
1.0,39,4.73843
1.0,31,4.740672
1.0,29,4.74279
1.0,32,4.745113
1.0,33,4.747497
0.0,28,4.749535
1.0,29,4.751637
1.0,37,4.754307
1.0,30,4.756489
1.0,32,4.758754
1.0,33,4.761152
0.0,12,4.762014
1.0,31,4.76426
0.0,25,4.766067
0.0,7,4.766593
1.0,37,4.769272
1.0,33,4.771669
1.0,33,4.774053
1.0,30,4.776244
1.0,38,4.778999
1.0,36,4.781594
0.0,21,4.783116
1.0,31,4.785361
1.0,31,4.787571
1.0,32,4.78988
0.0,20,4.79132
1.0,29,4.793417
1.0,31,4.795661
0.0,9,4.796332
1.0,29,4.798443
1.0,35,4.800977
1.0,32,4.803299
0.0,4,4.803601
1.0,31,4.805807
1.0,34,4.80826
1.0,34,4.810717
1.0,33,4.813106
1.0,32,4.815416
1.0,31,4.817668
1.0,32,4.819994
0.0,10,4.820724
1.0,32,4.823049
1.0,30,4.825214
1.0,30,4.827389
1.0,32,4.829733
0.0,27,4.831684
1.0,30,4.833872
1.0,32,4.836197
1.0,33,4.838578
1.0,27,4.840483
1.0,32,4.842797
1.0,34,4.845263
1.0,37,4.847856
1.0,35,4.850387
1.0,34,4.852849
1.0,32,4.855122
1.0,31,4.857361
1.0,34,4.85979
1.0,31,4.862049
1.0,36,4.86463
1.0,29,4.866734
1.0,32,4.869042
1.0,30,4.871222
0.0,10,4.871954
0.0,7,4.872476
0.0,9,4.87314
0.0,6,4.873587
1.0,31,4.875825
1.0,33,4.878213
1.0,31,4.880443
0.0,2,4.880601
1.0,34,4.883035
1.0,33,4.885417
1.0,36,4.888008
0.0,10,4.888729
1.0,40,4.891555
1.0,39,4.894367
0.0,19,4.895712
1.0,29,4.897815
1.0,33,4.900188
1.0,33,4.902552
0.0,27,4.904505
1.0,31,4.906748
1.0,33,4.909125
1.0,34,4.911596
0.0,15,4.912674
1.0,29,4.914777
0.0,6,4.915225
1.0,33,4.917606
1.0,32,4.919889
0.0,9,4.920543
1.0,29,4.92265
1.0,33,4.925028
0.0,6,4.925466
1.0,36,4.928055
1.0,34,4.930506
0.0,10,4.931231
0.0,23,4.932914
0.0,15,4.934003
1.0,31,4.936247
1.0,34,4.938683
0.0,19,4.940073
1.0,33,4.942456
1.0,32,4.944753
1.0,32,4.947067
1.0,29,4.949162
1.0,31,4.951409
1.0,29,4.95351
1.0,31,4.955756
1.0,31,4.958001
0.0,2,4.958155
1.0,32,4.96048
1.0,31,4.962727
1.0,33,4.965093
0.0,4,4.965393
1.0,34,4.967836
1.0,31,4.970073
1.0,34,4.972524
1.0,32,4.974825
1.0,36,4.977433
1.0,29,4.979534
1.0,31,4.981774
0.0,9,4.98244
1.0,35,4.98494
1.0,37,4.987571
1.0,29,4.989679
1.0,29,4.991774
1.0,31,4.994027
1.0,34,4.996484
0.0,7,4.997002
1.0,32,4.999293
1.0,38,5.002029
1.0,33,5.004397
1.0,34,5.006845
0.0,11,5.007652
1.0,30,5.009815
1.0,31,5.012046
1.0,29,5.014146
0.0,8,5.014732
1.0,29,5.016842
1.0,34,5.019215
0.0,6,5.019655
1.0,31,5.021936
1.0,31,5.024186
1.0,34,5.026643
1.0,29,5.028749
1.0,36,5.031351
1.0,33,5.033744
1.0,31,5.035989
1.0,35,5.038508
1.0,34,5.040949
1.0,35,5.043455
1.0,36,5.045969
1.0,33,5.04834
1.0,33,5.050735
1.0,31,5.052982
1.0,37,5.05559
1.0,30,5.057798
1.0,35,5.060341
1.0,34,5.062801
1.0,33,5.065186
1.0,31,5.067434
1.0,36,5.069986
0.0,11,5.070788
1.0,31,5.073028
1.0,33,5.075416
0.0,6,5.075867
1.0,33,5.078267
1.0,38,5.08095
1.0,34,5.083402
1.0,33,5.08579
1.0,34,5.088244
1.0,37,5.090934
1.0,32,5.093262
0.0,26,5.095177
0.0,4,5.09548
1.0,29,5.0976
1.0,34,5.100055
0.0,31,5.102278
0.0,6,5.102746
1.0,32,5.105077
1.0,38,5.107805
1.0,34,5.11028
1.0,38,5.11298
1.0,31,5.115233
1.0,34,5.117712
1.0,38,5.120438
1.0,31,5.122688
0.0,30,5.12485
0.0,23,5.126539
1.0,36,5.129143
1.0,32,5.131468
1.0,34,5.133919
1.0,32,5.136246
0.0,23,5.137914
0.0,14,5.138953
1.0,29,5.141053
0.0,12,5.141917
1.0,34,5.144386
1.0,32,5.146649
0.0,7,5.147169
0.0,2,5.147324
0.0,12,5.148209
1.0,31,5.15046
1.0,33,5.152832
1.0,33,5.155229
1.0,33,5.157612
0.0,14,5.1586
0.0,17,5.159829
1.0,32,5.162152
1.0,31,5.164394
1.0,34,5.166869
1.0,38,5.169568
1.0,37,5.172225
1.0,31,5.174465
1.0,29,5.176587
1.0,32,5.178903
0.0,4,5.179203
0.0,20,5.180655
1.0,31,5.18288
1.0,33,5.185253
1.0,31,5.187491
1.0,29,5.189599
1.0,30,5.191774
0.0,12,5.192649
0.0,25,5.194479
0.0,4,5.194777
1.0,37,5.197425
0.0,34,5.199868
1.0,35,5.202383
1.0,33,5.204755
0.0,6,5.205212
1.0,39,5.208014
0.0,31,5.21026
1.0,36,5.212862
1.0,34,5.215299
1.0,31,5.217549
1.0,31,5.219795
1.0,37,5.22245
0.0,4,5.222752
1.0,35,5.225262
1.0,31,5.227517
1.0,30,5.229683
1.0,33,5.232079
0.0,6,5.232531
1.0,30,5.234715
1.0,35,5.237251
1.0,32,5.239557
1.0,31,5.241805
1.0,29,5.243924
1.0,29,5.246026
0.0,7,5.246542
0.0,30,5.248708
1.0,37,5.251384
1.0,36,5.253961
1.0,37,5.256585
0.0,11,5.25738
1.0,30,5.259536
0.0,21,5.26106
1.0,32,5.263369
0.0,29,5.265473
1.0,35,5.267999
1.0,36,5.270556
0.0,6,5.271003
1.0,35,5.273492
0.0,21,5.275022
0.0,19,5.2764
1.0,32,5.278738
0.0,6,5.279185
0.0,8,5.279774
0.0,2,5.279928
1.0,35,5.282467
1.0,30,5.284677
1.0,32,5.287003
1.0,34,5.289458
1.0,37,5.292135
1.0,36,5.294717
1.0,36,5.297311
1.0,30,5.299479
0.0,8,5.300071
1.0,36,5.302669
1.0,36,5.305251
1.0,25,5.307055
1.0,34,5.309511
0.0,19,5.310919
1.0,38,5.313638
1.0,32,5.315945
1.0,28,5.317939
1.0,38,5.320646
0.0,13,5.321602
0.0,16,5.322771
1.0,31,5.324964
1.0,35,5.327467
1.0,34,5.329925
1.0,29,5.332033
0.0,14,5.333071
1.0,31,5.335296
1.0,34,5.337755
0.0,4,5.338056
1.0,34,5.340505
1.0,35,5.34298
0.0,8,5.343582
1.0,32,5.345905
1.0,34,5.348353
1.0,32,5.350692
1.0,38,5.353427
1.0,32,5.355744
1.0,36,5.358319
0.0,30,5.36048
1.0,32,5.362776
1.0,30,5.364958
1.0,35,5.367483
0.0,27,5.369443
0.0,4,5.369747
0.0,16,5.370929
1.0,30,5.373103
0.0,21,5.374634
1.0,31,5.376877
1.0,34,5.379324
1.0,33,5.381701
0.0,6,5.382147
1.0,45,5.38535
0.0,27,5.3873
0.0,12,5.388184
1.0,35,5.390699
0.0,4,5.390999
1.0,35,5.393536
1.0,31,5.395781
1.0,29,5.397883
1.0,31,5.400122
1.0,34,5.402579
1.0,29,5.40469
1.0,37,5.407343
1.0,35,5.409857
0.0,2,5.410022
1.0,33,5.412411
1.0,31,5.414653
1.0,30,5.416837
1.0,31,5.419077
1.0,33,5.421471
1.0,31,5.423688
1.0,35,5.42624
1.0,30,5.428424
0.0,17,5.429665
1.0,34,5.432131
1.0,29,5.434245
1.0,40,5.437117
0.0,2,5.437271
1.0,33,5.439653
1.0,31,5.441904
1.0,30,5.444079
1.0,33,5.446459
1.0,33,5.448846
1.0,31,5.451088
1.0,37,5.453747
0.0,26,5.455646
0.0,14,5.456672
1.0,31,5.458884
1.0,34,5.46135
0.0,29,5.463444
1.0,31,5.465684
1.0,35,5.468168
0.0,17,5.469405
1.0,32,5.471714
1.0,34,5.474167
0.0,12,5.475056
1.0,30,5.477218
0.0,9,5.477883
0.0,24,5.479614
1.0,35,5.48214
1.0,38,5.484875
0.0,18,5.48618
1.0,30,5.488351
1.0,33,5.490727
1.0,30,5.49288
1.0,30,5.495069
1.0,29,5.497175
1.0,33,5.499521
0.0,9,5.500189
0.0,4,5.50049
1.0,30,5.502668
1.0,41,5.505562
1.0,34,5.508009
0.0,21,5.50953
1.0,29,5.511633
1.0,31,5.513861
1.0,32,5.516178
0.0,15,5.517219
1.0,38,5.519949
1.0,31,5.522192
0.0,22,5.523793
0.0,19,5.525194
1.0,31,5.527404
0.0,25,5.529229
1.0,36,5.531797
1.0,32,5.534041
1.0,33,5.53642
1.0,34,5.538864
1.0,35,5.541377
0.0,2,5.541531
1.0,33,5.543913
1.0,30,5.546074
1.0,33,5.548453
1.0,29,5.550554
1.0,30,5.552713
1.0,35,5.555217
0.0,16,5.556364
0.0,22,5.55794
0.0,21,5.559451
1.0,31,5.561695
0.0,26,5.563597
1.0,32,5.565909
1.0,32,5.568225
1.0,29,5.570316
1.0,35,5.572832
1.0,35,5.575358
1.0,37,5.578013
1.0,32,5.580333
1.0,34,5.582776
1.0,32,5.585092
1.0,30,5.587245
0.0,8,5.587833
1.0,35,5.590349
0.0,6,5.590799
0.0,19,5.592175
1.0,29,5.594283
0.0,11,5.595079
0.0,18,5.596337
1.0,35,5.598846
1.0,30,5.60101
1.0,36,5.6036
1.0,31,5.605845
1.0,31,5.60808
0.0,6,5.608526
0.0,4,5.608826
0.0,14,5.60986
1.0,35,5.612383
1.0,33,5.614772
1.0,32,5.617071
0.0,2,5.617226
1.0,30,5.619399
1.0,32,5.621701
1.0,37,5.62436
1.0,34,5.62681
1.0,31,5.629056
1.0,31,5.631271
0.0,25,5.633074
0.0,17,5.634275
0.0,27,5.636228
1.0,29,5.638323
1.0,30,5.640494
1.0,29,5.642605
0.0,20,5.644038
0.0,6,5.644486
1.0,30,5.646662
0.0,11,5.647457
1.0,31,5.649696
1.0,33,5.652063
1.0,29,5.65417
1.0,31,5.65641
1.0,32,5.658695
1.0,31,5.660876
1.0,31,5.663104
0.0,21,5.664614
0.0,17,5.66585
1.0,34,5.668303
1.0,33,5.67067
1.0,38,5.673381
1.0,34,5.675836
0.0,18,5.677149
0.0,21,5.678665
1.0,31,5.680879
1.0,31,5.683108
1.0,33,5.685436
1.0,36,5.687979
0.0,13,5.688906
1.0,31,5.691101
1.0,30,5.693273
0.0,4,5.693573
1.0,34,5.696031
0.0,4,5.696335
0.0,20,5.697778
0.0,9,5.69844
0.0,14,5.699476
1.0,31,5.701714
1.0,37,5.704316
0.0,4,5.704617
1.0,33,5.70698
0.0,6,5.707419
1.0,35,5.709933
1.0,30,5.712117
1.0,32,5.714402
0.0,22,5.715938
1.0,34,5.718377
1.0,32,5.720684
0.0,13,5.721617
0.0,7,5.722138
1.0,36,5.724717
0.0,6,5.725158
0.0,19,5.726557
1.0,33,5.728924
1.0,36,5.731517
1.0,29,5.733615
1.0,41,5.736545
1.0,35,5.739025
1.0,33,5.741393
0.0,12,5.742255
0.0,7,5.742776
0.0,15,5.743845
1.0,29,5.745951
1.0,33,5.748323
1.0,29,5.750429
0.0,9,5.751098
1.0,31,5.753308
1.0,34,5.755763
1.0,33,5.758141
1.0,31,5.760388
1.0,31,5.762623
1.0,29,5.764729
1.0,32,5.767032
1.0,38,5.769752
1.0,29,5.771855
1.0,29,5.773948
0.0,7,5.774468
0.0,32,5.776791
1.0,33,5.779231
0.0,20,5.780648
0.0,11,5.781449
0.0,29,5.783547
0.0,18,5.784875
1.0,29,5.786979
1.0,35,5.789493
1.0,31,5.791737
1.0,33,5.794119
0.0,15,5.795202
1.0,31,5.797444
1.0,31,5.799685
1.0,29,5.801782
1.0,33,5.804164
1.0,35,5.806666
1.0,30,5.808834
0.0,6,5.809283
0.0,9,5.80995
0.0,26,5.811846
0.0,18,5.813151
1.0,33,5.815564
1.0,29,5.817675
0.0,18,5.818957
1.0,34,5.82141
1.0,34,5.823871
0.0,7,5.824395
1.0,36,5.826985
1.0,31,5.829238
1.0,43,5.832305
1.0,34,5.834753
1.0,30,5.836925
0.0,6,5.837375
1.0,29,5.839482
0.0,10,5.840218
1.0,29,5.842326
1.0,35,5.84485
1.0,31,5.847099
1.0,34,5.849542
1.0,33,5.851895
1.0,34,5.854352
0.0,26,5.85623
1.0,30,5.858389
0.0,18,5.859693
0.0,19,5.861092
1.0,29,5.863206
1.0,29,5.865309
0.0,25,5.867125
0.0,17,5.868356
1.0,31,5.870606
0.0,9,5.871276
1.0,41,5.874248
0.0,4,5.874549
0.0,18,5.875875
1.0,32,5.878202
1.0,29,5.880309
1.0,34,5.882779
1.0,33,5.885188
1.0,31,5.887433
1.0,33,5.889796
0.0,4,5.890097
0.0,4,5.89039
1.0,33,5.892777
1.0,33,5.895167
1.0,33,5.897554
0.0,13,5.898494
1.0,35,5.901033
1.0,36,5.903642
1.0,32,5.905933
1.0,35,5.908472
1.0,29,5.9106
1.0,33,5.912997
1.0,38,5.915727
0.0,2,5.915882
0.0,7,5.916406
1.0,30,5.918589
0.0,6,5.919046
1.0,34,5.921506
1.0,30,5.923695
1.0,34,5.926163
1.0,30,5.928346
1.0,32,5.93068
0.0,25,5.932493
1.0,31,5.93474
1.0,35,5.937265
0.0,8,5.93786
1.0,32,5.940197
1.0,36,5.942805
1.0,30,5.944992
0.0,30,5.947178
1.0,30,5.949377
1.0,36,5.951985
0.0,6,5.952435
1.0,34,5.954884
0.0,17,5.956142
1.0,33,5.958535
0.0,26,5.96042
1.0,31,5.962674
1.0,33,5.965047
0.0,20,5.966491
1.0,34,5.968951
1.0,29,5.971063
1.0,32,5.973374
1.0,34,5.97583
0.0,17,5.977072
1.0,31,5.979298
0.0,29,5.981374
1.0,31,5.983623
1.0,37,5.986287
0.0,2,5.986441
1.0,30,5.988616
1.0,36,5.99118
1.0,34,5.993637
0.0,20,5.995104
1.0,29,5.997195
0.0,7,5.997716
1.0,38,6.000372
0.0,17,6.001614
0.0,17,6.002875
1.0,38,6.005612
1.0,35,6.008134
1.0,34,6.01061
1.0,34,6.013075
1.0,30,6.015261
1.0,34,6.017713
1.0,31,6.019956
1.0,38,6.022699
1.0,30,6.024875
1.0,32,6.02721
1.0,30,6.02937
0.0,19,6.030767
0.0,30,6.032935
1.0,36,6.035523
1.0,34,6.037955
1.0,40,6.040816
1.0,34,6.043271
1.0,31,6.045525
1.0,33,6.047911
1.0,32,6.050224
1.0,31,6.052478
1.0,32,6.054799
0.0,8,6.0554
1.0,32,6.057725
1.0,32,6.060058
1.0,32,6.062385
1.0,36,6.06499
1.0,33,6.067366
1.0,32,6.069672
1.0,36,6.072213
1.0,32,6.07452
1.0,32,6.076844
1.0,34,6.079288
1.0,30,6.081487
1.0,36,6.084081
1.0,34,6.086551
0.0,8,6.087146
1.0,33,6.08953
1.0,35,6.092062
1.0,35,6.094599
1.0,34,6.097053
1.0,30,6.099228
0.0,11,6.100024
0.0,27,6.101976
0.0,4,6.102278
1.0,30,6.104458
1.0,36,6.107062
1.0,24,6.108776
1.0,36,6.111387
1.0,31,6.11363
1.0,34,6.116091
1.0,36,6.118701
0.0,13,6.119664
0.0,25,6.121467
0.0,26,6.123365
1.0,36,6.12592
1.0,36,6.128465
1.0,24,6.130192
0.0,8,6.130794
1.0,33,6.133163
1.0,32,6.135492
1.0,35,6.138016
0.0,21,6.139554
1.0,36,6.14216
1.0,30,6.144355
0.0,14,6.145382
1.0,33,6.147774
1.0,30,6.149952
0.0,25,6.151765
1.0,30,6.153946
0.0,14,6.15498
0.0,38,6.157704
1.0,33,6.160104
1.0,28,6.162091
1.0,34,6.164539
1.0,30,6.16671
1.0,30,6.168884
1.0,34,6.171341
1.0,33,6.17371
1.0,30,6.175885
1.0,32,6.178206
1.0,35,6.180701
1.0,36,6.183306
0.0,30,6.185473
1.0,33,6.187853
1.0,33,6.190225
1.0,30,6.192404
1.0,34,6.194881
1.0,34,6.197335
1.0,36,6.199944
1.0,32,6.202282
1.0,34,6.204763
1.0,39,6.207536
1.0,34,6.210009
1.0,30,6.212207
0.0,8,6.212798
1.0,31,6.21505
1.0,37,6.217718
0.0,32,6.220036
1.0,32,6.22233
1.0,30,6.224511
0.0,8,6.225107
1.0,31,6.22736
1.0,33,6.229755
1.0,35,6.232298
1.0,30,6.234484
1.0,29,6.236591
0.0,6,6.237039
1.0,34,6.239452
1.0,29,6.241568
1.0,32,6.243865
1.0,35,6.246368
1.0,30,6.248541
0.0,22,6.250113
0.0,7,6.25064
1.0,33,6.253033
1.0,30,6.255209
0.0,23,6.256867
0.0,8,6.257456
0.0,13,6.258408
1.0,31,6.260673
0.0,7,6.261195
1.0,35,6.26375
1.0,35,6.266282
1.0,41,6.269233
0.0,28,6.271276
1.0,38,6.274024
1.0,30,6.276201
0.0,19,6.277606
0.0,18,6.27893
1.0,31,6.281186
1.0,32,6.283509
1.0,31,6.285749
0.0,12,6.286615
1.0,32,6.288925
1.0,32,6.291236
1.0,31,6.293496
1.0,33,6.295876
1.0,29,6.297977
1.0,31,6.30022
1.0,31,6.302466
1.0,29,6.304559
1.0,33,6.306941
0.0,15,6.308031
1.0,32,6.310352
1.0,31,6.312612
1.0,29,6.314716
1.0,37,6.317389
1.0,33,6.319774
1.0,31,6.322026
1.0,34,6.324481
0.0,7,6.325005
1.0,35,6.327535
0.0,4,6.327849
0.0,12,6.328729
0.0,6,6.329176
0.0,29,6.331282
1.0,31,6.333526
1.0,33,6.335897
0.0,7,6.336416
1.0,33,6.338803
1.0,32,6.341106
1.0,34,6.343556
1.0,34,6.346003
1.0,30,6.348174
1.0,32,6.350483
1.0,33,6.35284
1.0,31,6.355073
1.0,42,6.358073
1.0,32,6.360394
0.0,13,6.361351
1.0,35,6.363877
0.0,12,6.364744
1.0,33,6.367099
1.0,33,6.369483
1.0,31,6.371726
1.0,30,6.37389
1.0,35,6.376404
0.0,2,6.376559
1.0,33,6.378941
1.0,32,6.381257
1.0,38,6.383933
1.0,29,6.38603
1.0,30,6.388199
1.0,36,6.390801
1.0,29,6.392921
1.0,29,6.395024
0.0,27,6.396978
1.0,29,6.399077
1.0,31,6.401308
0.0,23,6.402972
1.0,31,6.405209
0.0,8,6.405798
0.0,6,6.406247
1.0,33,6.408633
0.0,16,6.409825
1.0,30,6.412018
0.0,6,6.412464
1.0,30,6.414646
1.0,39,6.417441
0.0,8,6.418037
1.0,29,6.420142
1.0,35,6.422635
1.0,36,6.425226
1.0,36,6.427836
0.0,15,6.428928
1.0,30,6.431102
0.0,21,6.432621
1.0,31,6.434856
0.0,9,6.435519
1.0,34,6.437979
1.0,34,6.440432
1.0,30,6.44262
0.0,17,6.443885
0.0,26,6.445771
1.0,35,6.448285
1.0,30,6.450472
1.0,33,6.45282
1.0,36,6.455412
0.0,8,6.456006
1.0,38,6.458773
1.0,30,6.460972
0.0,16,6.462152
1.0,35,6.464684
1.0,34,6.467145
1.0,30,6.46933
0.0,25,6.471138
0.0,27,6.473088
1.0,36,6.47568
1.0,41,6.478611
1.0,31,6.480864
1.0,33,6.483244
1.0,33,6.485639
1.0,32,6.487953
1.0,34,6.490406
1.0,35,6.492942
0.0,18,6.494246
1.0,38,6.496981
0.0,16,6.49816
1.0,33,6.500551
1.0,31,6.502871
0.0,19,6.504274
1.0,36,6.506866
1.0,32,6.509195
0.0,19,6.510618
1.0,34,6.513094
0.0,6,6.513542
1.0,33,6.51593
1.0,30,6.518122
1.0,32,6.520437
1.0,36,6.523073
1.0,30,6.525249
1.0,32,6.527567
1.0,32,6.529888
1.0,30,6.532082
0.0,8,6.532677
1.0,30,6.53486
1.0,32,6.537195
0.0,9,6.537871
1.0,34,6.54031
1.0,37,6.542981
1.0,32,6.54532
1.0,30,6.547508
1.0,36,6.550105
1.0,40,6.552994
0.0,32,6.555299
1.0,31,6.55755
1.0,36,6.560167
0.0,9,6.560834
1.0,31,6.563085
1.0,38,6.565797
0.0,25,6.567588
1.0,32,6.573109
1.0,29,6.575322
1.0,33,6.577827
1.0,29,6.580024
1.0,31,6.582306
1.0,29,6.584445
0.0,17,6.585696
1.0,34,6.588118
1.0,29,6.5902
1.0,35,6.592738
1.0,33,6.595098
1.0,31,6.597299
1.0,30,6.599432
1.0,33,6.601758
0.0,7,6.602271
0.0,17,6.603501
0.0,9,6.604157
1.0,32,6.606435
1.0,35,6.608915
1.0,40,6.611747
1.0,33,6.614064
0.0,30,6.616222
1.0,32,6.61853
1.0,33,6.620866
1.0,30,6.623008
0.0,8,6.623591
0.0,6,6.624031
0.0,6,6.624469
1.0,34,6.626878
1.0,31,6.629087
1.0,29,6.63116
1.0,34,6.633576
1.0,34,6.635985
1.0,33,6.638326
0.0,17,6.639535
1.0,34,6.641951
1.0,29,6.644037
0.0,13,6.644941
1.0,37,6.647542
0.0,28,6.649526
1.0,35,6.652008
0.0,8,6.652586
1.0,30,6.654724
0.0,8,6.655309
1.0,30,6.657474
1.0,31,6.659683
1.0,32,6.661945
1.0,35,6.664428
1.0,33,6.6668
1.0,36,6.66934
1.0,32,6.671604
1.0,36,6.674139
1.0,34,6.676541
0.0,27,6.678475
1.0,32,6.680762
1.0,32,6.683034
0.0,23,6.68468
1.0,30,6.686807
1.0,35,6.68929
1.0,29,6.691324
1.0,31,6.693536
1.0,40,6.696359
1.0,30,6.698497
1.0,30,6.700637
1.0,30,6.702792
1.0,36,6.705334
1.0,33,6.707676
1.0,33,6.709988
0.0,18,6.711296
1.0,35,6.713788
1.0,32,6.716072
1.0,34,6.71872
0.0,14,6.71974
0.0,4,6.720037
1.0,30,6.722256
0.0,6,6.722707
0.0,14,6.723697
0.0,13,6.724616
1.0,33,6.726961
0.0,17,6.728171
1.0,32,6.730443
0.0,4,6.730741
1.0,36,6.733291
1.0,36,6.735846
1.0,34,6.738252
1.0,32,6.740536
0.0,14,6.741557
1.0,34,6.743988
1.0,32,6.74627
1.0,32,6.748549
1.0,34,6.750952
1.0,32,6.753221
1.0,37,6.755839
0.0,25,6.757633
0.0,21,6.759125
1.0,34,6.761552
0.0,25,6.76333
1.0,33,6.765671
1.0,29,6.767741
1.0,37,6.770317
1.0,35,6.772761
1.0,35,6.775208
1.0,33,6.777566
1.0,32,6.779825
1.0,31,6.782033
1.0,30,6.784167
1.0,32,6.786449
1.0,31,6.788626
0.0,14,6.789611
1.0,32,6.79189
1.0,32,6.794175
0.0,6,6.794609
1.0,35,6.797096
0.0,26,6.798959
0.0,18,6.800245
0.0,4,6.800543
1.0,37,6.803157
1.0,30,6.805268
1.0,31,6.807454
1.0,36,6.81
1.0,33,6.812344
1.0,29,6.814418
1.0,35,6.816887
0.0,15,6.817916
0.0,6,6.818345
1.0,29,6.820419
0.0,28,6.822393
1.0,31,6.824603
1.0,31,6.826812
0.0,20,6.828234
1.0,33,6.83052
0.0,20,6.83193
1.0,32,6.834192
0.0,11,6.834987
1.0,37,6.837602
1.0,29,6.839606
1.0,30,6.841751
0.0,12,6.842614
1.0,38,6.845224
1.0,37,6.847852
1.0,33,6.850204
1.0,35,6.852677
1.0,31,6.854856
0.0,32,6.857136
1.0,31,6.859347
1.0,32,6.861626
1.0,30,6.863753
0.0,8,6.86433
1.0,35,6.866815
1.0,26,6.868613
1.0,38,6.871256
1.0,30,6.873405
1.0,30,6.875543
1.0,35,6.878027
1.0,34,6.880442
1.0,39,6.883182
1.0,31,6.885382
1.0,34,6.887799
1.0,36,6.890343
1.0,31,6.89256
1.0,30,6.894696
1.0,29,6.896758
1.0,30,6.898882
0.0,8,6.899459
1.0,33,6.901801
1.0,34,6.904171
1.0,33,6.906513
1.0,33,6.908842
0.0,19,6.910193
0.0,25,6.911975
0.0,4,6.912263
1.0,32,6.914534
1.0,31,6.916758
0.0,25,6.918539
0.0,9,6.919187
1.0,35,6.921638
1.0,35,6.924119
0.0,16,6.925275
1.0,38,6.927958
1.0,37,6.930558
0.0,6,6.931001
1.0,31,6.9332
1.0,30,6.935335
1.0,34,6.937736
1.0,34,6.940129
0.0,4,6.940424
0.0,6,6.940865
1.0,33,6.94319
1.0,31,6.945393
1.0,31,6.947601
1.0,39,6.950305
1.0,37,6.952891
1.0,33,6.955225
0.0,11,6.955997
1.0,33,6.958328
1.0,33,6.96062
1.0,33,6.962954
0.0,27,6.964869
1.0,33,6.967211
1.0,32,6.969486
1.0,33,6.971813
0.0,29,6.973858
1.0,36,6.976396
1.0,36,6.978966
1.0,31,6.981165
1.0,31,6.983371
1.0,34,6.985785
0.0,22,6.987355
1.0,33,6.989691
1.0,30,6.991824
1.0,30,6.993958
1.0,32,6.996222
1.0,35,6.998697
1.0,40,7.001504
1.0,35,7.003991
1.0,32,7.006237
1.0,36,7.00877
1.0,34,7.011108
0.0,22,7.012658
1.0,31,7.014858
1.0,34,7.017265
1.0,32,7.019486
1.0,36,7.022034
1.0,34,7.02444
1.0,31,7.026631
1.0,33,7.028974
1.0,30,7.031092
1.0,32,7.033357
1.0,33,7.035711
0.0,16,7.036835
0.0,19,7.038216
1.0,35,7.040736
0.0,25,7.042552
0.0,17,7.043811
1.0,31,7.046054
1.0,34,7.048515
0.0,22,7.050122
1.0,39,7.052888
0.0,11,7.053679
1.0,33,7.056023
1.0,37,7.058664
0.0,10,7.059397
1.0,34,7.061836
1.0,29,7.063888
0.0,11,7.064667
1.0,29,7.066723
1.0,33,7.069037
1.0,38,7.071713
1.0,29,7.073778
1.0,37,7.076363
1.0,29,7.078432
1.0,37,7.080992
1.0,32,7.083235
1.0,29,7.0853
1.0,35,7.08775
1.0,29,7.089803
0.0,2,7.089954
0.0,10,7.090669
0.0,2,7.090822
1.0,34,7.093241
1.0,35,7.095707
1.0,33,7.09804
1.0,32,7.100308
0.0,20,7.101745
1.0,35,7.104115
1.0,28,7.106078
1.0,31,7.108245
0.0,4,7.108541
1.0,32,7.110826
1.0,34,7.113249
0.0,4,7.113543
1.0,36,7.116093
1.0,31,7.1183
1.0,35,7.120766
1.0,35,7.123214
1.0,32,7.125488
1.0,35,7.127962
0.0,4,7.12826
0.0,7,7.128762
1.0,33,7.131132
0.0,8,7.131717
1.0,31,7.133961
0.0,31,7.136198
0.0,20,7.137656
0.0,8,7.138252
0.0,28,7.140239
1.0,32,7.142546
1.0,33,7.144928
0.0,21,7.146464
0.0,10,7.147195
1.0,38,7.149882
1.0,35,7.152342
1.0,36,7.154848
1.0,32,7.157082
1.0,32,7.159339
0.0,17,7.160549
1.0,33,7.162883
1.0,32,7.165151
1.0,29,7.167221
0.0,29,7.169274
1.0,29,7.171338
0.0,6,7.171772
0.0,19,7.173117
1.0,34,7.175521
1.0,33,7.177876
0.0,7,7.17838
1.0,29,7.180437
1.0,29,7.182517
1.0,31,7.184721
1.0,32,7.186965
0.0,2,7.187116
1.0,33,7.189444
0.0,2,7.189595
1.0,31,7.191794
1.0,33,7.19412
1.0,33,7.196445
1.0,30,7.198578
0.0,25,7.200359
1.0,35,7.202816
1.0,32,7.205078
1.0,35,7.207536
1.0,36,7.210081
0.0,27,7.212004
1.0,38,7.214685
0.0,21,7.216173
1.0,30,7.218388
