#{"t_start": 1717594502.952812, "env_id": "Mordor-v0"}
r,l,t
0.0,38,0.013209
0.0,25,0.020984
0.0,9,0.023881
0.0,20,0.029944
0.0,7,0.032115
0.0,61,0.050516
0.0,5,0.052072
0.0,45,0.065814
0.0,6,0.067667
0.0,37,0.078859
0.0,10,0.081928
0.0,16,0.086826
1.0,38,0.097559
0.0,15,0.102086
1.0,27,0.109738
0.0,35,0.120319
0.0,15,0.124845
0.0,8,0.12725
0.0,47,0.141436
0.0,46,0.155359
0.0,22,0.16203
0.0,13,0.16598
0.0,52,0.181478
0.0,22,0.188184
0.0,20,0.194295
0.0,44,0.207721
0.0,15,0.212286
0.0,63,0.231447
0.0,10,0.234534
0.0,18,0.240077
0.0,18,0.24557
0.0,24,0.253335
0.0,30,0.26228
0.0,24,0.269566
0.0,95,0.298439
0.0,55,0.315153
0.0,70,0.336541
0.0,41,0.348929
0.0,16,0.353646
0.0,29,0.362465
0.0,28,0.371022
0.0,14,0.375
0.0,63,0.393439
0.0,22,0.400007
0.0,29,0.408333
0.0,37,0.419658
0.0,77,0.44309
0.0,39,0.454734
0.0,21,0.461215
0.0,44,0.474694
0.0,73,0.496359
0.0,253,0.565792
0.0,106,0.598267
0.0,55,0.614687
0.0,11,0.617918
0.0,29,0.626731
0.0,25,0.633866
1.0,92,0.661065
0.0,224,0.729973
0.0,83,0.754923
0.0,61,0.773617
0.0,6,0.775497
0.0,56,0.792544
0.0,27,0.800841
0.0,202,0.857423
0.0,119,0.893868
0.0,11,0.897265
0.0,42,0.909906
0.0,162,0.959392
0.0,14,0.963673
0.0,417,1.095728
0.0,58,1.113559
0.0,104,1.144767
0.0,64,1.164545
0.0,22,1.171323
1.0,35,1.181777
0.0,196,1.241688
0.0,94,1.270393
0.0,11,1.273812
0.0,19,1.279664
0.0,114,1.314917
0.0,44,1.328534
0.0,81,1.352241
0.0,155,1.399325
0.0,3,1.400273
0.0,182,1.456512
0.0,24,1.463535
0.0,53,1.479898
0.0,186,1.537249
0.0,451,1.676601
0.0,7,1.678818
0.0,15,1.683434
0.0,92,1.711722
0.0,125,1.749597
0.0,17,1.754804
0.0,38,1.76621
0.0,3,1.767133
0.0,153,1.814018
0.0,87,1.840906
0.0,113,1.875416
0.0,16,1.880295
0.0,15,1.884759
0.0,6,1.88658
0.0,44,1.900221
0.0,127,1.939124
0.0,66,1.959327
0.0,90,1.987017
0.0,20,1.993194
0.0,221,2.06075
0.0,94,2.089632
0.0,7,2.091707
0.0,100,2.122258
0.0,233,2.192468
0.0,58,2.210195
0.0,27,2.21843
0.0,9,2.221183
0.0,129,2.260875
0.0,18,2.266496
0.0,222,2.334646
0.0,326,2.435271
0.0,27,2.443566
0.0,284,2.531255
0.0,25,2.538887
0.0,165,2.589154
0.0,29,2.598102
0.0,21,2.604561
0.0,346,2.710993
0.0,160,2.760181
0.0,219,2.825748
0.0,3,2.826621
0.0,21,2.833124
0.0,82,2.858414
0.0,9,2.861222
0.0,46,2.875477
0.0,184,2.932245
0.0,168,2.98373
0.0,484,3.142257
0.0,93,3.171975
0.0,36,3.183155
0.0,136,3.225016
0.0,169,3.276736
0.0,14,3.281099
0.0,83,3.306809
0.0,94,3.333938
0.0,109,3.36735
0.0,91,3.394939
0.0,20,3.400638
0.0,96,3.430309
0.0,30,3.439405
1.0,82,3.463445
1.0,53,3.478002
0.0,20,3.483987
0.0,126,3.523122
0.0,59,3.541489
0.0,14,3.545699
0.0,19,3.551475
0.0,27,3.559793
0.0,298,3.651399
0.0,15,3.656052
0.0,9,3.658845
0.0,67,3.679283
0.0,9,3.682039
0.0,20,3.68822
0.0,136,3.729161
0.0,97,3.759392
0.0,6,3.761288
0.0,17,3.766507
0.0,34,3.777066
0.0,30,3.786375
0.0,14,3.790434
0.0,34,3.800747
0.0,35,3.811604
0.0,60,3.828763
0.0,119,3.865302
0.0,79,3.889809
0.0,102,3.921331
0.0,17,3.926622
0.0,91,3.954755
0.0,62,3.972883
0.0,28,3.981542
0.0,131,4.018135
0.0,45,4.032035
0.0,97,4.061927
0.0,40,4.074307
0.0,133,4.115382
0.0,50,4.130705
0.0,25,4.138365
0.0,9,4.14096
0.0,450,4.280544
0.0,29,4.289512
0.0,69,4.310345
0.0,49,4.325282
0.0,53,4.341506
0.0,119,4.378088
0.0,31,4.387653
0.0,47,4.402248
0.0,52,4.41813
0.0,9,4.420938
1.0,51,4.436364
0.0,190,4.491009
0.0,26,4.499101
0.0,68,4.520085
0.0,31,4.52961
0.0,41,4.542051
0.0,152,4.589037
0.0,9,4.59179
0.0,130,4.631878
0.0,54,4.647932
0.0,69,4.669246
0.0,258,4.74917
1.0,11,4.752263
0.0,124,4.790735
0.0,34,4.801261
0.0,10,4.80424
0.0,56,4.820971
0.0,166,4.872381
0.0,33,4.882077
0.0,75,4.905142
0.0,47,4.919215
0.0,165,4.970465
0.0,14,4.974573
0.0,27,4.982864
0.0,263,5.063724
0.0,70,5.08506
0.0,43,5.098338
0.0,69,5.11966
0.0,229,5.190437
0.0,140,5.233941
0.0,48,5.248762
0.0,58,5.266311
0.0,152,5.313012
0.0,469,5.458184
0.0,12,5.461582
0.0,86,5.488293
0.0,185,5.544901
0.0,349,5.652711
0.0,49,5.667219
0.0,6,5.669107
0.0,234,5.741792
0.0,54,5.758695
0.0,11,5.762153
0.0,53,5.778447
0.0,4,5.779702
0.0,49,5.795079
0.0,31,5.804597
1.0,107,5.837496
0.0,53,5.854153
0.0,105,5.886734
0.0,85,5.913314
0.0,29,5.922397
0.0,16,5.927381
0.0,46,5.941787
0.0,124,5.979187
0.0,63,5.998872
0.0,330,6.097954
0.0,19,6.103674
0.0,88,6.130951
0.0,31,6.140434
0.0,227,6.210959
0.0,14,6.215369
0.0,14,6.219311
1.0,453,6.359326
0.0,13,6.3634
0.0,51,6.379186
0.0,81,6.404058
0.0,18,6.409549
0.0,104,6.441717
0.0,20,6.447294
0.0,13,6.451358
0.0,73,6.473856
0.0,100,6.505005
1.0,220,6.572468
0.0,7,6.574484
0.0,506,6.730459
0.0,22,6.737314
0.0,11,6.740722
1.0,42,6.753176
0.0,29,6.762152
0.0,44,6.775714
0.0,21,6.781929
0.0,27,6.79012
0.0,13,6.794091
1.0,66,6.814427
1.0,190,6.872937
0.0,56,6.890283
1.0,94,6.919139
0.0,163,6.968307
0.0,18,6.973882
0.0,78,6.997997
0.0,25,7.005645
1.0,12,7.009058
1.0,89,7.036514
0.0,44,7.050016
0.0,45,7.063731
1.0,36,7.074794
0.0,20,7.080887
0.0,11,7.083937
1.0,61,7.10276
0.0,49,7.1178
1.0,170,7.170326
0.0,22,7.176959
0.0,21,7.183442
0.0,8,7.185638
0.0,7,7.187736
0.0,127,7.226982
0.0,7,7.22899
0.0,12,7.232253
0.0,6,7.234111
0.0,4,7.235344
0.0,8,7.237568
0.0,122,7.270634
1.0,11,7.273853
1.0,131,7.312753
0.0,53,7.328555
0.0,39,7.340454
1.0,89,7.367622
0.0,59,7.385996
1.0,7,7.388026
0.0,25,7.395657
0.0,15,7.400328
0.0,104,7.432046
0.0,17,7.437293
0.0,80,7.461227
0.0,31,7.470326
0.0,8,7.472757
0.0,90,7.500261
1.0,40,7.512423
0.0,52,7.528465
0.0,113,7.562629
0.0,14,7.566709
1.0,28,7.575311
0.0,4,7.576557
0.0,8,7.579034
1.0,66,7.599338
1.0,286,7.685321
1.0,77,7.708177
1.0,11,7.711215
0.0,40,7.721741
0.0,48,7.736638
0.0,25,7.744215
0.0,57,7.761449
1.0,32,7.771155
0.0,12,7.774736
1.0,36,7.784788
0.0,81,7.809782
0.0,13,7.813663
0.0,21,7.819514
1.0,11,7.822696
0.0,54,7.83919
0.0,13,7.842886
0.0,68,7.863489
0.0,41,7.875899
0.0,42,7.887269
0.0,41,7.899616
0.0,51,7.913863
0.0,20,7.919611
1.0,103,7.950995
0.0,65,7.970184
0.0,40,7.98166
0.0,50,7.996884
0.0,46,8.009569
0.0,141,8.053205
0.0,158,8.098312
0.0,173,8.151668
0.0,83,8.174889
0.0,208,8.237648
0.0,135,8.277205
0.0,42,8.289849
0.0,234,8.360913
0.0,11,8.364068
0.0,30,8.372792
0.0,15,8.377449
1.0,49,8.392313
0.0,4,8.393528
1.0,28,8.401933
0.0,129,8.441637
0.0,27,8.449227
0.0,93,8.476943
0.0,147,8.52249
0.0,77,8.544688
0.0,220,8.612483
0.0,13,8.616378
0.0,4,8.617617
0.0,8,8.619875
0.0,10,8.62282
0.0,110,8.656648
0.0,7,8.658672
0.0,7,8.660697
0.0,9,8.663321
0.0,7,8.665328
0.0,29,8.674195
0.0,13,8.678054
0.0,11,8.681155
0.0,7,8.683163
0.0,101,8.713377
0.0,36,8.724353
1.0,22,8.730624
0.0,11,8.733702
0.0,45,8.747255
0.0,42,8.759953
0.0,111,8.792323
0.0,88,8.81959
0.0,129,8.859261
0.0,348,8.967218
0.0,4,8.968495
0.0,60,8.98664
0.0,3,8.987585
1.0,24,8.994893
0.0,64,9.014768
0.0,95,9.042232
0.0,18,9.047711
0.0,10,9.050753
0.0,29,9.059462
1.0,27,9.067607
0.0,220,9.135981
0.0,16,9.14077
0.0,99,9.171484
0.0,58,9.189483
0.0,38,9.200873
0.0,23,9.207774
0.0,26,9.215722
1.0,41,9.227824
0.0,11,9.231255
1.0,12,9.234762
0.0,87,9.261806
0.0,23,9.269005
1.0,56,9.285215
0.0,55,9.301833
0.0,35,9.312098
1.0,23,9.319049
0.0,203,9.375822
0.0,113,9.410797
1.0,29,9.419718
0.0,70,9.441245
1.0,106,9.473771
1.0,26,9.481748
0.0,46,9.495735
1.0,146,9.540654
0.0,6,9.542507
0.0,89,9.568123
1.0,89,9.595608
0.0,3,9.596549
0.0,72,9.618888
0.0,37,9.630157
0.0,23,9.636736
0.0,211,9.696285
0.0,4,9.697451
1.0,76,9.720079
0.0,68,9.740856
1.0,38,9.752319
1.0,40,9.764422
0.0,107,9.794749
1.0,21,9.800736
1.0,44,9.813678
1.0,98,9.843888
0.0,19,9.849385
0.0,16,9.854022
0.0,45,9.867944
0.0,29,9.876629
1.0,22,9.883224
0.0,41,9.895107
0.0,3,9.895959
0.0,100,9.926669
0.0,15,9.931305
1.0,40,9.943543
0.0,10,9.946403
0.0,39,9.957855
0.0,7,9.959889
0.0,51,9.975155
0.0,28,9.983717
1.0,99,10.014078
0.0,30,10.023068
1.0,131,10.063704
1.0,40,10.07596
1.0,43,10.088855
0.0,41,10.101598
1.0,10,10.104442
0.0,12,10.10782
0.0,52,10.123732
1.0,26,10.131406
1.0,32,10.140806
1.0,102,10.172095
1.0,45,10.185086
0.0,190,10.244354
0.0,6,10.246177
0.0,13,10.250039
1.0,27,10.258263
0.0,7,10.260297
1.0,25,10.267962
0.0,13,10.271862
0.0,92,10.300677
0.0,13,10.304453
0.0,43,10.317677
0.0,9,10.320246
0.0,23,10.327029
0.0,70,10.348528
0.0,149,10.394761
0.0,7,10.396821
1.0,16,10.401378
0.0,15,10.405867
0.0,25,10.413323
0.0,3,10.414245
0.0,50,10.429737
1.0,91,10.457357
1.0,11,10.460588
0.0,35,10.470442
1.0,34,10.480023
0.0,97,10.509168
0.0,13,10.513208
0.0,11,10.516639
1.0,43,10.529508
0.0,35,10.539383
1.0,21,10.545608
0.0,14,10.549739
0.0,13,10.553718
1.0,24,10.560769
0.0,25,10.56812
0.0,144,10.611444
1.0,26,10.618808
1.0,40,10.630913
0.0,25,10.638401
1.0,32,10.647632
0.0,14,10.651754
0.0,27,10.659748
0.0,5,10.661256
1.0,38,10.672794
1.0,93,10.701207
1.0,21,10.707337
1.0,37,10.718432
1.0,107,10.750998
1.0,31,10.760031
1.0,33,10.769956
0.0,89,10.795444
1.0,22,10.801855
0.0,31,10.810358
0.0,25,10.817899
0.0,9,10.820537
0.0,25,10.828263
0.0,64,10.846888
0.0,16,10.851583
0.0,8,10.85379
1.0,198,10.914361
0.0,11,10.917611
1.0,59,10.933948
0.0,93,10.96246
0.0,5,10.963953
0.0,27,10.971888
0.0,67,10.992569
0.0,59,11.010017
0.0,27,11.017939
0.0,80,11.042476
1.0,49,11.05755
0.0,53,11.07196
0.0,7,11.074134
1.0,97,11.103565
0.0,61,11.120271
0.0,6,11.122155
1.0,55,11.138843
1.0,22,11.145188
1.0,83,11.169813
1.0,30,11.178768
0.0,20,11.184899
0.0,26,11.192899
1.0,28,11.201242
1.0,51,11.216549
1.0,108,11.248996
0.0,5,11.250545
0.0,13,11.254538
0.0,37,11.265919
0.0,41,11.278558
0.0,38,11.290306
0.0,45,11.30402
1.0,46,11.31809
0.0,27,11.326456
1.0,50,11.341597
1.0,36,11.352676
0.0,207,11.416612
0.0,40,11.428726
1.0,30,11.437988
1.0,89,11.464399
0.0,7,11.46657
0.0,20,11.472699
0.0,27,11.48103
0.0,48,11.495541
1.0,25,11.502119
1.0,31,11.51137
0.0,34,11.521749
1.0,54,11.536773
0.0,8,11.539004
0.0,27,11.547132
1.0,19,11.552883
0.0,7,11.554897
0.0,49,11.569138
0.0,5,11.570681
0.0,17,11.575493
0.0,59,11.593508
1.0,24,11.600524
0.0,101,11.629467
0.0,18,11.634831
1.0,25,11.64201
1.0,103,11.673552
0.0,35,11.683686
0.0,10,11.686617
0.0,19,11.692051
0.0,124,11.728481
0.0,45,11.742511
0.0,5,11.744069
0.0,38,11.755791
1.0,27,11.764053
0.0,70,11.785628
0.0,65,11.805337
1.0,29,11.814202
1.0,96,11.843641
0.0,11,11.846525
1.0,21,11.852559
1.0,61,11.871317
0.0,21,11.877634
1.0,22,11.884164
1.0,30,11.893281
1.0,64,11.912716
1.0,19,11.918323
0.0,33,11.92849
0.0,53,11.944641
0.0,7,11.946584
0.0,27,11.95464
0.0,6,11.956499
1.0,25,11.96381
0.0,28,11.972445
0.0,55,11.988911
1.0,24,11.995854
1.0,21,12.002226
1.0,46,12.015712
0.0,9,12.018344
0.0,7,12.020365
0.0,29,12.02899
0.0,9,12.03161
0.0,10,12.034527
0.0,167,12.085458
0.0,13,12.089104
0.0,12,12.09252
0.0,17,12.09781
1.0,31,12.106584
0.0,33,12.116
0.0,28,12.124596
0.0,9,12.127213
1.0,38,12.138599
1.0,110,12.171805
1.0,21,12.177964
0.0,38,12.189324
1.0,66,12.209487
1.0,17,12.214478
0.0,6,12.216284
0.0,4,12.217528
0.0,4,12.218774
0.0,60,12.237287
1.0,52,12.25308
1.0,20,12.258926
0.0,9,12.261624
1.0,238,12.328627
0.0,11,12.331686
1.0,30,12.340888
0.0,4,12.34213
0.0,5,12.343627
1.0,50,12.358973
0.0,160,12.406226
1.0,26,12.414029
1.0,57,12.430775
1.0,117,12.466596
0.0,21,12.473055
0.0,9,12.475789
1.0,54,12.492223
0.0,13,12.496239
0.0,20,12.502399
0.0,26,12.510455
1.0,27,12.518551
1.0,26,12.526261
0.0,27,12.534592
0.0,17,12.539811
1.0,55,12.55637
0.0,9,12.558984
1.0,19,12.564744
0.0,5,12.566199
0.0,10,12.569212
1.0,19,12.574962
1.0,40,12.586933
0.0,13,12.590892
1.0,19,12.596629
1.0,22,12.603232
0.0,4,12.604464
1.0,38,12.615605
1.0,26,12.623532
0.0,80,12.645803
1.0,21,12.652194
1.0,27,12.660426
1.0,42,12.672576
1.0,19,12.678337
1.0,59,12.696538
0.0,20,12.702567
1.0,23,12.709554
0.0,15,12.714145
0.0,58,12.731692
0.0,23,12.738713
0.0,90,12.766662
0.0,30,12.775809
0.0,19,12.781662
0.0,3,12.782595
0.0,121,12.819961
0.0,135,12.85637
0.0,57,12.873997
0.0,10,12.876967
1.0,81,12.902014
0.0,86,12.928679
0.0,44,12.942295
0.0,11,12.9457
1.0,55,12.962638
0.0,35,12.973199
0.0,52,12.98936
1.0,27,12.997619
0.0,16,13.002562
1.0,32,13.012161
1.0,45,13.025744
0.0,44,13.039193
1.0,29,13.047757
0.0,16,13.052481
0.0,105,13.080997
0.0,9,13.083636
0.0,36,13.094778
0.0,65,13.114106
0.0,7,13.116112
1.0,67,13.136431
0.0,56,13.153241
0.0,7,13.155225
0.0,3,13.156164
0.0,32,13.165957
1.0,36,13.176958
0.0,44,13.190566
1.0,31,13.199817
1.0,31,13.20934
1.0,257,13.288098
0.0,40,13.299498
1.0,30,13.308842
1.0,67,13.328949
0.0,16,13.333929
0.0,6,13.335711
0.0,18,13.341245
0.0,23,13.348344
1.0,25,13.355582
1.0,37,13.366832
0.0,12,13.370287
1.0,11,13.373411
0.0,59,13.391609
0.0,91,13.418471
0.0,7,13.420482
0.0,67,13.4412
0.0,104,13.471373
1.0,35,13.481948
1.0,37,13.493334
0.0,37,13.503796
0.0,7,13.505808
0.0,28,13.514321
0.0,74,13.535568
1.0,17,13.540558
1.0,30,13.549596
0.0,20,13.555656
1.0,21,13.561868
0.0,24,13.568794
0.0,93,13.597575
1.0,20,13.60343
1.0,29,13.612276
0.0,49,13.627439
0.0,17,13.632493
1.0,26,13.640382
1.0,70,13.661674
1.0,18,13.666886
0.0,19,13.672684
0.0,26,13.680627
0.0,15,13.684914
1.0,24,13.692254
0.0,26,13.700252
1.0,20,13.706172
1.0,34,13.716489
0.0,21,13.722973
1.0,19,13.728584
0.0,11,13.73165
0.0,19,13.737531
0.0,10,13.74066
1.0,83,13.765442
1.0,48,13.779843
1.0,19,13.785359
0.0,77,13.809152
0.0,56,13.825682
1.0,7,13.82762
1.0,27,13.835629
0.0,4,13.836862
1.0,17,13.84184
1.0,22,13.848498
0.0,72,13.869041
1.0,17,13.874046
1.0,37,13.885193
1.0,99,13.915652
1.0,18,13.920935
0.0,28,13.929392
1.0,42,13.94204
1.0,20,13.947797
0.0,15,13.952358
0.0,37,13.963598
0.0,13,13.967413
1.0,24,13.97464
0.0,9,13.977407
1.0,19,13.982894
1.0,29,13.991677
0.0,30,14.000653
0.0,7,14.002658
0.0,7,14.004674
0.0,23,14.011509
0.0,15,14.015933
1.0,72,14.03637
1.0,41,14.048648
1.0,19,14.054235
0.0,3,14.055168
0.0,96,14.084272
1.0,33,14.094341
0.0,35,14.104613
0.0,128,14.144321
0.0,34,14.154662
0.0,6,14.15647
0.0,79,14.180867
1.0,22,14.187463
0.0,7,14.189522
0.0,4,14.190759
0.0,4,14.192004
0.0,7,14.194039
0.0,115,14.229426
0.0,19,14.235139
0.0,3,14.236072
0.0,80,14.260736
1.0,19,14.266545
1.0,129,14.30489
1.0,87,14.331698
0.0,9,14.334355
0.0,50,14.348637
0.0,65,14.368617
0.0,14,14.372761
1.0,27,14.381038
0.0,4,14.382274
0.0,7,14.384282
0.0,11,14.387411
1.0,93,14.413533
1.0,19,14.419148
1.0,45,14.431343
1.0,111,14.463643
1.0,19,14.469257
1.0,26,14.477049
1.0,61,14.494769
0.0,67,14.515175
0.0,8,14.517453
0.0,25,14.524917
1.0,25,14.532388
0.0,13,14.53605
1.0,51,14.551377
1.0,18,14.55657
1.0,26,14.564288
1.0,42,14.575392
1.0,19,14.580981
1.0,38,14.59212
0.0,31,14.601081
1.0,21,14.607293
1.0,21,14.613622
0.0,164,14.657417
1.0,18,14.662613
1.0,28,14.670957
0.0,3,14.671895
1.0,23,14.678803
0.0,24,14.686024
0.0,173,14.739637
1.0,20,14.745746
1.0,20,14.751864
0.0,77,14.775794
1.0,19,14.781352
0.0,12,14.784851
0.0,30,14.793755
1.0,18,14.799068
0.0,15,14.803518
0.0,88,14.830299
0.0,9,14.832948
1.0,35,14.843561
1.0,38,14.854962
0.0,14,14.858826
0.0,14,14.862954
0.0,47,14.877525
0.0,16,14.882309
0.0,7,14.884316
0.0,32,14.89355
1.0,22,14.899894
0.0,21,14.906174
1.0,25,14.913056
1.0,21,14.919224
0.0,25,14.926357
0.0,15,14.930793
0.0,23,14.93749
0.0,38,14.947918
0.0,50,14.962421
1.0,18,14.967697
0.0,55,14.983433
0.0,52,14.99905
0.0,8,15.001539
1.0,42,15.014162
0.0,32,15.023582
1.0,21,15.029796
0.0,23,15.036753
0.0,28,15.04507
1.0,21,15.051278
0.0,10,15.054212
0.0,102,15.085448
1.0,20,15.091383
1.0,49,15.106367
0.0,10,15.109321
0.0,15,15.113787
1.0,24,15.121014
1.0,97,15.148788
1.0,38,15.160311
0.0,24,15.1676
0.0,227,15.231384
1.0,28,15.23978
1.0,25,15.247209
1.0,34,15.257408
1.0,23,15.263993
1.0,41,15.276443
0.0,8,15.278686
1.0,20,15.284585
0.0,7,15.286607
0.0,17,15.291611
0.0,59,15.309755
0.0,20,15.315527
1.0,35,15.325744
0.0,30,15.334546
1.0,45,15.347978
0.0,23,15.354358
0.0,61,15.373232
1.0,10,15.376009
0.0,73,15.397376
1.0,59,15.415485
1.0,9,15.418006
0.0,28,15.426326
1.0,23,15.43307
1.0,91,15.458073
0.0,151,15.502779
1.0,19,15.508298
0.0,56,15.523885
1.0,84,15.549359
1.0,31,15.558824
1.0,24,15.566016
1.0,81,15.589465
1.0,13,15.593271
1.0,31,15.60251
0.0,18,15.607827
0.0,4,15.609072
0.0,11,15.612307
0.0,25,15.619453
0.0,3,15.620396
0.0,3,15.621334
1.0,57,15.637688
0.0,3,15.638622
0.0,3,15.639552
1.0,38,15.650853
0.0,10,15.653965
1.0,35,15.664602
1.0,42,15.677129
1.0,86,15.703658
1.0,23,15.710555
0.0,23,15.717234
0.0,16,15.7222
0.0,10,15.725189
1.0,37,15.73608
1.0,64,15.755736
1.0,27,15.763667
0.0,38,15.774622
1.0,105,15.807134
1.0,121,15.844413
1.0,42,15.85702
1.0,19,15.862661
1.0,58,15.880466
1.0,36,15.891209
1.0,23,15.898138
1.0,24,15.905444
1.0,34,15.915623
0.0,10,15.918561
1.0,51,15.934275
0.0,6,15.936129
0.0,54,15.952713
1.0,28,15.961165
0.0,435,16.094781
0.0,86,16.121358
1.0,26,16.128919
0.0,84,16.1548
1.0,70,16.176346
1.0,29,16.184938
1.0,40,16.196885
0.0,76,16.220424
1.0,22,16.227126
1.0,48,16.240993
1.0,49,16.255325
1.0,26,16.263252
1.0,41,16.27555
1.0,65,16.295515
1.0,20,16.301601
0.0,37,16.312888
0.0,28,16.321889
1.0,21,16.328256
0.0,4,16.329518
1.0,75,16.352521
1.0,20,16.35857
1.0,39,16.370209
1.0,87,16.396786
1.0,23,16.4037
1.0,38,16.414839
0.0,15,16.419486
1.0,45,16.432871
0.0,3,16.43381
1.0,30,16.443011
0.0,343,16.548921
1.0,40,16.561171
1.0,19,16.566949
1.0,86,16.593153
0.0,34,16.603427
1.0,66,16.623591
0.0,15,16.627933
1.0,32,16.63751
1.0,30,16.646688
1.0,20,16.652416
1.0,35,16.662302
1.0,23,16.668788
1.0,32,16.677905
0.0,14,16.68194
1.0,24,16.68885
1.0,68,16.70939
0.0,20,16.715479
1.0,27,16.723266
0.0,15,16.727855
0.0,20,16.733671
0.0,8,16.735994
1.0,73,16.757376
0.0,3,16.758316
1.0,51,16.773968
0.0,190,16.830707
0.0,41,16.842703
1.0,99,16.872621
1.0,21,16.878345
0.0,19,16.884155
0.0,17,16.889223
0.0,29,16.897669
1.0,44,16.910888
1.0,19,16.916428
1.0,30,16.925195
0.0,134,16.966452
0.0,9,16.969084
0.0,7,16.971095
0.0,34,16.981398
0.0,5,16.982886
0.0,13,16.986691
1.0,49,17.001406
1.0,26,17.008913
1.0,26,17.016776
1.0,35,17.027204
1.0,35,17.037329
1.0,21,17.043554
1.0,32,17.053054
1.0,38,17.064489
0.0,7,17.066495
0.0,18,17.071787
1.0,19,17.077319
0.0,9,17.079976
0.0,14,17.084051
0.0,16,17.088724
0.0,9,17.091356
0.0,9,17.09399
1.0,17,17.098997
0.0,36,17.10991
0.0,37,17.120822
1.0,19,17.126412
1.0,45,17.139753
0.0,48,17.154241
1.0,17,17.159238
1.0,26,17.167031
1.0,31,17.176166
0.0,15,17.180634
1.0,58,17.198024
0.0,12,17.201436
1.0,18,17.206667
1.0,20,17.212649
0.0,11,17.215924
1.0,19,17.221516
1.0,34,17.231058
1.0,72,17.250235
1.0,19,17.255732
0.0,16,17.260419
0.0,17,17.265414
0.0,25,17.272595
0.0,9,17.275181
0.0,19,17.280934
0.0,20,17.286722
0.0,7,17.288761
0.0,27,17.296836
1.0,8,17.299084
0.0,7,17.301081
0.0,75,17.323266
0.0,3,17.324287
0.0,169,17.375352
0.0,26,17.383297
0.0,39,17.39461
0.0,44,17.407908
0.0,125,17.445857
0.0,47,17.460233
0.0,79,17.484248
0.0,87,17.510584
0.0,44,17.524007
0.0,214,17.587817
0.0,66,17.607332
0.0,86,17.630375
0.0,16,17.634781
0.0,4,17.635964
0.0,83,17.658324
1.0,23,17.664499
1.0,22,17.670622
0.0,163,17.719533
1.0,16,17.723516
1.0,112,17.756775
0.0,9,17.759379
0.0,14,17.763512
0.0,15,17.768121
1.0,7,17.770164
0.0,17,17.774827
0.0,22,17.781429
0.0,31,17.790801
0.0,14,17.794652
0.0,28,17.803143
1.0,120,17.838721
1.0,29,17.847085
0.0,7,17.849108
0.0,35,17.859177
1.0,11,17.862263
1.0,171,17.914335
0.0,4,17.915585
0.0,34,17.924028
0.0,30,17.932507
0.0,366,18.046535
0.0,7,18.048606
0.0,10,18.051572
0.0,384,18.170382
1.0,11,18.173642
0.0,41,18.186293
0.0,7,18.188315
0.0,17,18.193123
0.0,58,18.210835
1.0,54,18.227011
1.0,76,18.249138
0.0,65,18.266738
1.0,17,18.271725
1.0,12,18.275108
0.0,71,18.296599
1.0,85,18.322703
1.0,53,18.338402
0.0,120,18.375801
1.0,18,18.381076
1.0,61,18.399751
1.0,23,18.406449
1.0,19,18.411853
1.0,86,18.437356
1.0,64,18.456419
1.0,23,18.463293
1.0,33,18.47331
1.0,24,18.480459
1.0,21,18.486828
1.0,26,18.49478
1.0,42,18.507169
1.0,19,18.512651
0.0,16,18.517567
1.0,34,18.527612
0.0,17,18.53261
0.0,15,18.537013
0.0,69,18.558531
1.0,45,18.572176
1.0,9,18.574621
0.0,29,18.583108
1.0,98,18.612953
0.0,26,18.619691
0.0,21,18.625865
1.0,22,18.63232
0.0,79,18.655939
0.0,24,18.662938
1.0,23,18.669503
1.0,28,18.677919
0.0,183,18.728943
1.0,26,18.736866
1.0,26,18.744507
0.0,24,18.751612
1.0,31,18.760512
1.0,28,18.768867
1.0,41,18.78095
1.0,19,18.786462
1.0,31,18.795892
0.0,39,18.807383
1.0,23,18.813655
1.0,39,18.825116
0.0,148,18.870098
1.0,21,18.876112
0.0,14,18.879955
0.0,15,18.884167
0.0,15,18.888571
0.0,7,18.890586
0.0,99,18.918316
0.0,12,18.921803
0.0,9,18.924438
0.0,27,18.932646
1.0,50,18.947685
0.0,27,18.9552
0.0,212,19.014467
0.0,24,19.021816
0.0,48,19.035111
0.0,74,19.058012
1.0,24,19.065065
0.0,34,19.074984
0.0,21,19.081397
1.0,19,19.087021
1.0,41,19.099217
0.0,16,19.104125
1.0,24,19.111178
0.0,17,19.116243
1.0,79,19.140058
0.0,44,19.153609
1.0,29,19.162105
0.0,14,19.166281
0.0,10,19.169307
1.0,15,19.173809
0.0,156,19.21753
0.0,5,19.219103
1.0,30,19.228216
1.0,41,19.240663
1.0,23,19.24737
0.0,13,19.251346
1.0,59,19.268927
0.0,5,19.270482
1.0,38,19.281902
0.0,3,19.282756
0.0,5,19.284316
0.0,127,19.323718
0.0,43,19.337055
0.0,120,19.374114
1.0,24,19.38149
0.0,17,19.386548
1.0,53,19.402979
0.0,3,19.403921
1.0,135,19.445012
1.0,46,19.459007
0.0,43,19.471737
0.0,6,19.473546
0.0,18,19.47906
0.0,12,19.482659
0.0,22,19.489262
1.0,42,19.502065
0.0,18,19.507467
0.0,29,19.516343
1.0,26,19.524158
0.0,19,19.529994
0.0,49,19.544805
1.0,27,19.552996
1.0,21,19.559351
1.0,49,19.573685
0.0,30,19.583003
0.0,65,19.602082
1.0,54,19.618326
0.0,37,19.629779
0.0,22,19.636422
0.0,60,19.65477
1.0,32,19.664591
0.0,24,19.671902
1.0,44,19.685314
1.0,30,19.694287
0.0,17,19.699415
0.0,71,19.721231
1.0,47,19.735534
1.0,60,19.753988
0.0,9,19.756736
1.0,19,19.76253
0.0,65,19.782693
0.0,17,19.787925
1.0,22,19.794604
1.0,24,19.801932
0.0,28,19.810425
0.0,8,19.812895
1.0,32,19.82264
0.0,34,19.832899
1.0,23,19.839846
1.0,22,19.846492
1.0,33,19.85639
1.0,22,19.863065
1.0,27,19.871257
0.0,68,19.891798
0.0,51,19.907585
0.0,15,19.912024
1.0,52,19.927692
1.0,19,19.933447
0.0,30,19.942679
0.0,36,19.95359
0.0,16,19.958555
0.0,11,19.961756
1.0,59,19.97973
0.0,4,19.980966
0.0,12,19.984535
0.0,6,19.986326
1.0,24,19.993607
1.0,37,20.004946
0.0,50,20.020207
0.0,4,20.021441
0.0,25,20.029122
0.0,25,20.036654
0.0,19,20.042491
1.0,66,20.062447
0.0,50,20.077917
0.0,87,20.104955
1.0,40,20.117022
0.0,3,20.117954
0.0,43,20.131159
1.0,33,20.1413
0.0,105,20.172252
0.0,36,20.183337
1.0,29,20.191841
0.0,19,20.197405
1.0,40,20.209674
1.0,25,20.217177
1.0,97,20.244938
1.0,118,20.281177
0.0,10,20.284283
0.0,14,20.288447
1.0,23,20.295414
0.0,11,20.298597
0.0,144,20.339069
1.0,164,20.389902
1.0,12,20.393366
0.0,18,20.398639
1.0,235,20.471396
0.0,7,20.473425
0.0,22,20.480124
0.0,19,20.485839
0.0,36,20.496557
0.0,18,20.50179
1.0,21,20.507831
0.0,29,20.516612
0.0,40,20.528956
0.0,24,20.536142
0.0,9,20.538793
0.0,106,20.571216
1.0,28,20.579459
0.0,50,20.59464
0.0,63,20.612818
1.0,21,20.618937
1.0,92,20.647164
0.0,4,20.648413
0.0,17,20.653409
0.0,19,20.659041
0.0,60,20.677013
1.0,25,20.684434
1.0,47,20.698521
0.0,6,20.70038
1.0,19,20.705967
0.0,14,20.710151
0.0,20,20.71588
0.0,14,20.719944
0.0,14,20.724037
0.0,13,20.728054
0.0,9,20.730644
1.0,7,20.732665
0.0,39,20.744022
1.0,22,20.750499
0.0,14,20.754606
0.0,328,20.855758
0.0,17,20.86089
0.0,9,20.863537
1.0,34,20.873473
1.0,31,20.882952
0.0,7,20.884968
0.0,25,20.892461
1.0,22,20.898926
0.0,63,20.917883
0.0,51,20.933606
1.0,20,20.93942
0.0,47,20.953284
0.0,6,20.955136
1.0,20,20.961123
0.0,17,20.965853
0.0,34,20.975748
1.0,21,20.981866
1.0,13,20.985446
1.0,81,21.010144
1.0,21,21.016386
0.0,173,21.06756
0.0,36,21.078509
1.0,17,21.083525
1.0,94,21.111933
1.0,59,21.129348
1.0,17,21.134347
0.0,23,21.140977
0.0,7,21.143152
1.0,17,21.148132
1.0,28,21.15668
0.0,18,21.162258
1.0,18,21.167551
1.0,44,21.181154
0.0,11,21.184519
1.0,22,21.191044
0.0,13,21.194924
0.0,21,21.201422
1.0,17,21.206383
1.0,90,21.233201
0.0,27,21.241534
1.0,19,21.24717
1.0,45,21.261003
0.0,31,21.270339
1.0,18,21.275645
0.0,24,21.283009
0.0,22,21.289784
1.0,231,21.360724
0.0,6,21.362531
0.0,260,21.442849
0.0,34,21.453282
1.0,177,21.507168
0.0,75,21.530329
1.0,21,21.536674
1.0,110,21.570056
1.0,161,21.619174
1.0,22,21.625687
1.0,26,21.633503
0.0,7,21.635687
1.0,20,21.641565
0.0,27,21.64987
1.0,55,21.666591
0.0,14,21.670716
1.0,16,21.675551
0.0,18,21.680954
0.0,15,21.685345
1.0,33,21.695151
0.0,65,21.715102
0.0,17,21.719778
0.0,20,21.725924
0.0,40,21.738027
0.0,3,21.738956
0.0,33,21.749142
1.0,50,21.764314
0.0,70,21.785754
0.0,13,21.789548
0.0,37,21.80067
1.0,21,21.806885
1.0,108,21.84018
1.0,50,21.855293
1.0,17,21.860285
0.0,23,21.867364
1.0,40,21.87955
1.0,84,21.903706
0.0,15,21.908333
0.0,20,21.914503
0.0,38,21.924951
0.0,3,21.925885
0.0,91,21.954144
1.0,33,21.964063
0.0,283,22.051333
0.0,76,22.074783
0.0,17,22.080088
1.0,26,22.087943
0.0,54,22.103486
0.0,17,22.108753
1.0,138,22.150478
0.0,40,22.162145
0.0,31,22.171844
0.0,17,22.177005
0.0,12,22.180755
0.0,17,22.186039
0.0,27,22.194319
0.0,61,22.213215
0.0,170,22.265948
1.0,113,22.300622
0.0,9,22.303321
0.0,9,22.305957
0.0,22,22.312619
0.0,46,22.326925
0.0,17,22.332052
0.0,63,22.351586
0.0,58,22.369098
1.0,71,22.390745
1.0,32,22.400203
0.0,7,22.402385
1.0,37,22.41363
0.0,106,22.445643
0.0,52,22.461165
0.0,62,22.480207
1.0,20,22.486098
0.0,12,22.489865
0.0,34,22.500257
0.0,20,22.505845
0.0,4,22.507097
0.0,12,22.510595
0.0,9,22.513244
0.0,129,22.553586
0.0,84,22.579909
0.0,33,22.590105
0.0,165,22.636864
0.0,284,22.725111
0.0,14,22.729233
0.0,12,22.732679
1.0,162,22.782899
0.0,8,22.785236
1.0,49,22.799322
0.0,19,22.805208
0.0,7,22.807228
0.0,55,22.823501
1.0,61,22.841964
1.0,32,22.85084
0.0,18,22.856379
0.0,17,22.861526
0.0,12,22.864815
0.0,64,22.884642
0.0,51,22.900178
0.0,38,22.911632
0.0,7,22.913671
0.0,40,22.926106
0.0,47,22.940131
0.0,33,22.950301
0.0,26,22.95809
0.0,13,22.961793
0.0,18,22.967241
1.0,75,22.990361
0.0,6,22.992105
1.0,111,23.025365
0.0,66,23.045625
0.0,51,23.059977
0.0,81,23.085054
1.0,24,23.092321
1.0,77,23.115805
1.0,88,23.142832
0.0,74,23.165591
0.0,18,23.170622
0.0,20,23.176746
1.0,36,23.187747
1.0,32,23.197283
0.0,46,23.209847
0.0,109,23.242215
0.0,44,23.254859
0.0,28,23.263499
0.0,29,23.27247
1.0,15,23.276677
1.0,74,23.298916
0.0,37,23.310192
0.0,20,23.315458
0.0,20,23.321344
0.0,3,23.322269
0.0,199,23.382981
0.0,36,23.393974
0.0,108,23.427634
0.0,9,23.430285
0.0,60,23.447336
1.0,62,23.466186
1.0,29,23.474633
0.0,388,23.594472
0.0,20,23.60068
0.0,106,23.633609
0.0,19,23.639491
1.0,103,23.670996
0.0,25,23.678701
0.0,56,23.695674
0.0,60,23.714273
0.0,20,23.720125
0.0,19,23.725652
0.0,115,23.761109
1.0,63,23.778932
0.0,141,23.818054
0.0,33,23.827841
0.0,21,23.83424
0.0,25,23.841563
0.0,40,23.853736
1.0,75,23.876644
0.0,101,23.907852
1.0,7,23.909902
0.0,7,23.911911
0.0,108,23.945291
0.0,72,23.967441
0.0,8,23.969785
0.0,34,23.980058
0.0,142,24.023808
0.0,9,24.026528
0.0,72,24.048035
1.0,103,24.07968
1.0,77,24.102277
1.0,23,24.108994
0.0,142,24.152963
1.0,27,24.16108
0.0,52,24.175595
1.0,67,24.196121
1.0,21,24.202608
0.0,39,24.214712
0.0,122,24.252327
0.0,3,24.253281
0.0,12,24.256958
0.0,104,24.289322
1.0,26,24.29716
0.0,3,24.29812
0.0,22,24.304499
0.0,60,24.323098
0.0,21,24.329555
1.0,61,24.34811
0.0,20,24.354261
0.0,22,24.361229
1.0,55,24.377855
0.0,36,24.389063
0.0,65,24.408856
0.0,66,24.429208
1.0,33,24.439363
1.0,42,24.451888
1.0,59,24.469813
1.0,53,24.48581
0.0,38,24.497289
1.0,31,24.506308
0.0,15,24.510881
0.0,29,24.519614
1.0,50,24.534562
0.0,19,24.540346
0.0,23,24.547382
0.0,7,24.549388
1.0,25,24.556899
0.0,25,24.564343
1.0,45,24.577427
0.0,15,24.581994
0.0,48,24.595698
1.0,47,24.609084
1.0,27,24.61731
0.0,3,24.61815
0.0,22,24.624978
1.0,200,24.686778
1.0,80,24.711123
1.0,17,24.716099
1.0,22,24.722726
0.0,24,24.729478
1.0,22,24.736028
1.0,26,24.743904
0.0,37,24.754805
1.0,21,24.761064
0.0,30,24.77025
0.0,9,24.772898
0.0,3,24.773841
1.0,74,24.796623
1.0,36,24.807427
1.0,20,24.813291
1.0,34,24.823681
0.0,20,24.829617
1.0,18,24.83484
1.0,22,24.841563
1.0,33,24.851422
1.0,17,24.856417
1.0,20,24.862514
0.0,18,24.867745
1.0,17,24.872727
0.0,13,24.876677
0.0,19,24.8822
1.0,17,24.887162
1.0,22,24.89371
0.0,99,24.924104
1.0,18,24.929394
1.0,23,24.936284
0.0,63,24.955816
0.0,15,24.960264
0.0,19,24.96612
0.0,26,24.974155
1.0,20,24.979868
1.0,29,24.988541
0.0,19,24.994272
1.0,17,24.999254
1.0,28,25.007524
1.0,49,25.022306
1.0,22,25.028641
0.0,3,25.029582
0.0,66,25.049654
0.0,31,25.059091
1.0,95,25.08847
0.0,29,25.097083
0.0,4,25.098326
1.0,20,25.104407
0.0,71,25.123495
0.0,46,25.137346
1.0,30,25.146368
1.0,46,25.160153
1.0,38,25.171427
0.0,13,25.175401
1.0,74,25.196283
1.0,16,25.200643
1.0,27,25.208348
1.0,33,25.217949
0.0,5,25.219499
1.0,50,25.234419
0.0,51,25.248982
0.0,7,25.251078
1.0,50,25.264811
0.0,17,25.269838
1.0,19,25.275315
1.0,31,25.283546
1.0,79,25.306332
1.0,18,25.311548
1.0,23,25.318436
1.0,39,25.32985
1.0,24,25.336848
1.0,27,25.344951
0.0,81,25.370111
0.0,9,25.372745
1.0,22,25.379457
0.0,28,25.38764
1.0,19,25.393181
1.0,25,25.400602
1.0,44,25.413771
1.0,17,25.418756
1.0,22,25.42545
1.0,74,25.446622
1.0,24,25.453577
0.0,20,25.459715
0.0,119,25.4965
0.0,15,25.500984
1.0,24,25.508165
0.0,67,25.527484
1.0,17,25.532417
1.0,14,25.536531
0.0,36,25.547196
1.0,18,25.552425
1.0,62,25.570374
1.0,50,25.585154
1.0,18,25.590386
0.0,9,25.593116
1.0,24,25.600072
1.0,19,25.605723
0.0,70,25.625762
1.0,42,25.63822
1.0,20,25.644034
1.0,23,25.651058
1.0,130,25.687784
0.0,13,25.691656
1.0,23,25.698683
0.0,15,25.703156
1.0,21,25.709263
1.0,25,25.71682
0.0,76,25.740264
1.0,19,25.745779
0.0,15,25.750359
0.0,24,25.757491
1.0,18,25.762689
1.0,20,25.768782
0.0,28,25.776688
1.0,18,25.781928
1.0,23,25.788793
0.0,21,25.794963
1.0,19,25.80047
1.0,29,25.809147
0.0,30,25.818227
1.0,26,25.825646
1.0,27,25.833871
1.0,30,25.842662
0.0,9,25.845311
1.0,26,25.852978
1.0,34,25.863123
1.0,20,25.86892
1.0,22,25.875617
1.0,21,25.881584
1.0,17,25.88656
0.0,11,25.889748
0.0,52,25.905757
1.0,23,25.912616
0.0,10,25.915562
1.0,34,25.925775
1.0,17,25.930776
0.0,9,25.933407
0.0,34,25.943815
1.0,21,25.950024
0.0,10,25.952879
0.0,24,25.959987
0.0,35,25.97067
0.0,15,25.974941
0.0,16,25.979868
1.0,9,25.982438
1.0,32,25.991633
0.0,131,26.032146
0.0,11,26.035411
1.0,12,26.03871
0.0,19,26.044597
1.0,76,26.067824
0.0,17,26.072497
0.0,23,26.079448
1.0,19,26.084874
0.0,11,26.088032
0.0,31,26.09692
1.0,27,26.104999
0.0,5,26.106492
0.0,55,26.123018
0.0,61,26.140647
0.0,134,26.181248
0.0,38,26.192612
1.0,52,26.208602
0.0,9,26.211272
0.0,64,26.229982
1.0,23,26.236978
0.0,10,26.239785
0.0,17,26.24479
1.0,75,26.268009
0.0,9,26.270655
0.0,83,26.295969
1.0,158,26.343352
0.0,12,26.346547
0.0,40,26.357501
0.0,50,26.373259
0.0,12,26.376764
0.0,94,26.406085
0.0,158,26.455175
0.0,16,26.459896
0.0,24,26.467003
1.0,55,26.483469
0.0,60,26.501784
0.0,76,26.524457
0.0,12,26.527791
0.0,3,26.528725
0.0,16,26.533669
1.0,37,26.54508
0.0,44,26.558727
0.0,6,26.560602
1.0,30,26.569714
0.0,191,26.628686
1.0,30,26.637692
1.0,49,26.652728
0.0,13,26.656401
0.0,36,26.666424
1.0,51,26.682052
1.0,45,26.695384
0.0,63,26.713799
1.0,21,26.720167
1.0,52,26.735601
1.0,62,26.753834
1.0,24,26.760747
0.0,42,26.773444
0.0,45,26.786549
1.0,21,26.792574
1.0,30,26.801689
0.0,11,26.80494
1.0,17,26.809927
0.0,4,26.811181
1.0,36,26.82184
0.0,86,26.84827
0.0,36,26.859236
0.0,93,26.887659
0.0,20,26.89365
0.0,3,26.894582
0.0,66,26.914704
1.0,37,26.925542
1.0,21,26.931876
0.0,25,26.939389
1.0,18,26.944687
0.0,16,26.949612
0.0,21,26.955637
1.0,19,26.961396
0.0,39,26.973294
0.0,20,26.979117
1.0,25,26.986543
1.0,22,26.993155
0.0,17,26.998077
1.0,19,27.003559
0.0,32,27.01332
1.0,37,27.023612
1.0,17,27.028591
0.0,11,27.031853
0.0,53,27.046273
0.0,17,27.051269
1.0,37,27.062386
0.0,19,27.068146
1.0,20,27.073975
1.0,16,27.078585
0.0,11,27.081959
1.0,17,27.086942
1.0,12,27.090445
0.0,77,27.11271
1.0,18,27.117996
1.0,53,27.133508
0.0,62,27.15136
1.0,24,27.158588
0.0,19,27.16436
0.0,23,27.171459
0.0,29,27.180258
1.0,47,27.194602
0.0,70,27.214425
0.0,7,27.216517
0.0,11,27.219802
0.0,163,27.265624
0.0,6,27.26751
1.0,25,27.275127
0.0,8,27.277607
0.0,7,27.279787
1.0,28,27.28819
0.0,14,27.292288
1.0,49,27.307393
0.0,19,27.313233
0.0,159,27.357806
1.0,73,27.380088
0.0,8,27.382328
0.0,68,27.401923
1.0,41,27.414093
1.0,48,27.428883
0.0,16,27.433559
1.0,29,27.442111
1.0,24,27.449437
1.0,79,27.471587
1.0,19,27.477188
0.0,13,27.481187
1.0,35,27.49112
0.0,75,27.514195
0.0,18,27.519759
1.0,30,27.52869
1.0,17,27.533684
1.0,22,27.540381
0.0,120,27.574076
1.0,17,27.578987
0.0,16,27.58392
0.0,83,27.607071
1.0,19,27.612691
1.0,20,27.618785
0.0,93,27.64491
1.0,19,27.650534
0.0,22,27.657151
0.0,60,27.67473
1.0,17,27.679755
1.0,38,27.691463
1.0,63,27.709598
0.0,71,27.731255
1.0,54,27.746376
1.0,216,27.806173
1.0,20,27.81203
1.0,132,27.850342
0.0,10,27.853331
1.0,82,27.878517
0.0,33,27.88854
0.0,38,27.900038
1.0,37,27.910944
0.0,23,27.917915
0.0,55,27.933833
0.0,7,27.935845
0.0,4,27.937099
0.0,86,27.960476
1.0,25,27.967881
1.0,24,27.975021
0.0,46,27.98809
1.0,27,27.995821
1.0,26,28.003565
1.0,153,28.050884
1.0,32,28.060117
1.0,23,28.067138
0.0,24,28.073919
0.0,79,28.098576
1.0,20,28.104672
0.0,184,28.161185
0.0,17,28.166264
1.0,45,28.179737
0.0,59,28.197964
0.0,39,28.209858
0.0,38,28.220868
0.0,66,28.241242
1.0,71,28.26315
0.0,24,28.269927
1.0,68,28.290895
1.0,51,28.306539
1.0,27,28.314543
1.0,64,28.333375
1.0,38,28.344969
1.0,28,28.353226
1.0,39,28.364748
1.0,25,28.372306
0.0,17,28.377582
1.0,36,28.388292
0.0,36,28.399258
0.0,5,28.400775
1.0,19,28.406219
1.0,29,28.414822
1.0,37,28.425954
0.0,80,28.450583
1.0,17,28.455568
1.0,67,28.475738
0.0,49,28.490667
1.0,19,28.49626
1.0,26,28.503955
0.0,36,28.515067
1.0,18,28.520252
1.0,29,28.528818
0.0,23,28.535466
1.0,16,28.539937
0.0,10,28.54283
1.0,35,28.553274
1.0,20,28.559157
1.0,25,28.566623
1.0,34,28.576768
1.0,25,28.583969
1.0,30,28.592837
1.0,40,28.604702
1.0,22,28.611258
0.0,5,28.612761
1.0,33,28.622451
1.0,19,28.628038
1.0,27,28.63609
1.0,30,28.64499
1.0,22,28.651403
1.0,20,28.657476
1.0,38,28.668759
0.0,15,28.673245
1.0,23,28.680105
1.0,59,28.697927
1.0,25,28.705304
1.0,25,28.712908
0.0,18,28.718209
1.0,22,28.724727
0.0,7,28.72675
0.0,36,28.737755
1.0,28,28.746058
0.0,13,28.749954
0.0,5,28.751448
1.0,19,28.757051
1.0,26,28.764701
1.0,42,28.777015
1.0,20,28.782921
1.0,22,28.789469
0.0,12,28.793211
1.0,19,28.798811
1.0,13,28.802624
0.0,151,28.848586
1.0,18,28.853791
1.0,72,28.875749
1.0,62,28.893861
1.0,19,28.899321
1.0,45,28.912782
0.0,26,28.920214
0.0,13,28.924028
1.0,10,28.926872
1.0,75,28.947995
1.0,8,28.950282
0.0,7,28.952374
0.0,36,28.963293
0.0,48,28.978008
1.0,32,28.98745
0.0,72,29.007121
0.0,74,29.029746
1.0,10,29.032617
0.0,3,29.033554
0.0,28,29.042094
0.0,23,29.049084
1.0,112,29.082027
0.0,4,29.083277
0.0,7,29.085296
0.0,55,29.101728
0.0,6,29.103587
1.0,33,29.113609
1.0,54,29.129897
1.0,29,29.138519
0.0,5,29.140022
1.0,93,29.166245
0.0,47,29.179299
1.0,55,29.195362
0.0,7,29.197395
1.0,36,29.208213
0.0,57,29.224531
1.0,60,29.241851
1.0,21,29.247943
0.0,22,29.254701
1.0,44,29.267847
1.0,26,29.275405
0.0,30,29.284578
0.0,28,29.292829
0.0,4,29.294072
0.0,5,29.295495
1.0,38,29.306796
1.0,20,29.312634
1.0,28,29.321206
0.0,13,29.325088
1.0,19,29.330703
1.0,26,29.338678
0.0,14,29.342651
1.0,10,29.34553
1.0,21,29.35188
0.0,23,29.358738
1.0,20,29.364729
1.0,23,29.371639
0.0,11,29.375068
0.0,26,29.38329
1.0,23,29.390193
0.0,25,29.397572
1.0,19,29.403163
1.0,22,29.409832
0.0,9,29.412466
1.0,20,29.418299
0.0,5,29.419849
0.0,3,29.420769
1.0,69,29.441903
1.0,23,29.448805
1.0,44,29.46219
1.0,40,29.474313
1.0,22,29.480989
0.0,117,29.516806
1.0,36,29.527586
1.0,23,29.534614
1.0,45,29.548138
1.0,22,29.554605
1.0,22,29.561313
1.0,35,29.571839
1.0,20,29.577693
1.0,24,29.584905
1.0,32,29.594435
0.0,7,29.596437
0.0,12,29.599932
0.0,161,29.649475
1.0,22,29.655925
1.0,22,29.662639
0.0,39,29.67434
0.0,24,29.681756
0.0,17,29.686989
1.0,40,29.69913
1.0,20,29.70519
0.0,16,29.710079
0.0,70,29.731621
1.0,27,29.739706
1.0,53,29.755966
1.0,21,29.7622
1.0,69,29.783156
1.0,68,29.803807
1.0,48,29.818428
1.0,68,29.839346
0.0,28,29.847893
1.0,52,29.863621
0.0,49,29.878719
0.0,33,29.888766
0.0,3,29.889708
1.0,26,29.897611
0.0,358,30.00745
1.0,104,30.0393
1.0,20,30.045364
0.0,3,30.046298
1.0,53,30.062361
1.0,19,30.06802
1.0,23,30.074839
0.0,41,30.087487
0.0,11,30.090729
0.0,49,30.105841
0.0,26,30.11386
1.0,24,30.121016
