#{"t_start": 1715688232.484284, "env_id": "Office-v0"}
r,l,t
0.0,72,0.012578
0.0,15,0.015119
0.0,21,0.018606
0.0,24,0.022583
0.0,5,0.023432
0.0,4,0.024095
0.0,4,0.024774
0.0,9,0.026286
1.0,16,0.028947
0.0,17,0.031803
0.0,63,0.042215
1.0,12,0.044181
0.0,50,0.052443
0.0,132,0.074106
0.0,39,0.080585
0.0,110,0.09876
0.0,14,0.101103
0.0,47,0.108863
0.0,33,0.114328
1.0,79,0.127333
0.0,62,0.13748
0.0,73,0.149612
0.0,123,0.16998
0.0,24,0.173905
0.0,13,0.176073
0.0,125,0.196648
0.0,69,0.207703
1.0,65,0.218544
0.0,81,0.231889
0.0,41,0.238739
0.0,91,0.253821
0.0,54,0.262845
0.0,84,0.276527
0.0,114,0.295606
0.0,66,0.30662
1.0,79,0.319688
0.0,167,0.346999
0.0,19,0.350175
0.0,40,0.356715
1.0,64,0.36737
0.0,176,0.396399
0.0,162,0.42336
0.0,7,0.42455
0.0,42,0.431517
1.0,182,0.461333
0.0,18,0.464336
0.0,37,0.470414
0.0,87,0.484759
0.0,2,0.485113
0.0,17,0.48789
0.0,95,0.503358
0.0,24,0.507406
1.0,198,0.540139
1.0,180,0.569898
0.0,188,0.600594
0.0,493,0.681828
0.0,91,0.69631
0.0,614,0.797374
0.0,361,0.856656
0.0,28,0.861367
0.0,14,0.863714
0.0,26,0.86805
1.0,65,0.878897
0.0,130,0.900544
0.0,19,0.903705
0.0,54,0.912664
0.0,537,1.001404
1.0,93,1.016888
0.0,26,1.021243
0.0,146,1.045435
0.0,44,1.052756
0.0,16,1.055445
0.0,40,1.062096
1.0,87,1.076533
0.0,90,1.091556
0.0,16,1.094236
0.0,16,1.096925
0.0,48,1.104942
1.0,170,1.132982
0.0,5,1.133814
0.0,13,1.135994
0.0,14,1.138344
0.0,149,1.162859
0.0,17,1.165793
0.0,15,1.168299
0.0,73,1.180493
0.0,139,1.203559
1.0,14,1.205865
0.0,29,1.210699
0.0,52,1.219331
0.0,35,1.225165
0.0,10,1.226845
0.0,53,1.235666
0.0,34,1.241323
0.0,153,1.266355
0.0,4,1.267045
0.0,26,1.271398
0.0,10,1.273096
0.0,1,1.273277
1.0,11,1.275127
1.0,340,1.331541
0.0,66,1.342585
0.0,29,1.34748
1.0,11,1.349317
1.0,117,1.368535
1.0,149,1.393228
0.0,71,1.405065
1.0,13,1.407236
1.0,103,1.424397
0.0,185,1.455164
0.0,77,1.467956
1.0,14,1.470242
0.0,27,1.474752
0.0,8,1.476086
0.0,44,1.483463
1.0,14,1.485683
1.0,201,1.518761
0.0,11,1.520592
1.0,342,1.576872
0.0,9,1.578401
1.0,135,1.600486
0.0,2,1.600835
0.0,27,1.605287
1.0,13,1.607451
1.0,114,1.626431
0.0,79,1.639423
0.0,33,1.644955
1.0,32,1.650257
0.0,82,1.672512
1.0,85,1.687365
1.0,103,1.704858
0.0,9,1.706419
0.0,68,1.71792
0.0,9,1.71947
0.0,64,1.730217
1.0,11,1.73209
1.0,122,1.752807
0.0,70,1.764674
1.0,211,1.799716
1.0,11,1.801573
1.0,105,1.819171
0.0,10,1.820877
1.0,97,1.837162
1.0,11,1.83902
1.0,171,1.867837
1.0,12,1.869849
1.0,71,1.881798
1.0,11,1.883655
1.0,148,1.908395
1.0,125,1.929278
0.0,10,1.930969
1.0,11,1.932828
0.0,69,1.944446
1.0,57,1.95404
1.0,141,1.977549
0.0,2,1.977904
1.0,67,1.989106
0.0,17,1.991964
1.0,114,2.01119
1.0,11,2.013052
0.0,47,2.021016
1.0,109,2.039277
0.0,32,2.044682
1.0,11,2.046538
1.0,132,2.068652
1.0,68,2.080074
0.0,72,2.092217
1.0,11,2.094073
0.0,38,2.100491
1.0,86,2.114931
0.0,20,2.118358
1.0,14,2.120721
0.0,24,2.124805
0.0,8,2.126174
1.0,47,2.134148
1.0,11,2.136002
0.0,40,2.14272
1.0,69,2.154337
1.0,36,2.160464
1.0,11,2.162323
1.0,43,2.169506
0.0,57,2.179034
1.0,196,2.211938
1.0,11,2.213791
0.0,23,2.217703
1.0,74,2.230215
1.0,41,2.237227
1.0,11,2.239075
0.0,79,2.252499
1.0,56,2.261904
0.0,37,2.26818
1.0,12,2.270201
0.0,58,2.279913
0.0,132,2.302207
1.0,53,2.311169
1.0,13,2.313348
0.0,139,2.336715
0.0,13,2.338836
1.0,65,2.349799
1.0,13,2.351987
1.0,60,2.362118
0.0,36,2.368196
0.0,54,2.377326
1.0,11,2.379174
1.0,56,2.38861
1.0,28,2.393279
0.0,193,2.425051
1.0,11,2.426927
0.0,58,2.43669
0.0,40,2.443356
1.0,187,2.474353
0.0,6,2.475385
1.0,36,2.481349
0.0,28,2.486023
0.0,56,2.495424
0.0,6,2.496456
0.0,63,2.507093
1.0,48,2.515153
0.0,10,2.516846
1.0,11,2.518695
1.0,48,2.526722
0.0,127,2.548118
0.0,12,2.550189
1.0,11,2.552041
1.0,64,2.562731
1.0,46,2.570409
0.0,89,2.584989
1.0,11,2.586859
1.0,92,2.602199
1.0,48,2.610201
0.0,82,2.623832
1.0,12,2.625849
1.0,65,2.636743
0.0,30,2.641762
1.0,43,2.648919
1.0,11,2.650756
0.0,124,2.671331
0.0,112,2.690113
1.0,40,2.696808
1.0,15,2.699296
0.0,12,2.701322
1.0,50,2.7096
1.0,41,2.716488
0.0,6,2.717509
1.0,49,2.72568
0.0,6,2.726699
1.0,67,2.737966
1.0,11,2.739811
0.0,49,2.747963
1.0,68,2.759285
1.0,57,2.768785
1.0,11,2.770624
1.0,63,2.7812
0.0,2,2.781543
1.0,77,2.79443
1.0,53,2.803255
0.0,40,2.809983
1.0,37,2.816186
0.0,67,2.827471
1.0,11,2.829319
1.0,25,2.83351
0.0,12,2.835533
1.0,48,2.843579
1.0,11,2.845414
0.0,35,2.851288
1.0,51,2.859577
1.0,30,2.864612
1.0,11,2.866461
0.0,53,2.875333
0.0,7,2.876533
1.0,40,2.883196
1.0,12,2.885198
1.0,26,2.889536
0.0,26,2.893827
0.0,27,2.898364
0.0,4,2.899046
1.0,27,2.903575
1.0,73,2.915686
0.0,8,2.917038
1.0,13,2.919216
0.0,70,2.931079
1.0,66,2.942095
1.0,37,2.948341
1.0,13,2.950521
1.0,82,2.964322
0.0,42,2.971426
0.0,6,2.972455
0.0,9,2.973985
0.0,46,2.981776
1.0,33,2.987234
0.0,1,2.987415
1.0,12,2.989372
0.0,29,2.994263
1.0,58,3.003836
1.0,39,3.010381
1.0,15,3.012844
0.0,46,3.020607
1.0,37,3.026768
1.0,32,3.032155
1.0,11,3.033998
1.0,35,3.039855
1.0,59,3.049712
1.0,35,3.055609
0.0,7,3.056801
1.0,30,3.061822
1.0,51,3.070357
1.0,29,3.075253
1.0,16,3.077858
1.0,34,3.083565
1.0,41,3.090404
1.0,29,3.095285
1.0,11,3.097129
1.0,30,3.102185
1.0,41,3.109
1.0,36,3.114972
1.0,11,3.116821
0.0,19,3.12002
1.0,38,3.126375
1.0,43,3.13363
0.0,9,3.13516
1.0,34,3.140832
0.0,4,3.141518
1.0,35,3.147428
1.0,14,3.149726
1.0,33,3.155272
1.0,53,3.164163
0.0,12,3.166202
1.0,13,3.16833
0.0,6,3.169351
0.0,27,3.173847
1.0,33,3.179444
1.0,15,3.181948
0.0,9,3.183476
0.0,4,3.184166
0.0,26,3.188567
1.0,12,3.190573
0.0,4,3.191261
1.0,62,3.201667
1.0,34,3.207421
1.0,14,3.209758
0.0,5,3.210615
0.0,19,3.213792
1.0,43,3.221026
1.0,11,3.22287
1.0,87,3.2375
1.0,41,3.244341
1.0,38,3.250819
1.0,12,3.252841
1.0,51,3.261435
1.0,36,3.267391
1.0,32,3.27282
0.0,2,3.27527
1.0,49,3.28372
1.0,63,3.294201
1.0,35,3.300101
1.0,11,3.301955
1.0,26,3.306332
1.0,32,3.311663
1.0,42,3.318775
1.0,13,3.320894
1.0,29,3.325776
1.0,66,3.336875
1.0,36,3.34324
1.0,11,3.345089
1.0,37,3.351317
1.0,14,3.353634
1.0,43,3.360883
1.0,13,3.363063
1.0,27,3.3676
1.0,35,3.373501
0.0,17,3.376402
1.0,16,3.379019
0.0,17,3.381874
1.0,51,3.390436
1.0,32,3.39585
1.0,11,3.397689
0.0,10,3.399391
0.0,16,3.402014
1.0,38,3.408426
1.0,12,3.410424
1.0,32,3.415794
1.0,47,3.423637
1.0,42,3.430708
1.0,11,3.432546
1.0,32,3.437929
1.0,35,3.443778
1.0,29,3.448696
1.0,11,3.450536
1.0,54,3.45955
1.0,37,3.46571
1.0,33,3.471283
1.0,22,3.474922
0.0,22,3.478626
0.0,39,3.485138
1.0,34,3.490841
1.0,11,3.4927
0.0,21,3.496212
1.0,32,3.50152
0.0,41,3.508435
0.0,14,3.510778
1.0,35,3.51666
0.0,20,3.519997
1.0,30,3.525055
1.0,11,3.526897
0.0,12,3.528912
0.0,6,3.529934
0.0,53,3.538851
1.0,11,3.540696
1.0,39,3.547195
0.0,36,3.553184
1.0,39,3.559753
1.0,11,3.561598
1.0,24,3.565614
0.0,19,3.568794
0.0,6,3.569813
1.0,14,3.572145
1.0,25,3.576328
0.0,27,3.580836
1.0,33,3.586395
0.0,7,3.587595
1.0,26,3.591934
1.0,16,3.594567
1.0,42,3.601554
1.0,11,3.603395
1.0,33,3.60894
0.0,35,3.614806
1.0,44,3.622159
1.0,12,3.624147
1.0,23,3.62799
0.0,19,3.631175
1.0,36,3.63724
1.0,11,3.639084
0.0,19,3.642268
0.0,37,3.648423
0.0,4,3.649101
1.0,11,3.650946
1.0,23,3.654806
1.0,30,3.659799
1.0,33,3.665347
1.0,12,3.667371
1.0,32,3.672745
0.0,10,3.674429
1.0,29,3.679315
1.0,13,3.681434
0.0,46,3.68912
1.0,30,3.694105
1.0,27,3.698619
1.0,13,3.700769
0.0,23,3.704612
1.0,30,3.709568
1.0,27,3.714072
1.0,14,3.71635
0.0,12,3.718361
1.0,33,3.723846
0.0,16,3.726543
1.0,11,3.728368
1.0,25,3.732559
1.0,34,3.738246
1.0,27,3.742784
1.0,11,3.744621
1.0,43,3.751699
1.0,35,3.757537
1.0,27,3.762106
1.0,14,3.764427
1.0,25,3.768609
1.0,47,3.776416
1.0,33,3.781971
1.0,13,3.784141
1.0,31,3.789294
1.0,34,3.794927
1.0,33,3.800467
1.0,14,3.802782
0.0,2,3.80312
1.0,29,3.807968
1.0,25,3.812192
1.0,11,3.814035
1.0,86,3.828374
1.0,29,3.833232
1.0,29,3.838139
1.0,11,3.839978
0.0,17,3.842859
1.0,33,3.848384
1.0,31,3.853578
1.0,15,3.856086
1.0,40,3.862805
0.0,29,3.867658
0.0,10,3.869309
1.0,19,3.87245
1.0,47,3.880262
1.0,35,3.886105
0.0,24,3.89009
1.0,13,3.892261
1.0,25,3.896432
1.0,32,3.901732
1.0,37,3.907929
1.0,11,3.909763
1.0,32,3.915067
0.0,4,3.915737
1.0,31,3.920901
1.0,11,3.922738
0.0,2,3.923084
0.0,2,3.923422
1.0,27,3.927964
1.0,11,3.929801
0.0,26,3.934194
0.0,13,3.936361
1.0,28,3.941054
1.0,11,3.94287
0.0,9,3.944368
1.0,41,3.951173
1.0,29,3.956067
1.0,11,3.957914
1.0,34,3.963585
1.0,33,3.969076
1.0,29,3.973974
1.0,17,3.976812
0.0,15,3.979316
1.0,36,3.985229
0.0,8,3.986569
1.0,11,3.9884
1.0,23,3.992211
1.0,37,3.998329
1.0,35,4.004177
1.0,11,4.006012
1.0,23,4.009847
0.0,42,4.01676
1.0,27,4.021311
1.0,11,4.023148
1.0,34,4.028761
1.0,35,4.034571
1.0,28,4.039287
1.0,14,4.041622
1.0,28,4.046278
0.0,9,4.047783
1.0,34,4.05345
1.0,11,4.055292
1.0,27,4.059775
1.0,31,4.064938
0.0,23,4.06878
1.0,13,4.070944
1.0,27,4.075455
1.0,13,4.077543
1.0,29,4.082417
1.0,11,4.084245
1.0,26,4.088605
1.0,77,4.10136
1.0,30,4.106408
1.0,20,4.109683
0.0,24,4.113722
0.0,30,4.118768
0.0,6,4.119779
1.0,12,4.121784
1.0,26,4.126121
1.0,56,4.135378
1.0,31,4.140581
1.0,12,4.14258
1.0,23,4.146441
0.0,41,4.153244
1.0,26,4.157647
1.0,11,4.159493
1.0,31,4.164653
0.0,4,4.165335
1.0,31,4.170539
1.0,13,4.172701
1.0,23,4.176815
1.0,45,4.184311
0.0,14,4.186672
1.0,11,4.188511
1.0,24,4.192527
1.0,59,4.202352
0.0,21,4.205901
1.0,13,4.208065
1.0,25,4.212245
0.0,9,4.213769
1.0,25,4.217997
1.0,12,4.219961
1.0,24,4.223978
0.0,17,4.226824
1.0,31,4.232021
0.0,11,4.233866
1.0,31,4.239019
0.0,32,4.244349
0.0,30,4.249358
1.0,11,4.251196
1.0,36,4.25716
0.0,18,4.26018
1.0,36,4.266167
1.0,11,4.267995
1.0,28,4.272639
0.0,20,4.276015
1.0,25,4.280221
1.0,11,4.282053
0.0,19,4.285227
1.0,72,4.296799
1.0,27,4.301364
1.0,11,4.303211
1.0,32,4.308485
1.0,33,4.313994
1.0,41,4.320591
1.0,17,4.323427
1.0,29,4.32826
0.0,33,4.333703
1.0,25,4.337943
1.0,11,4.339788
1.0,25,4.343982
1.0,27,4.348473
1.0,31,4.353648
1.0,11,4.355487
1.0,8,4.356813
0.0,6,4.357823
1.0,27,4.362342
1.0,11,4.364167
0.0,6,4.36518
0.0,26,4.369528
1.0,25,4.37375
1.0,11,4.375597
0.0,25,4.379798
0.0,38,4.386049
1.0,25,4.39025
0.0,4,4.39094
0.0,8,4.392272
0.0,4,4.392945
1.0,29,4.397826
1.0,14,4.400178
0.0,6,4.40119
0.0,4,4.401865
0.0,6,4.402919
1.0,11,4.404758
1.0,27,4.409258
0.0,11,4.411105
0.0,4,4.41178
0.0,8,4.413118
1.0,25,4.41729
1.0,42,4.424178
0.0,13,4.426365
1.0,11,4.428211
1.0,34,4.433889
0.0,6,4.434915
0.0,14,4.437273
1.0,11,4.43911
1.0,25,4.443214
1.0,46,4.45056
1.0,35,4.456439
1.0,11,4.458294
1.0,27,4.462766
1.0,39,4.469228
0.0,14,4.471584
0.0,10,4.47327
1.0,24,4.477235
1.0,33,4.482661
1.0,33,4.488208
0.0,2,4.488566
0.0,2,4.488916
1.0,37,4.495028
1.0,25,4.499265
1.0,12,4.501284
0.0,2,4.501633
1.0,30,4.506643
1.0,28,4.51135
1.0,11,4.513174
0.0,6,4.51417
0.0,30,4.51918
1.0,34,4.524916
1.0,13,4.527046
1.0,27,4.531519
1.0,42,4.538517
1.0,27,4.543073
1.0,11,4.544911
1.0,30,4.549877
1.0,37,4.555948
0.0,23,4.559836
0.0,7,4.561028
1.0,29,4.565852
1.0,40,4.572471
1.0,33,4.578023
1.0,13,4.580182
1.0,25,4.584326
1.0,33,4.589811
0.0,16,4.592541
1.0,11,4.594368
1.0,27,4.598879
1.0,31,4.604045
0.0,6,4.605053
1.0,11,4.606873
1.0,31,4.611997
1.0,36,4.617976
1.0,31,4.623165
1.0,13,4.625336
0.0,9,4.626856
0.0,11,4.6287
1.0,31,4.633934
1.0,11,4.635771
0.0,8,4.63712
0.0,63,4.64768
0.0,12,4.64971
1.0,13,4.651892
0.0,39,4.658337
0.0,12,4.660335
1.0,29,4.665201
1.0,13,4.667373
0.0,7,4.668563
0.0,11,4.670404
1.0,27,4.674968
1.0,15,4.677449
0.0,12,4.679476
0.0,43,4.686608
1.0,27,4.691183
1.0,15,4.69368
0.0,39,4.699899
0.0,10,4.701592
1.0,25,4.705841
1.0,11,4.707675
0.0,37,4.713717
0.0,21,4.717203
1.0,30,4.722271
1.0,15,4.724785
0.0,13,4.726973
1.0,88,4.741753
1.0,27,4.746357
1.0,11,4.748197
1.0,96,4.76437
1.0,32,4.769722
1.0,28,4.774479
1.0,13,4.776668
1.0,54,4.785728
0.0,4,4.786435
1.0,25,4.790676
1.0,14,4.793017
1.0,48,4.800954
1.0,26,4.805299
1.0,31,4.810526
1.0,13,4.812689
1.0,35,4.818578
1.0,33,4.824069
0.0,14,4.826442
1.0,11,4.828286
1.0,27,4.832777
1.0,31,4.837937
1.0,33,4.843465
1.0,11,4.845305
1.0,25,4.849494
1.0,33,4.854995
1.0,33,4.860544
1.0,17,4.863366
1.0,31,4.868448
0.0,4,4.869132
1.0,27,4.873688
1.0,15,4.876152
1.0,28,4.880787
1.0,33,4.886257
1.0,25,4.890473
1.0,16,4.89313
1.0,24,4.897141
0.0,9,4.898668
1.0,30,4.903652
1.0,13,4.905807
1.0,33,4.911245
0.0,21,4.91478
0.0,19,4.91794
0.0,16,4.920647
1.0,23,4.924482
0.0,20,4.927784
1.0,33,4.933251
1.0,22,4.936916
1.0,31,4.942058
0.0,8,4.943403
1.0,31,4.948563
1.0,16,4.951206
1.0,23,4.955061
0.0,28,4.959765
0.0,19,4.962948
1.0,13,4.965111
1.0,29,4.969952
0.0,10,4.971626
1.0,25,4.975858
0.0,2,4.9762
1.0,31,4.981349
0.0,2,4.981688
1.0,29,4.986607
1.0,20,4.989919
0.0,22,4.993584
1.0,37,4.999714
1.0,30,5.004736
1.0,20,5.008101
1.0,29,5.012926
0.0,31,5.01813
1.0,28,5.022867
1.0,15,5.025383
1.0,25,5.029589
0.0,7,5.030769
1.0,31,5.035952
1.0,17,5.038812
1.0,29,5.043639
0.0,29,5.048488
1.0,28,5.053151
1.0,14,5.055496
1.0,23,5.059363
0.0,23,5.063207
1.0,27,5.067721
1.0,13,5.069895
0.0,19,5.073093
1.0,33,5.0786
1.0,29,5.083469
1.0,23,5.087288
0.0,26,5.091331
0.0,14,5.093646
1.0,27,5.098173
0.0,9,5.099701
0.0,44,5.107061
1.0,54,5.115701
1.0,31,5.120868
1.0,14,5.123168
1.0,65,5.134031
1.0,37,5.140216
1.0,27,5.144747
1.0,20,5.148082
1.0,23,5.151899
1.0,38,5.158164
1.0,27,5.162644
1.0,11,5.164475
0.0,4,5.165154
0.0,36,5.171182
1.0,35,5.177022
1.0,19,5.180376
0.0,57,5.189981
1.0,14,5.192282
1.0,27,5.196861
1.0,11,5.198696
0.0,11,5.200558
0.0,12,5.20255
1.0,32,5.207869
0.0,9,5.209405
0.0,9,5.210937
1.0,53,5.219843
1.0,29,5.224653
0.0,6,5.225687
0.0,9,5.227214
0.0,13,5.229406
1.0,31,5.234585
1.0,15,5.237106
0.0,12,5.239157
0.0,97,5.255468
1.0,25,5.25974
1.0,13,5.261951
0.0,32,5.267384
0.0,26,5.271612
1.0,29,5.276482
1.0,14,5.278809
1.0,29,5.28364
0.0,26,5.288022
1.0,31,5.293208
1.0,17,5.29606
1.0,29,5.300928
0.0,11,5.302802
1.0,33,5.308305
0.0,2,5.308647
1.0,31,5.313892
1.0,79,5.32719
0.0,12,5.329229
1.0,96,5.345302
1.0,40,5.352044
0.0,22,5.355783
0.0,17,5.358584
1.0,32,5.363975
1.0,28,5.368661
1.0,52,5.377341
0.0,14,5.379699
1.0,79,5.393079
0.0,10,5.394767
0.0,24,5.398874
0.0,14,5.401221
1.0,24,5.405279
1.0,36,5.411248
1.0,103,5.428451
1.0,27,5.432956
1.0,19,5.436162
0.0,21,5.439683
1.0,35,5.445599
1.0,32,5.450921
0.0,9,5.452446
1.0,25,5.456601
1.0,33,5.462089
0.0,16,5.464763
0.0,2,5.465105
1.0,26,5.469493
0.0,18,5.472535
1.0,30,5.477549
1.0,19,5.480737
1.0,27,5.485229
0.0,22,5.488888
1.0,31,5.494075
1.0,35,5.499926
1.0,31,5.505096
1.0,34,5.510791
1.0,29,5.515753
1.0,15,5.518266
0.0,26,5.522558
0.0,25,5.526768
1.0,27,5.531313
1.0,22,5.53498
1.0,27,5.539485
1.0,43,5.546685
1.0,28,5.551372
1.0,16,5.554054
0.0,8,5.555389
1.0,40,5.562089
1.0,32,5.567431
0.0,10,5.569114
1.0,32,5.574449
1.0,36,5.580513
1.0,32,5.585788
1.0,24,5.589765
0.0,8,5.591128
1.0,39,5.597657
1.0,25,5.601864
1.0,14,5.604218
0.0,19,5.607384
0.0,37,5.613605
1.0,37,5.619802
1.0,20,5.623158
0.0,26,5.627511
0.0,22,5.63121
1.0,28,5.63589
0.0,16,5.638579
1.0,39,5.645158
1.0,62,5.655554
1.0,28,5.660231
0.0,8,5.661561
0.0,22,5.665204
1.0,53,5.674087
1.0,27,5.678625
1.0,14,5.680965
1.0,98,5.697058
1.0,49,5.705294
0.0,25,5.709537
1.0,16,5.712206
1.0,35,5.718033
1.0,53,5.726881
0.0,17,5.729751
1.0,19,5.732889
1.0,34,5.738524
1.0,34,5.744243
1.0,32,5.749641
0.0,15,5.752172
0.0,13,5.754345
1.0,42,5.761328
1.0,28,5.765979
1.0,15,5.768461
1.0,43,5.775702
1.0,37,5.781728
1.0,31,5.786908
1.0,14,5.789205
0.0,48,5.797281
1.0,72,5.809156
1.0,27,5.813681
1.0,22,5.817356
1.0,42,5.824386
1.0,51,5.832889
0.0,14,5.835239
1.0,14,5.837611
0.0,2,5.837955
0.0,70,5.849602
1.0,25,5.853848
1.0,14,5.856182
0.0,30,5.861058
0.0,67,5.872136
1.0,28,5.876823
1.0,18,5.879794
0.0,11,5.881658
1.0,24,5.885633
1.0,26,5.889987
1.0,16,5.89266
1.0,43,5.899793
1.0,26,5.904132
1.0,25,5.908334
1.0,14,5.910678
1.0,37,5.916896
1.0,27,5.921419
1.0,26,5.925768
1.0,14,5.928097
1.0,41,5.934945
0.0,8,5.936302
1.0,30,5.94134
0.0,4,5.942017
1.0,4,5.942672
0.0,17,5.945511
1.0,29,5.950376
1.0,17,5.953213
1.0,45,5.960697
0.0,20,5.964068
0.0,6,5.965096
1.0,14,5.967463
1.0,58,5.977237
0.0,25,5.981408
0.0,8,5.982766
0.0,6,5.983779
1.0,40,5.990488
1.0,32,5.995834
1.0,29,6.000742
0.0,11,6.002602
1.0,48,6.01066
1.0,27,6.015183
1.0,31,6.020413
1.0,16,6.023078
1.0,36,6.0291
0.0,14,6.031445
1.0,27,6.035986
1.0,14,6.038327
1.0,35,6.04418
1.0,28,6.048821
1.0,35,6.054713
1.0,16,6.05739
1.0,29,6.062264
1.0,55,6.0714
1.0,30,6.076442
1.0,14,6.078777
1.0,34,6.084475
1.0,32,6.089817
0.0,9,6.091334
1.0,17,6.094163
1.0,28,6.098893
1.0,29,6.103729
0.0,20,6.1071
1.0,15,6.10956
1.0,33,6.115106
1.0,29,6.119936
0.0,9,6.121451
1.0,16,6.124112
0.0,4,6.124796
1.0,39,6.131285
1.0,32,6.136653
0.0,8,6.138004
1.0,38,6.144379
1.0,43,6.151383
0.0,12,6.153388
0.0,6,6.154402
0.0,7,6.155588
1.0,34,6.16125
1.0,29,6.166103
1.0,15,6.1686
1.0,33,6.17411
1.0,40,6.180758
0.0,23,6.184705
1.0,15,6.187247
0.0,6,6.188261
1.0,30,6.1932
1.0,30,6.198264
1.0,14,6.200584
0.0,6,6.201561
1.0,29,6.206335
1.0,32,6.211742
1.0,16,6.214402
0.0,13,6.216572
1.0,27,6.221054
0.0,6,6.222068
1.0,14,6.224396
0.0,6,6.225403
1.0,27,6.229876
0.0,12,6.231849
1.0,16,6.234491
0.0,29,6.239347
1.0,25,6.24348
1.0,39,6.250012
1.0,16,6.252665
1.0,25,6.256839
1.0,25,6.260991
1.0,39,6.267519
1.0,14,6.269856
1.0,67,6.281068
0.0,8,6.282422
1.0,54,6.291462
1.0,16,6.294122
1.0,32,6.299448
0.0,17,6.302283
1.0,34,6.308023
0.0,8,6.309364
1.0,37,6.315511
0.0,13,6.317711
1.0,36,6.323734
1.0,47,6.331583
1.0,31,6.336718
1.0,51,6.345165
1.0,35,6.351054
1.0,20,6.354374
0.0,41,6.361226
0.0,66,6.372242
1.0,33,6.377752
1.0,24,6.381736
0.0,13,6.383933
1.0,27,6.388415
0.0,16,6.39111
1.0,16,6.393765
1.0,33,6.399303
1.0,28,6.403964
1.0,30,6.408983
0.0,14,6.41134
1.0,78,6.424366
1.0,37,6.430595
0.0,24,6.434641
0.0,4,6.435324
1.0,51,6.443857
0.0,21,6.447385
1.0,37,6.453549
1.0,17,6.456409
1.0,76,6.469074
1.0,27,6.473595
0.0,4,6.474275
1.0,18,6.477269
0.0,33,6.482847
0.0,166,6.510656
1.0,25,6.514882
0.0,45,6.522488
0.0,7,6.523679
1.0,76,6.536472
1.0,27,6.541019
1.0,20,6.544379
0.0,11,6.546242
1.0,15,6.54873
1.0,32,6.554056
1.0,20,6.557355
0.0,35,6.563261
1.0,51,6.571691
1.0,29,6.576505
0.0,7,6.57769
1.0,67,6.588894
0.0,8,6.590242
1.0,31,6.595417
1.0,18,6.598419
1.0,56,6.607744
0.0,7,6.608925
1.0,32,6.614284
1.0,14,6.616651
1.0,69,6.628142
1.0,36,6.634139
1.0,27,6.638699
1.0,14,6.641052
0.0,4,6.641735
1.0,31,6.646907
1.0,29,6.651785
1.0,14,6.654156
1.0,31,6.659365
1.0,30,6.664413
0.0,9,6.665941
1.0,14,6.668287
1.0,30,6.673276
1.0,40,6.679993
0.0,10,6.681684
1.0,14,6.684029
1.0,31,6.689323
0.0,8,6.690661
1.0,26,6.695102
0.0,9,6.696619
1.0,30,6.701692
1.0,36,6.707838
0.0,27,6.712417
0.0,4,6.713101
1.0,37,6.719292
0.0,19,6.722443
1.0,29,6.727277
0.0,13,6.729485
1.0,35,6.73531
1.0,36,6.741274
1.0,29,6.746067
1.0,14,6.748408
1.0,30,6.753443
0.0,4,6.754121
1.0,33,6.759657
1.0,15,6.762176
1.0,38,6.768535
1.0,26,6.772866
0.0,12,6.774911
1.0,6,6.775902
0.0,4,6.776586
1.0,38,6.782867
0.0,12,6.784902
1.0,16,6.787558
1.0,28,6.792185
1.0,58,6.801845
0.0,12,6.803874
1.0,15,6.806358
1.0,33,6.811739
0.0,25,6.815927
0.0,20,6.819219
1.0,14,6.821565
1.0,25,6.825759
1.0,35,6.831615
1.0,31,6.836776
1.0,18,6.839744
1.0,33,6.845211
1.0,36,6.851233
1.0,27,6.855755
1.0,23,6.859592
1.0,32,6.864883
0.0,24,6.868931
0.0,18,6.871907
1.0,16,6.874555
1.0,28,6.879204
1.0,42,6.886217
0.0,18,6.889235
0.0,1,6.889415
0.0,6,6.890427
1.0,41,6.897302
0.0,23,6.901145
1.0,19,6.904265
1.0,47,6.912048
1.0,35,6.917903
1.0,27,6.922459
0.0,6,6.923459
1.0,27,6.927954
0.0,7,6.929138
0.0,6,6.930156
1.0,16,6.932829
1.0,42,6.939754
1.0,27,6.94425
1.0,31,6.949453
1.0,17,6.952221
0.0,4,6.952908
1.0,28,6.957562
1.0,27,6.962142
1.0,14,6.964486
0.0,4,6.965173
1.0,15,6.967662
1.0,28,6.972406
1.0,14,6.974689
0.0,49,6.982852
1.0,51,6.991334
1.0,34,6.997029
1.0,16,6.999688
1.0,40,7.00632
1.0,29,7.01115
1.0,30,7.016173
1.0,15,7.018667
1.0,35,7.024508
0.0,14,7.026863
1.0,32,7.032196
1.0,14,7.034536
0.0,8,7.03589
1.0,31,7.041048
1.0,31,7.046227
0.0,2,7.046562
1.0,29,7.051382
0.0,12,7.053424
1.0,27,7.057965
1.0,18,7.060965
1.0,30,7.065947
1.0,30,7.070958
0.0,12,7.072989
1.0,14,7.07532
1.0,26,7.079643
1.0,25,7.083822
1.0,27,7.088395
1.0,17,7.091199
0.0,11,7.09303
0.0,28,7.097727
1.0,25,7.101888
1.0,16,7.104566
1.0,33,7.110094
1.0,27,7.114625
0.0,14,7.116991
1.0,21,7.120442
0.0,27,7.124969
1.0,36,7.130951
0.0,1,7.131136
0.0,6,7.132153
1.0,28,7.136816
0.0,4,7.137494
1.0,33,7.143009
1.0,14,7.145345
1.0,31,7.150509
1.0,29,7.155369
1.0,30,7.160382
1.0,18,7.163392
1.0,26,7.167752
1.0,26,7.172059
0.0,16,7.174716
1.0,14,7.177063
1.0,26,7.181419
1.0,29,7.18629
1.0,30,7.191522
1.0,16,7.194213
1.0,27,7.198669
1.0,25,7.20286
0.0,24,7.206878
1.0,14,7.209221
1.0,41,7.216045
1.0,27,7.22057
1.0,37,7.22675
1.0,14,7.229098
1.0,26,7.23341
0.0,8,7.234761
1.0,40,7.241394
1.0,16,7.244064
1.0,29,7.248859
1.0,31,7.253986
1.0,32,7.259307
1.0,16,7.261974
0.0,4,7.262654
1.0,25,7.266819
1.0,38,7.273131
1.0,17,7.275961
0.0,12,7.277988
1.0,25,7.282155
0.0,6,7.28318
1.0,19,7.286304
0.0,7,7.287487
1.0,27,7.291986
1.0,34,7.297602
1.0,15,7.300098
0.0,14,7.302431
1.0,25,7.3066
1.0,56,7.315924
1.0,14,7.318272
1.0,27,7.322784
1.0,27,7.32724
0.0,6,7.328252
1.0,15,7.330754
1.0,32,7.336058
1.0,23,7.33988
1.0,39,7.346422
1.0,19,7.349604
0.0,21,7.353086
1.0,27,7.357576
1.0,35,7.363457
1.0,14,7.365798
0.0,6,7.366799
1.0,35,7.372586
1.0,34,7.378283
0.0,12,7.380304
0.0,16,7.38301
1.0,25,7.387165
0.0,29,7.392044
0.0,22,7.395745
1.0,27,7.400253
1.0,33,7.405708
1.0,40,7.412433
1.0,18,7.415437
1.0,51,7.423895
1.0,27,7.428399
1.0,33,7.433978
0.0,9,7.435494
1.0,23,7.439299
1.0,21,7.442758
0.0,27,7.447274
1.0,16,7.449951
0.0,6,7.450957
1.0,36,7.456829
1.0,29,7.461679
1.0,15,7.464187
1.0,23,7.46799
1.0,30,7.472925
1.0,40,7.47963
1.0,17,7.482409
1.0,28,7.487037
1.0,34,7.492619
1.0,31,7.497823
1.0,16,7.500493
1.0,29,7.505292
1.0,24,7.509233
1.0,26,7.513617
1.0,21,7.517108
0.0,4,7.517788
1.0,33,7.523234
0.0,15,7.525742
1.0,15,7.528592
0.0,23,7.533034
1.0,28,7.538121
1.0,30,7.543586
1.0,18,7.546555
0.0,1,7.546736
0.0,16,7.549403
1.0,33,7.555038
1.0,16,7.557739
1.0,32,7.563072
1.0,23,7.566896
1.0,32,7.57225
1.0,14,7.574578
0.0,35,7.580414
1.0,26,7.584728
1.0,32,7.590079
1.0,14,7.592421
1.0,27,7.596867
1.0,25,7.601007
0.0,8,7.602326
1.0,16,7.604988
1.0,27,7.609527
1.0,25,7.613625
1.0,27,7.618131
1.0,18,7.621078
1.0,23,7.624913
1.0,23,7.62876
1.0,32,7.634131
1.0,14,7.636465
1.0,23,7.640296
1.0,24,7.644268
1.0,25,7.648504
1.0,14,7.65079
1.0,27,7.655288
1.0,25,7.659379
1.0,33,7.664908
1.0,21,7.668388
1.0,26,7.672735
0.0,17,7.67556
1.0,34,7.681219
1.0,14,7.683554
1.0,41,7.690319
0.0,16,7.692989
1.0,27,7.69753
1.0,16,7.700189
0.0,8,7.701541
1.0,27,7.706013
1.0,29,7.710897
1.0,14,7.713257
0.0,6,7.714288
1.0,25,7.718467
0.0,14,7.720832
0.0,6,7.721861
1.0,25,7.726051
1.0,30,7.73109
0.0,4,7.731789
1.0,18,7.734803
0.0,23,7.738668
1.0,30,7.743613
1.0,27,7.748137
0.0,14,7.750481
1.0,35,7.756268
0.0,4,7.75693
1.0,31,7.762092
1.0,16,7.76474
0.0,4,7.765411
0.0,18,7.768407
1.0,29,7.773259
1.0,18,7.776261
1.0,23,7.780078
1.0,36,7.786042
1.0,27,7.790548
1.0,21,7.794024
1.0,28,7.798616
1.0,27,7.803102
1.0,31,7.808259
1.0,14,7.812033
1.0,27,7.817185
1.0,26,7.82199
0.0,20,7.825267
1.0,14,7.827604
1.0,24,7.83161
0.0,6,7.832614
1.0,25,7.836832
0.0,9,7.838359
1.0,23,7.842173
1.0,25,7.846314
1.0,28,7.850996
1.0,14,7.853341
1.0,29,7.858132
1.0,31,7.86325
1.0,34,7.868941
1.0,14,7.871279
1.0,16,7.873975
0.0,12,7.875999
0.0,16,7.878667
1.0,19,7.88183
0.0,24,7.885796
1.0,45,7.893108
0.0,16,7.895762
1.0,14,7.898116
1.0,23,7.901931
1.0,24,7.905908
0.0,28,7.910576
1.0,16,7.91322
0.0,12,7.91524
1.0,23,7.91907
1.0,35,7.924862
1.0,16,7.927535
1.0,25,7.931659
1.0,23,7.935472
1.0,28,7.940164
1.0,18,7.94315
1.0,26,7.947459
1.0,25,7.951619
0.0,30,7.956601
1.0,14,7.958936
0.0,14,7.961248
0.0,4,7.961917
0.0,25,7.966081
1.0,16,7.968751
1.0,26,7.973107
1.0,23,7.976913
1.0,32,7.982214
1.0,16,7.984827
1.0,34,7.990372
1.0,26,7.994682
0.0,21,7.998178
1.0,15,8.000631
1.0,25,8.004746
1.0,15,8.007192
0.0,4,8.007869
1.0,14,8.010199
1.0,35,8.015918
1.0,29,8.020694
1.0,31,8.025848
1.0,16,8.028477
0.0,17,8.031322
1.0,24,8.035304
0.0,31,8.040471
1.0,14,8.042807
1.0,25,8.046948
1.0,27,8.051446
1.0,33,8.05692
1.0,14,8.059246
1.0,27,8.063722
0.0,6,8.064729
1.0,45,8.072212
1.0,16,8.074866
0.0,21,8.07835
1.0,29,8.083177
0.0,6,8.084172
1.0,14,8.086514
0.0,54,8.095356
1.0,25,8.099529
1.0,35,8.105346
1.0,20,8.108663
1.0,23,8.112444
1.0,29,8.11726
0.0,21,8.120793
1.0,14,8.123809
0.0,21,8.128499
1.0,27,8.133018
1.0,37,8.13925
0.0,1,8.139433
1.0,23,8.143262
1.0,25,8.147441
1.0,38,8.153796
1.0,17,8.156637
1.0,23,8.160501
0.0,10,8.162193
1.0,33,8.167732
1.0,14,8.170085
1.0,31,8.175262
1.0,28,8.179901
0.0,26,8.184214
1.0,18,8.187213
1.0,28,8.192132
1.0,26,8.19644
1.0,48,8.204257
1.0,14,8.206617
1.0,29,8.211424
0.0,2,8.211762
1.0,33,8.217363
1.0,17,8.220202
1.0,24,8.224223
0.0,16,8.226918
1.0,36,8.233025
1.0,14,8.235374
1.0,48,8.243295
1.0,27,8.247761
1.0,29,8.25265
1.0,17,8.255475
1.0,27,8.259963
0.0,24,8.263967
1.0,33,8.269505
1.0,14,8.271836
1.0,30,8.276756
1.0,27,8.281216
1.0,30,8.286319
1.0,16,8.289006
0.0,6,8.290028
1.0,38,8.296324
0.0,16,8.29903
1.0,14,8.301383
0.0,6,8.302398
1.0,27,8.306867
1.0,34,8.312602
1.0,14,8.314946
0.0,16,8.317622
0.0,16,8.320281
1.0,33,8.325849
1.0,15,8.328348
1.0,26,8.332714
1.0,27,8.337194
0.0,12,8.339223
1.0,14,8.341576
1.0,27,8.346094
1.0,34,8.351758
0.0,19,8.354947
1.0,15,8.357453
1.0,25,8.361724
1.0,24,8.365752
1.0,33,8.371182
1.0,18,8.374183
1.0,25,8.378371
1.0,34,8.384045
1.0,33,8.389582
1.0,15,8.392081
1.0,27,8.39659
0.0,9,8.398148
0.0,8,8.399503
1.0,14,8.401844
1.0,23,8.405708
1.0,25,8.409896
1.0,38,8.416085
1.0,14,8.418428
1.0,23,8.422283
1.0,42,8.429203
1.0,31,8.434428
1.0,16,8.437087
1.0,25,8.441308
1.0,43,8.448455
1.0,31,8.453693
1.0,16,8.456364
0.0,12,8.458398
1.0,33,8.463901
0.0,10,8.465586
0.0,12,8.467627
1.0,23,8.471484
1.0,36,8.477477
0.0,6,8.478492
1.0,49,8.486642
1.0,23,8.4905
1.0,36,8.496453
1.0,31,8.501676
1.0,23,8.505489
1.0,31,8.510644
1.0,22,8.51427
1.0,32,8.519641
1.0,26,8.523973
0.0,12,8.526006
1.0,34,8.53167
1.0,41,8.538336
1.0,15,8.540832
0.0,4,8.54151
1.0,34,8.547151
1.0,39,8.55367
1.0,21,8.557167
1.0,23,8.560987
1.0,36,8.566972
0.0,25,8.571129
1.0,14,8.573475
1.0,25,8.577636
0.0,16,8.580344
0.0,14,8.582709
1.0,16,8.585379
1.0,25,8.589531
0.0,6,8.590546
1.0,29,8.595386
1.0,16,8.598042
1.0,23,8.601861
1.0,27,8.606354
0.0,16,8.609023
1.0,14,8.611376
1.0,23,8.615199
0.0,14,8.61754
1.0,29,8.622396
1.0,11,8.624228
1.0,27,8.628732
1.0,32,8.634022
1.0,35,8.639865
1.0,17,8.642679
1.0,23,8.646527
1.0,24,8.65048
1.0,30,8.655509
1.0,15,8.658038
1.0,23,8.661896
1.0,17,8.664695
0.0,24,8.66872
1.0,16,8.671372
0.0,8,8.672722
1.0,69,8.684172
1.0,45,8.691695
1.0,18,8.694667
1.0,37,8.700777
1.0,39,8.707263
1.0,40,8.713972
1.0,14,8.71631
1.0,42,8.723294
1.0,32,8.728649
1.0,42,8.735662
1.0,16,8.738348
1.0,37,8.744529
0.0,17,8.747368
0.0,8,8.748725
1.0,16,8.751369
1.0,27,8.755883
0.0,6,8.756896
1.0,16,8.759608
1.0,20,8.762892
1.0,39,8.769422
1.0,31,8.774569
0.0,20,8.7779
1.0,15,8.780383
1.0,23,8.784234
1.0,24,8.788219
0.0,23,8.792058
1.0,15,8.794559
1.0,25,8.798728
1.0,23,8.802569
1.0,35,8.808424
1.0,14,8.810775
1.0,25,8.814977
1.0,24,8.818985
1.0,41,8.82585
1.0,17,8.828673
1.0,27,8.833126
1.0,29,8.83795
0.0,30,8.842985
1.0,18,8.845991
1.0,32,8.851298
1.0,28,8.855899
1.0,34,8.861596
1.0,16,8.864268
1.0,25,8.868388
1.0,24,8.872356
0.0,8,8.873699
1.0,17,8.876533
1.0,23,8.880358
1.0,23,8.884189
1.0,30,8.889222
1.0,16,8.891884
0.0,8,8.893237
0.0,2,8.893571
0.0,18,8.896607
1.0,12,8.898603
1.0,27,8.903045
1.0,32,8.908375
0.0,39,8.914898
1.0,14,8.917212
1.0,34,8.922876
1.0,32,8.928227
0.0,24,8.9321
1.0,13,8.934271
0.0,23,8.938079
0.0,11,8.93992
1.0,31,8.94517
1.0,11,8.94701
1.0,25,8.95121
0.0,9,8.952733
0.0,24,8.956788
1.0,12,8.958732
1.0,24,8.96271
0.0,12,8.964719
1.0,32,8.970063
1.0,17,8.972898
1.0,23,8.976703
1.0,52,8.984996
1.0,27,8.989596
0.0,9,8.991126
0.0,23,8.994952
0.0,51,9.003543
1.0,42,9.010453
1.0,14,9.012769
1.0,23,9.016633
1.0,30,9.021631
1.0,29,9.026444
1.0,20,9.029738
1.0,25,9.033933
0.0,26,9.038283
0.0,23,9.042097
1.0,26,9.046418
1.0,30,9.051425
1.0,32,9.056798
1.0,31,9.062001
0.0,6,9.062973
1.0,26,9.067322
1.0,30,9.072325
1.0,29,9.077169
1.0,18,9.080129
0.0,21,9.083667
1.0,32,9.088996
0.0,52,9.09768
1.0,13,9.099858
1.0,24,9.103872
1.0,38,9.110209
0.0,13,9.112398
1.0,22,9.116094
1.0,27,9.120634
0.0,14,9.122985
1.0,35,9.128904
1.0,15,9.131429
1.0,26,9.135808
1.0,39,9.142295
1.0,31,9.147566
1.0,16,9.150258
1.0,25,9.154465
1.0,32,9.159782
0.0,14,9.162131
1.0,12,9.164138
1.0,25,9.168336
1.0,32,9.173697
1.0,32,9.179098
1.0,12,9.181113
1.0,26,9.185455
0.0,26,9.189798
1.0,31,9.195214
0.0,9,9.196774
0.0,10,9.198449
1.0,42,9.205459
0.0,20,9.208875
1.0,17,9.211676
1.0,30,9.216654
1.0,17,9.219439
1.0,32,9.224839
1.0,13,9.22702
0.0,7,9.228216
0.0,6,9.229235
1.0,31,9.234473
1.0,12,9.236438
1.0,23,9.240268
0.0,19,9.243476
1.0,35,9.249401
1.0,20,9.252742
1.0,27,9.257194
1.0,31,9.262405
1.0,41,9.269317
1.0,14,9.271671
1.0,31,9.276831
1.0,35,9.282688
0.0,25,9.286864
1.0,16,9.289551
1.0,29,9.294412
1.0,31,9.2995
1.0,31,9.304699
1.0,16,9.30737
1.0,26,9.311748
1.0,34,9.317437
1.0,29,9.322359
1.0,18,9.325361
0.0,24,9.329326
0.0,18,9.332354
0.0,27,9.336874
1.0,17,9.339709
1.0,23,9.343519
1.0,32,9.34882
1.0,31,9.353988
1.0,14,9.356326
1.0,27,9.360827
1.0,30,9.365802
1.0,33,9.371264
1.0,14,9.373588
1.0,29,9.378417
1.0,34,9.384076
1.0,42,9.391028
1.0,15,9.393519
1.0,28,9.398176
0.0,21,9.401702
1.0,29,9.40654
1.0,18,9.409507
0.0,18,9.412518
1.0,30,9.417514
1.0,29,9.422351
1.0,4,9.423005
1.0,23,9.426827
1.0,36,9.432793
1.0,48,9.44077
1.0,15,9.443256
0.0,19,9.44646
1.0,30,9.451442
1.0,32,9.456821
0.0,8,9.458169
1.0,27,9.462658
1.0,41,9.469462
0.0,21,9.473003
1.0,18,9.476005
1.0,25,9.480181
1.0,33,9.485651
0.0,23,9.489497
1.0,17,9.492314
0.0,11,9.494144
1.0,33,9.49961
0.0,14,9.501965
1.0,17,9.504784
1.0,24,9.508785
0.0,4,9.509442
1.0,29,9.514352
1.0,16,9.51695
1.0,23,9.520744
1.0,33,9.526218
0.0,14,9.528572
0.0,2,9.528902
0.0,9,9.530426
1.0,30,9.535428
1.0,33,9.540955
1.0,14,9.543284
1.0,25,9.547426
1.0,33,9.552897
1.0,31,9.558085
1.0,16,9.560741
1.0,27,9.565237
1.0,37,9.57138
1.0,30,9.576433
1.0,14,9.578761
0.0,18,9.581781
1.0,32,9.587114
1.0,32,9.592486
1.0,15,9.594937
1.0,27,9.599442
1.0,37,9.6056
1.0,35,9.611454
1.0,14,9.613775
1.0,23,9.617637
1.0,33,9.623118
1.0,36,9.629141
1.0,15,9.631632
0.0,18,9.63465
0.0,17,9.637503
1.0,31,9.642661
1.0,14,9.644987
0.0,22,9.648623
1.0,37,9.654715
1.0,28,9.659389
1.0,19,9.662535
1.0,25,9.666624
0.0,8,9.66796
1.0,46,9.675598
1.0,16,9.678256
1.0,23,9.682057
1.0,31,9.687193
1.0,34,9.692829
0.0,4,9.693505
1.0,24,9.69751
0.0,30,9.702505
1.0,14,9.704872
0.0,8,9.706223
1.0,24,9.710222
1.0,14,9.712526
0.0,12,9.714558
0.0,68,9.725965
1.0,28,9.730587
1.0,99,9.746987
1.0,27,9.751561
1.0,99,9.768174
0.0,14,9.770526
0.0,4,9.771194
0.0,109,9.78942
1.0,14,9.79175
1.0,23,9.795617
1.0,38,9.80199
0.0,191,9.833864
1.0,117,9.853331
0.0,26,9.857651
0.0,96,9.873754
0.0,210,9.908971
1.0,13,9.91112
1.0,81,9.924671
1.0,143,9.948591
0.0,219,9.985307
1.0,13,9.987513
1.0,82,10.001225
1.0,43,10.008419
1.0,31,10.01362
1.0,14,10.015956
0.0,35,10.021812
0.0,16,10.024487
0.0,20,10.027911
1.0,12,10.029918
1.0,64,10.040719
1.0,30,10.04572
1.0,25,10.049966
1.0,12,10.051965
1.0,26,10.056341
1.0,30,10.061394
1.0,25,10.065649
0.0,9,10.067179
0.0,20,10.070532
1.0,31,10.075714
1.0,25,10.079961
1.0,32,10.085329
1.0,68,10.096801
1.0,23,10.100615
0.0,24,10.104607
1.0,41,10.111529
1.0,48,10.119578
0.0,8,10.120913
1.0,27,10.125478
1.0,4,10.126134
1.0,23,10.129981
1.0,30,10.135029
0.0,8,10.136385
0.0,2,10.136734
0.0,2,10.137081
1.0,39,10.143586
1.0,36,10.149604
0.0,2,10.149947
0.0,27,10.154513
0.0,27,10.159027
1.0,34,10.164793
0.0,23,10.16869
0.0,8,10.170044
0.0,17,10.172922
0.0,25,10.177123
1.0,41,10.183999
1.0,23,10.187849
1.0,30,10.192876
0.0,4,10.193555
1.0,47,10.201715
1.0,25,10.2059
1.0,28,10.210581
1.0,29,10.215509
1.0,18,10.218545
1.0,26,10.222903
0.0,9,10.224433
0.0,15,10.22697
1.0,20,10.230343
1.0,29,10.235208
1.0,38,10.241574
0.0,2,10.241909
1.0,14,10.244265
1.0,24,10.248316
1.0,35,10.254205
0.0,16,10.256909
1.0,18,10.259917
1.0,27,10.264487
1.0,33,10.270066
1.0,31,10.27532
1.0,15,10.27783
1.0,27,10.282334
1.0,32,10.287686
1.0,38,10.29409
1.0,20,10.297448
1.0,24,10.301467
1.0,35,10.307339
1.0,35,10.313256
1.0,22,10.316949
1.0,24,10.32098
1.0,33,10.326531
1.0,29,10.331464
0.0,9,10.332985
1.0,26,10.337346
0.0,4,10.338005
1.0,29,10.342915
1.0,21,10.346389
1.0,25,10.350605
1.0,26,10.354922
1.0,40,10.36164
1.0,14,10.363965
0.0,6,10.364992
1.0,27,10.369499
1.0,34,10.375216
1.0,15,10.377718
0.0,7,10.378905
1.0,57,10.388215
1.0,31,10.39342
1.0,11,10.395266
0.0,25,10.399469
1.0,40,10.406142
1.0,36,10.412183
1.0,20,10.415529
0.0,24,10.419552
0.0,20,10.422927
1.0,32,10.428282
1.0,11,10.430122
0.0,18,10.433187
0.0,13,10.435378
1.0,30,10.440426
1.0,11,10.442251
1.0,20,10.445587
0.0,21,10.449099
1.0,34,10.45481
1.0,13,10.456974
1.0,27,10.461473
0.0,5,10.462321
1.0,32,10.4677
1.0,12,10.469702
1.0,33,10.475146
1.0,39,10.481634
1.0,31,10.48687
1.0,12,10.488864
0.0,9,10.490386
1.0,35,10.496198
1.0,32,10.501569
1.0,13,10.503732
1.0,30,10.508724
1.0,32,10.514061
1.0,30,10.519112
1.0,11,10.520931
1.0,27,10.525428
1.0,33,10.530953
1.0,37,10.537162
1.0,14,10.539448
1.0,26,10.543774
0.0,18,10.546802
1.0,27,10.551329
1.0,12,10.553332
0.0,4,10.554006
0.0,26,10.558355
1.0,26,10.562722
0.0,4,10.563402
0.0,18,10.566373
1.0,41,10.57319
1.0,29,10.578083
1.0,11,10.579924
1.0,27,10.584386
0.0,13,10.586572
1.0,31,10.591799
1.0,15,10.594295
1.0,31,10.599474
1.0,35,10.605304
1.0,26,10.609704
1.0,14,10.612039
1.0,16,10.614714
1.0,31,10.61989
0.0,23,10.623753
1.0,14,10.626092
1.0,20,10.629317
1.0,38,10.635618
1.0,27,10.640171
0.0,4,10.640851
0.0,25,10.644781
0.0,28,10.649448
1.0,33,10.65491
1.0,13,10.657089
1.0,12,10.659081
1.0,39,10.665524
1.0,29,10.670389
1.0,13,10.672509
1.0,14,10.674838
0.0,9,10.676348
1.0,27,10.680901
1.0,13,10.68301
1.0,40,10.689603
0.0,28,10.69409
1.0,38,10.700426
1.0,13,10.702594
1.0,32,10.707804
1.0,41,10.71464
1.0,27,10.719213
1.0,11,10.721075
0.0,23,10.724852
1.0,40,10.731501
1.0,30,10.736528
1.0,11,10.738369
1.0,32,10.743641
1.0,34,10.749313
1.0,26,10.753719
1.0,15,10.756211
0.0,4,10.75688
0.0,53,10.765551
0.0,12,10.767578
1.0,13,10.769744
1.0,34,10.775321
1.0,32,10.780653
1.0,27,10.785225
1.0,14,10.787527
1.0,29,10.792365
1.0,44,10.799695
1.0,29,10.804591
1.0,11,10.806433
0.0,13,10.808607
1.0,38,10.814927
1.0,30,10.819997
1.0,12,10.82199
1.0,33,10.827491
1.0,18,10.830459
1.0,35,10.836309
1.0,14,10.83863
1.0,33,10.844125
0.0,14,10.846495
1.0,25,10.850679
1.0,11,10.852517
1.0,27,10.857052
1.0,46,10.864686
1.0,26,10.869012
1.0,12,10.871001
1.0,31,10.876179
0.0,33,10.881713
1.0,26,10.886044
1.0,11,10.887878
0.0,10,10.889563
1.0,37,10.895727
0.0,12,10.897763
0.0,68,10.909101
0.0,4,10.909776
1.0,37,10.915983
1.0,25,10.920238
1.0,11,10.922076
0.0,35,10.92792
1.0,48,10.935911
0.0,14,10.9383
1.0,11,10.940132
1.0,33,10.945648
1.0,33,10.951073
1.0,31,10.95631
1.0,12,10.958292
1.0,29,10.963155
1.0,47,10.970956
1.0,32,10.976309
1.0,20,10.97965
0.0,16,10.982335
1.0,52,10.991011
0.0,22,10.994741
1.0,13,10.99688
1.0,31,11.002028
1.0,39,11.008487
0.0,8,11.009839
1.0,13,11.012005
0.0,12,11.014047
0.0,22,11.017741
1.0,28,11.022455
1.0,13,11.024624
1.0,29,11.029495
1.0,37,11.035716
1.0,35,11.041572
1.0,60,11.05151
1.0,27,11.056048
0.0,41,11.06294
0.0,6,11.063959
1.0,13,11.066123
1.0,35,11.071999
0.0,44,11.079385
1.0,33,11.084932
1.0,12,11.086895
0.0,2,11.087242
0.0,23,11.090833
0.0,11,11.092704
1.0,12,11.094714
0.0,2,11.095061
1.0,86,11.108779
1.0,47,11.116785
1.0,11,11.118624
1.0,49,11.12665
0.0,6,11.12768
1.0,41,11.134591
1.0,11,11.136444
0.0,12,11.138466
0.0,36,11.144277
0.0,8,11.145622
1.0,12,11.147629
1.0,48,11.155548
1.0,48,11.163568
1.0,38,11.170004
1.0,11,11.171849
1.0,51,11.180392
1.0,44,11.187751
0.0,27,11.192322
1.0,14,11.194663
0.0,17,11.197545
1.0,38,11.204194
1.0,41,11.211079
1.0,16,11.21377
1.0,60,11.223784
1.0,38,11.230095
1.0,33,11.235676
1.0,13,11.237813
1.0,29,11.242649
0.0,17,11.245519
0.0,7,11.246704
1.0,11,11.248534
1.0,27,11.253082
0.0,14,11.255464
1.0,34,11.261169
1.0,18,11.264154
0.0,22,11.267854
1.0,38,11.274182
1.0,33,11.279772
1.0,11,11.281608
1.0,25,11.285748
1.0,44,11.293076
1.0,40,11.299767
1.0,11,11.301614
1.0,30,11.306618
0.0,40,11.313297
1.0,36,11.319322
1.0,12,11.321279
1.0,38,11.327636
1.0,26,11.331949
1.0,57,11.341526
1.0,11,11.343375
0.0,19,11.346591
0.0,195,11.378981
1.0,33,11.384583
1.0,17,11.387417
0.0,13,11.389583
1.0,53,11.398498
1.0,33,11.404018
1.0,13,11.406194
1.0,28,11.4109
1.0,83,11.424711
1.0,38,11.431088
1.0,11,11.432939
1.0,27,11.437469
1.0,184,11.468001
1.0,36,11.474009
1.0,15,11.476469
0.0,4,11.477153
1.0,83,11.490964
1.0,33,11.496496
0.0,6,11.497514
1.0,33,11.502834
1.0,34,11.508485
1.0,32,11.513896
1.0,13,11.516079
1.0,16,11.518757
1.0,31,11.523893
1.0,34,11.529657
1.0,11,11.531496
1.0,23,11.535328
1.0,37,11.541507
1.0,31,11.546757
1.0,13,11.548951
1.0,26,11.553278
1.0,38,11.559621
1.0,31,11.564886
1.0,13,11.567063
1.0,23,11.570907
0.0,32,11.576292
0.0,24,11.580255
1.0,11,11.582091
1.0,25,11.586279
0.0,46,11.594053
1.0,34,11.599752
0.0,2,11.600094
1.0,23,11.603922
1.0,68,11.615202
1.0,31,11.620422
1.0,14,11.62272
0.0,21,11.626247
1.0,28,11.630877
1.0,42,11.637956
1.0,12,11.639927
0.0,6,11.64094
0.0,6,11.641953
0.0,22,11.645591
1.0,13,11.647766
1.0,30,11.652771
1.0,115,11.671878
1.0,31,11.677139
1.0,13,11.679314
1.0,30,11.684308
1.0,41,11.691183
1.0,33,11.696753
1.0,11,11.698594
0.0,12,11.700665
1.0,97,11.716931
1.0,47,11.72485
1.0,13,11.727006
0.0,6,11.728012
0.0,6,11.729016
0.0,29,11.733843
1.0,11,11.735684
1.0,25,11.739839
0.0,18,11.742866
1.0,34,11.748548
1.0,11,11.750389
1.0,29,11.755237
0.0,58,11.764938
1.0,27,11.769524
1.0,15,11.772014
0.0,8,11.773356
1.0,35,11.779206
1.0,28,11.783932
1.0,13,11.786101
1.0,25,11.790285
0.0,1,11.790466
0.0,33,11.79601
1.0,15,11.798516
0.0,10,11.800191
1.0,38,11.806535
1.0,36,11.812611
1.0,14,11.81495
1.0,26,11.819331
0.0,18,11.822361
1.0,38,11.828728
1.0,13,11.830898
1.0,28,11.835585
1.0,32,11.84091
1.0,41,11.847772
1.0,13,11.849939
1.0,30,11.854954
1.0,32,11.860301
1.0,32,11.865706
1.0,11,11.867534
1.0,27,11.872045
1.0,40,11.878704
1.0,31,11.883894
1.0,11,11.885734
1.0,25,11.889914
1.0,36,11.895921
0.0,18,11.898956
1.0,12,11.90096
1.0,27,11.905477
1.0,32,11.910825
0.0,8,11.912168
1.0,16,11.914775
1.0,28,11.919383
0.0,26,11.923697
1.0,29,11.928584
1.0,11,11.930431
1.0,27,11.934964
0.0,10,11.936642
1.0,38,11.943016
1.0,15,11.945524
1.0,30,11.950493
1.0,50,11.95873
1.0,31,11.963974
0.0,6,11.964994
1.0,29,11.969831
1.0,33,11.975326
1.0,30,11.980376
0.0,21,11.983873
1.0,27,11.988382
1.0,30,11.993371
1.0,29,11.998239
1.0,13,12.000404
1.0,23,12.00425
0.0,14,12.006594
1.0,27,12.011174
1.0,12,12.013164
0.0,19,12.016363
0.0,29,12.021203
1.0,34,12.026878
1.0,11,12.028703
1.0,23,12.03256
1.0,32,12.037885
1.0,32,12.043265
0.0,6,12.044271
1.0,25,12.048448
0.0,9,12.049968
1.0,29,12.054832
1.0,11,12.05668
1.0,25,12.060874
1.0,32,12.066215
0.0,8,12.067524
1.0,13,12.069674
1.0,25,12.073845
1.0,36,12.079794
0.0,6,12.080803
1.0,12,12.082798
1.0,28,12.087445
0.0,28,12.092107
1.0,30,12.097172
1.0,12,12.099131
1.0,24,12.10312
1.0,32,12.108422
1.0,33,12.113951
1.0,11,12.115793
1.0,25,12.119963
1.0,31,12.125108
1.0,35,12.130926
1.0,11,12.132772
1.0,26,12.137116
0.0,16,12.139808
1.0,29,12.144671
1.0,11,12.146492
1.0,23,12.150334
0.0,29,12.155156
1.0,29,12.16004
0.0,7,12.161222
1.0,24,12.165234
1.0,34,12.17084
0.0,21,12.174372
1.0,12,12.176361
1.0,27,12.180835
1.0,32,12.186104
1.0,51,12.194613
1.0,13,12.196787
1.0,25,12.200965
1.0,34,12.206861
1.0,27,12.211419
0.0,9,12.212938
1.0,28,12.21763
1.0,31,12.222775
1.0,29,12.227642
1.0,11,12.229474
0.0,25,12.233267
1.0,34,12.238867
0.0,12,12.24087
1.0,12,12.242832
1.0,24,12.246854
0.0,31,12.251975
1.0,27,12.256522
1.0,13,12.25869
1.0,25,12.262852
1.0,36,12.26882
0.0,11,12.270671
1.0,12,12.272666
1.0,27,12.277176
1.0,40,12.283808
1.0,30,12.288856
1.0,12,12.290812
1.0,52,12.299166
1.0,36,12.30515
1.0,36,12.311167
1.0,11,12.313007
1.0,34,12.318638
1.0,38,12.324949
1.0,32,12.33034
1.0,11,12.332168
0.0,27,12.336608
0.0,6,12.337623
0.0,4,12.338318
1.0,11,12.340143
1.0,30,12.345123
0.0,19,12.348333
1.0,31,12.353584
0.0,9,12.355108
0.0,21,12.358661
1.0,33,12.364137
1.0,31,12.369387
1.0,15,12.371871
1.0,25,12.376066
0.0,20,12.37934
1.0,32,12.384715
1.0,13,12.386872
1.0,23,12.390722
1.0,33,12.396136
1.0,29,12.401024
0.0,9,12.402549
0.0,16,12.405265
0.0,59,12.415161
0.0,6,12.416181
1.0,26,12.420525
1.0,26,12.424904
1.0,39,12.431423
0.0,29,12.436252
0.0,8,12.437611
1.0,25,12.441783
1.0,50,12.450025
1.0,33,12.455598
1.0,13,12.457778
1.0,25,12.461952
0.0,5,12.462796
1.0,36,12.468822
0.0,2,12.46916
1.0,23,12.473021
1.0,35,12.478856
0.0,10,12.480534
1.0,15,12.483043
1.0,23,12.486913
1.0,37,12.493084
1.0,36,12.499125
1.0,15,12.501585
0.0,14,12.503947
0.0,8,12.505287
0.0,27,12.509847
1.0,17,12.512661
0.0,16,12.515344
1.0,35,12.521129
1.0,34,12.526876
0.0,11,12.52872
1.0,27,12.533192
1.0,36,12.539177
0.0,14,12.541547
1.0,34,12.547156
1.0,26,12.551496
1.0,39,12.557953
0.0,51,12.566537
1.0,13,12.568706
1.0,24,12.57272
0.0,28,12.577396
1.0,46,12.585031
1.0,15,12.58753
1.0,32,12.592821
1.0,31,12.597971
1.0,40,12.604691
1.0,13,12.60687
1.0,23,12.610708
1.0,33,12.616195
1.0,31,12.62141
1.0,14,12.623749
1.0,26,12.628092
1.0,35,12.633877
1.0,49,12.641993
1.0,19,12.645146
1.0,28,12.649801
1.0,41,12.656606
1.0,33,12.662147
1.0,13,12.664319
1.0,28,12.668961
1.0,38,12.675277
0.0,19,12.678481
0.0,18,12.681507
1.0,25,12.685686
0.0,9,12.687205
1.0,32,12.692565
1.0,15,12.695071
1.0,27,12.699573
1.0,40,12.706201
1.0,38,12.712537
1.0,21,12.715981
1.0,26,12.720342
0.0,13,12.722505
1.0,35,12.728351
1.0,13,12.73051
1.0,24,12.734469
0.0,17,12.7373
1.0,29,12.742182
1.0,15,12.74468
1.0,27,12.74922
1.0,34,12.754876
1.0,29,12.759751
1.0,13,12.761914
1.0,29,12.766732
0.0,21,12.770231
1.0,32,12.775617
1.0,18,12.778603
0.0,4,12.779279
1.0,41,12.786099
1.0,30,12.791143
1.0,13,12.793316
1.0,30,12.798337
0.0,18,12.801331
1.0,30,12.806378
0.0,2,12.806716
1.0,27,12.811242
1.0,35,12.817094
0.0,10,12.818767
0.0,7,12.819955
1.0,25,12.824137
1.0,34,12.8298
1.0,28,12.834495
1.0,15,12.836997
0.0,9,12.838524
1.0,37,12.844648
1.0,29,12.849544
1.0,13,12.851717
0.0,9,12.853264
1.0,31,12.858442
1.0,30,12.863494
0.0,9,12.865004
1.0,54,12.873995
0.0,2,12.874336
1.0,25,12.878568
1.0,13,12.880736
1.0,31,12.885896
1.0,37,12.892046
0.0,21,12.895574
1.0,15,12.898076
0.0,17,12.900927
1.0,42,12.907908
1.0,27,12.912425
0.0,2,12.912772
1.0,31,12.917933
1.0,34,12.923573
1.0,28,12.928286
1.0,17,12.931149
1.0,52,12.939888
1.0,32,12.945224
1.0,25,12.94947
1.0,14,12.951778
0.0,38,12.9582
0.0,21,12.961702
0.0,8,12.963035
1.0,13,12.965208
1.0,34,12.970851
1.0,31,12.97604
0.0,9,12.977569
0.0,2,12.97791
1.0,18,12.980864
0.0,27,12.985368
1.0,33,12.990902
1.0,15,12.993404
1.0,35,12.999196
0.0,5,13.000036
1.0,29,13.004921
1.0,14,13.00726
0.0,20,13.010633
1.0,38,13.016917
1.0,40,13.023616
1.0,13,13.025793
1.0,30,13.030827
1.0,37,13.037023
0.0,12,13.03905
1.0,13,13.041222
1.0,38,13.047559
0.0,2,13.047902
1.0,32,13.053311
1.0,15,13.055809
1.0,32,13.061159
0.0,15,13.063645
1.0,38,13.069962
1.0,25,13.074141
1.0,34,13.079826
0.0,18,13.08281
1.0,37,13.089007
1.0,15,13.091465
1.0,27,13.095984
0.0,17,13.098802
1.0,34,13.104432
1.0,13,13.1066
1.0,35,13.112419
0.0,4,13.113095
1.0,27,13.117659
1.0,17,13.120358
1.0,36,13.126313
0.0,47,13.133889
1.0,31,13.139083
1.0,21,13.142561
1.0,41,13.149297
0.0,70,13.160709
1.0,32,13.166107
1.0,13,13.168276
0.0,19,13.171486
0.0,18,13.174367
1.0,36,13.180384
0.0,26,13.184731
1.0,29,13.18959
0.0,32,13.194957
0.0,23,13.198868
1.0,14,13.201211
1.0,28,13.205834
1.0,46,13.213649
1.0,29,13.218562
1.0,15,13.221078
1.0,37,13.227093
1.0,42,13.23411
1.0,25,13.238353
1.0,14,13.240692
1.0,28,13.245351
1.0,42,13.252372
1.0,33,13.257907
1.0,15,13.26041
1.0,29,13.265144
0.0,13,13.26731
1.0,27,13.271868
1.0,13,13.274036
1.0,29,13.27886
1.0,41,13.28567
1.0,48,13.293154
1.0,14,13.295489
1.0,31,13.300594
1.0,43,13.307762
1.0,35,13.31352
1.0,15,13.315991
1.0,34,13.321597
1.0,37,13.327699
0.0,17,13.330576
1.0,13,13.332761
1.0,30,13.337772
1.0,36,13.34381
1.0,27,13.348372
1.0,18,13.351354
1.0,43,13.358584
0.0,2,13.358925
1.0,25,13.363172
1.0,16,13.365816
1.0,27,13.370364
1.0,19,13.37351
0.0,27,13.378065
1.0,13,13.380238
1.0,27,13.384711
0.0,14,13.387067
1.0,29,13.391988
0.0,13,13.394184
1.0,31,13.399332
1.0,37,13.40553
0.0,8,13.406902
1.0,16,13.409571
0.0,28,13.414241
0.0,7,13.415422
0.0,27,13.41995
1.0,17,13.422786
1.0,29,13.42762
1.0,34,13.433288
1.0,39,13.439831
1.0,18,13.442827
1.0,32,13.448139
1.0,38,13.454471
1.0,32,13.459886
1.0,15,13.462408
1.0,29,13.46728
1.0,38,13.473647
1.0,33,13.479181
1.0,14,13.481517
1.0,25,13.485734
1.0,68,13.497112
0.0,48,13.50514
1.0,17,13.507988
0.0,6,13.509017
1.0,43,13.516208
0.0,1,13.516391
1.0,13,13.518574
1.0,29,13.523476
1.0,42,13.530522
1.0,39,13.537012
1.0,13,13.53918
0.0,13,13.541392
1.0,36,13.547413
0.0,19,13.550577
1.0,13,13.552758
1.0,25,13.55692
0.0,29,13.561804
1.0,36,13.567884
1.0,16,13.570582
1.0,27,13.575054
1.0,100,13.591923
1.0,35,13.597821
1.0,13,13.599994
1.0,27,13.604477
0.0,47,13.612378
1.0,29,13.617299
1.0,13,13.619479
1.0,34,13.625051
0.0,19,13.628276
1.0,37,13.634505
1.0,15,13.637007
0.0,12,13.638999
0.0,40,13.645689
1.0,30,13.650729
1.0,13,13.652928
1.0,26,13.657281
0.0,21,13.660807
0.0,33,13.666327
1.0,14,13.668664
0.0,15,13.671171
1.0,53,13.679982
0.0,19,13.683156
1.0,15,13.685666
1.0,28,13.690313
1.0,30,13.6952
0.0,23,13.699044
1.0,18,13.702022
1.0,23,13.70587
0.0,9,13.707399
0.0,16,13.710107
1.0,13,13.712273
1.0,23,13.716107
0.0,16,13.718742
0.0,21,13.722227
1.0,15,13.72472
1.0,26,13.729058
0.0,17,13.731875
1.0,32,13.737234
1.0,13,13.739404
1.0,23,13.743254
0.0,21,13.746609
1.0,33,13.752158
1.0,53,13.760989
1.0,25,13.765164
1.0,38,13.771456
1.0,35,13.777284
1.0,13,13.77945
1.0,31,13.784579
1.0,40,13.791179
1.0,33,13.796696
1.0,14,13.799021
1.0,24,13.803017
1.0,39,13.809499
1.0,38,13.815842
1.0,14,13.818165
1.0,32,13.82346
0.0,10,13.82513
0.0,31,13.830303
0.0,13,13.832492
1.0,33,13.838032
0.0,11,13.839877
1.0,33,13.845397
0.0,42,13.852469
1.0,35,13.858329
1.0,69,13.86986
1.0,30,13.874897
1.0,109,13.893066
1.0,49,13.901424
1.0,46,13.909133
0.0,18,13.912172
1.0,18,13.915187
1.0,56,13.924568
1.0,85,13.938723
1.0,33,13.944242
1.0,12,13.946253
1.0,23,13.950126
1.0,37,13.95626
0.0,24,13.960326
1.0,11,13.962185
1.0,29,13.967006
1.0,59,13.976802
0.0,43,13.983987
1.0,25,13.988181
1.0,25,13.992412
0.0,34,13.99818
0.0,8,13.999529
1.0,16,14.002222
0.0,14,14.004593
0.0,37,14.010811
1.0,60,14.020666
0.0,10,14.022342
0.0,20,14.025702
1.0,35,14.031542
0.0,19,14.034741
1.0,11,14.036587
0.0,4,14.037262
1.0,35,14.043005
1.0,29,14.047821
1.0,14,14.050177
1.0,25,14.054376
0.0,8,14.05571
1.0,31,14.060871
1.0,15,14.063374
1.0,25,14.067575
1.0,38,14.073913
1.0,37,14.080085
0.0,4,14.080765
1.0,25,14.084929
1.0,31,14.090097
1.0,40,14.096609
1.0,14,14.09894
1.0,24,14.102936
1.0,42,14.109825
1.0,28,14.114481
1.0,20,14.117801
1.0,23,14.121672
0.0,30,14.126731
0.0,14,14.129049
1.0,11,14.130889
0.0,14,14.133248
0.0,4,14.133927
1.0,28,14.138614
1.0,16,14.141234
0.0,17,14.144053
1.0,31,14.149221
1.0,29,14.154071
1.0,11,14.155899
1.0,25,14.160061
1.0,29,14.164891
0.0,13,14.167076
1.0,11,14.168924
1.0,25,14.173118
0.0,10,14.1748
0.0,8,14.176146
1.0,11,14.177986
1.0,23,14.181846
1.0,30,14.186858
1.0,26,14.19124
1.0,13,14.193381
1.0,28,14.198069
0.0,6,14.199085
1.0,28,14.203801
1.0,12,14.205752
1.0,29,14.210518
0.0,9,14.212052
1.0,25,14.216456
1.0,27,14.221053
1.0,23,14.22486
1.0,31,14.229975
1.0,28,14.234684
1.0,18,14.237648
1.0,27,14.242112
1.0,29,14.246929
1.0,26,14.251315
1.0,16,14.253922
0.0,6,14.254933
0.0,13,14.257096
1.0,26,14.26148
0.0,7,14.262667
0.0,6,14.263669
1.0,34,14.269343
0.0,1,14.269524
1.0,13,14.271704
1.0,28,14.276386
0.0,9,14.277931
1.0,29,14.282844
0.0,10,14.284533
0.0,16,14.287246
1.0,38,14.293558
1.0,31,14.298768
0.0,6,14.299776
1.0,25,14.303981
1.0,32,14.309352
0.0,23,14.313132
0.0,4,14.31381
0.0,21,14.317349
1.0,37,14.323503
1.0,35,14.329297
1.0,12,14.331292
1.0,25,14.33548
0.0,28,14.340162
1.0,34,14.345841
1.0,11,14.347666
1.0,25,14.351856
0.0,12,14.353882
0.0,10,14.355571
1.0,16,14.358229
1.0,27,14.362681
0.0,14,14.365029
1.0,40,14.371676
1.0,12,14.373665
1.0,25,14.377816
1.0,33,14.38328
1.0,38,14.389639
1.0,13,14.39181
1.0,31,14.396992
0.0,11,14.398849
0.0,10,14.400535
1.0,11,14.402367
1.0,25,14.406555
1.0,35,14.412283
1.0,30,14.417343
0.0,9,14.418862
0.0,6,14.419869
1.0,37,14.425999
1.0,36,14.431991
1.0,15,14.434481
1.0,47,14.44224
0.0,10,14.44392
0.0,6,14.444943
1.0,11,14.446774
1.0,28,14.451388
1.0,38,14.457739
1.0,41,14.46458
1.0,12,14.466589
1.0,25,14.470719
1.0,36,14.476735
1.0,30,14.481773
1.0,11,14.483593
1.0,23,14.487431
1.0,34,14.493091
1.0,33,14.498629
1.0,11,14.500474
1.0,27,14.50493
0.0,18,14.507959
1.0,33,14.513519
1.0,12,14.515519
1.0,23,14.519361
1.0,34,14.525029
1.0,34,14.53076
1.0,11,14.532588
1.0,28,14.537234
1.0,35,14.543052
1.0,39,14.549517
0.0,9,14.551034
1.0,25,14.55523
1.0,27,14.559713
1.0,29,14.564628
1.0,13,14.56679
1.0,30,14.571806
1.0,40,14.578355
0.0,16,14.581044
1.0,11,14.582869
1.0,26,14.587222
1.0,35,14.593078
0.0,6,14.594084
1.0,13,14.596243
1.0,23,14.600043
0.0,35,14.605834
1.0,32,14.611221
1.0,13,14.613389
1.0,30,14.618346
1.0,34,14.623961
1.0,36,14.630019
1.0,14,14.632337
1.0,26,14.63667
1.0,30,14.641693
1.0,31,14.646936
1.0,11,14.64877
1.0,23,14.652589
1.0,34,14.658277
1.0,32,14.663641
1.0,14,14.665939
1.0,24,14.669905
1.0,37,14.676067
1.0,29,14.680964
1.0,11,14.682803
1.0,29,14.687625
1.0,34,14.693267
1.0,42,14.700073
0.0,10,14.701769
1.0,25,14.70593
1.0,35,14.711735
1.0,34,14.717414
0.0,75,14.730048
1.0,26,14.734375
0.0,17,14.737239
1.0,37,14.743394
1.0,46,14.751108
1.0,25,14.75527
1.0,30,14.760295
1.0,31,14.765577
0.0,31,14.770816
1.0,28,14.775472
1.0,37,14.781641
0.0,33,14.787212
0.0,13,14.789405
1.0,29,14.794291
1.0,30,14.799321
1.0,46,14.80674
1.0,30,14.811746
1.0,34,14.81743
1.0,39,14.823883
0.0,24,14.827901
1.0,12,14.829918
1.0,33,14.835412
1.0,48,14.843387
1.0,34,14.84907
1.0,20,14.852416
1.0,27,14.85696
1.0,38,14.86333
1.0,29,14.868236
1.0,14,14.870579
1.0,23,14.874444
1.0,35,14.880314
1.0,29,14.885203
1.0,14,14.887568
1.0,23,14.891431
0.0,20,14.894785
1.0,29,14.899669
1.0,12,14.90168
1.0,26,14.906055
0.0,21,14.909455
1.0,30,14.914537
1.0,14,14.916899
1.0,23,14.920718
0.0,25,14.924868
1.0,28,14.929618
1.0,33,14.935158
1.0,26,14.939445
1.0,32,14.944806
0.0,4,14.945488
1.0,19,14.948718
1.0,29,14.953579
1.0,30,14.958603
0.0,4,14.95928
0.0,16,14.961949
1.0,23,14.965776
1.0,26,14.970093
0.0,25,14.97429
1.0,18,14.977309
0.0,4,14.977968
1.0,33,14.983481
1.0,41,14.99031
1.0,14,14.992638
1.0,26,14.996909
1.0,34,15.002573
1.0,33,15.008147
1.0,16,15.01081
0.0,16,15.013449
1.0,32,15.018784
0.0,23,15.022669
1.0,14,15.024982
1.0,27,15.029397
1.0,37,15.03555
1.0,32,15.040954
1.0,15,15.04345
1.0,32,15.048737
1.0,33,15.054223
1.0,38,15.060595
1.0,12,15.062607
1.0,24,15.066562
1.0,31,15.071705
1.0,30,15.076758
1.0,15,15.079263
0.0,14,15.081635
1.0,37,15.087794
1.0,32,15.093183
1.0,14,15.095538
1.0,29,15.100395
1.0,34,15.106096
1.0,41,15.112941
1.0,16,15.115611
1.0,23,15.119498
1.0,32,15.124826
1.0,34,15.130529
1.0,14,15.132845
1.0,32,15.138187
1.0,30,15.143208
1.0,31,15.148401
1.0,15,15.150898
1.0,24,15.154905
0.0,8,15.156243
1.0,29,15.161078
1.0,17,15.163899
0.0,21,15.167421
1.0,34,15.173086
1.0,29,15.177992
1.0,14,15.180325
1.0,23,15.184195
0.0,8,15.185514
1.0,42,15.192305
1.0,16,15.194956
1.0,27,15.199467
1.0,33,15.204966
0.0,23,15.208736
1.0,17,15.211542
1.0,27,15.216068
0.0,22,15.220071
1.0,31,15.225304
1.0,14,15.227629
0.0,20,15.230954
1.0,37,15.237131
0.0,26,15.24149
1.0,14,15.243836
1.0,29,15.248585
1.0,27,15.253086
1.0,30,15.25815
1.0,20,15.261469
0.0,8,15.262809
1.0,28,15.267494
1.0,34,15.273239
1.0,17,15.276102
0.0,13,15.278283
1.0,27,15.282805
1.0,31,15.288011
0.0,4,15.288689
1.0,32,15.294015
1.0,32,15.299345
1.0,27,15.303867
0.0,6,15.304882
1.0,25,15.30908
1.0,31,15.314211
1.0,27,15.318723
0.0,6,15.319736
1.0,27,15.324242
1.0,26,15.328578
1.0,25,15.332765
1.0,16,15.335383
1.0,23,15.339239
1.0,29,15.344015
1.0,31,15.349212
1.0,14,15.351558
1.0,31,15.356679
0.0,13,15.358872
0.0,22,15.362541
1.0,14,15.36488
0.0,13,15.367069
1.0,28,15.371686
1.0,31,15.376826
1.0,17,15.379661
1.0,30,15.384665
1.0,14,15.386976
1.0,33,15.39245
1.0,14,15.394798
1.0,24,15.398811
0.0,6,15.39982
1.0,25,15.404023
1.0,15,15.406546
1.0,27,15.411014
1.0,27,15.415469
1.0,27,15.419978
0.0,10,15.421689
1.0,36,15.427678
1.0,23,15.431513
0.0,35,15.437368
1.0,20,15.440697
1.0,36,15.446653
1.0,24,15.450656
1.0,44,15.457983
0.0,6,15.459002
1.0,23,15.462821
1.0,25,15.466968
1.0,27,15.471496
1.0,16,15.474176
1.0,28,15.478871
1.0,26,15.48311
1.0,28,15.487834
1.0,22,15.491489
1.0,29,15.496315
1.0,25,15.500471
1.0,33,15.505995
1.0,14,15.508342
0.0,4,15.509026
1.0,23,15.51285
1.0,27,15.517399
1.0,21,15.520905
1.0,26,15.525244
1.0,15,15.52774
1.0,29,15.53265
1.0,16,15.53531
0.0,20,15.538548
1.0,29,15.543335
0.0,20,15.546711
1.0,16,15.549386
0.0,10,15.551061
1.0,32,15.556393
1.0,29,15.561271
1.0,18,15.564281
1.0,29,15.569126
1.0,27,15.573627
0.0,21,15.577201
0.0,4,15.577881
1.0,26,15.582218
1.0,25,15.586369
1.0,32,15.591784
1.0,18,15.594783
1.0,26,15.599064
0.0,8,15.600418
1.0,34,15.606163
1.0,16,15.608846
1.0,23,15.61266
1.0,36,15.618641
1.0,31,15.623837
1.0,17,15.626619
1.0,28,15.63121
1.0,25,15.635354
1.0,30,15.640408
1.0,21,15.643924
1.0,23,15.647768
1.0,37,15.653903
1.0,26,15.658274
1.0,16,15.660932
1.0,25,15.6651
1.0,23,15.668942
0.0,23,15.672788
1.0,16,15.675459
1.0,25,15.679633
1.0,28,15.684239
1.0,33,15.689761
1.0,17,15.692584
1.0,28,15.697261
1.0,27,15.701774
1.0,30,15.706806
1.0,14,15.709151
0.0,10,15.710837
0.0,8,15.712181
1.0,29,15.717036
1.0,14,15.719381
1.0,29,15.724226
1.0,26,15.728589
1.0,27,15.733116
1.0,14,15.735468
1.0,29,15.740305
1.0,33,15.745785
1.0,28,15.750489
1.0,16,15.753141
1.0,31,15.758337
0.0,4,15.759006
0.0,21,15.762506
0.0,4,15.763176
1.0,27,15.767719
1.0,28,15.772383
1.0,31,15.777577
1.0,14,15.779909
0.0,21,15.783462
1.0,37,15.789615
0.0,9,15.791146
1.0,15,15.793634
1.0,27,15.798195
0.0,23,15.802035
1.0,32,15.807375
1.0,16,15.810008
1.0,25,15.814206
1.0,28,15.818895
1.0,33,15.824363
1.0,14,15.826706
0.0,8,15.828059
1.0,32,15.83339
1.0,33,15.838926
1.0,15,15.841389
1.0,33,15.846934
1.0,33,15.852398
1.0,27,15.856973
1.0,17,15.85981
1.0,30,15.864857
0.0,23,15.868706
0.0,17,15.871552
1.0,14,15.873891
0.0,18,15.876943
1.0,26,15.881257
1.0,32,15.88666
1.0,14,15.889004
1.0,33,15.894578
1.0,26,15.898926
1.0,31,15.904147
1.0,16,15.906821
1.0,31,15.912012
1.0,29,15.916834
1.0,30,15.921895
1.0,18,15.924902
0.0,18,15.927888
1.0,34,15.933549
1.0,33,15.939116
1.0,17,15.941931
1.0,29,15.946777
0.0,1,15.946957
0.0,23,15.950873
1.0,18,15.95384
1.0,39,15.960251
1.0,38,15.966678
1.0,27,15.971306
1.0,24,15.975323
1.0,33,15.98089
1.0,35,15.986715
1.0,29,15.991624
1.0,16,15.994314
1.0,17,15.997164
1.0,33,16.002682
1.0,34,16.008406
1.0,17,16.01128
1.0,31,16.016477
1.0,45,16.024022
1.0,29,16.02892
1.0,17,16.031763
1.0,24,16.035768
1.0,38,16.042125
1.0,29,16.047047
1.0,20,16.050336
0.0,42,16.057358
1.0,36,16.063355
1.0,30,16.068384
1.0,14,16.070731
1.0,32,16.076058
1.0,30,16.081095
1.0,35,16.086984
1.0,19,16.090138
0.0,7,16.09133
0.0,8,16.092689
1.0,30,16.097739
1.0,15,16.100263
1.0,27,16.104805
0.0,20,16.108146
1.0,25,16.112354
1.0,14,16.114678
1.0,23,16.118512
1.0,27,16.12297
1.0,26,16.127304
0.0,4,16.127987
1.0,30,16.132931
1.0,23,16.136771
1.0,27,16.141316
1.0,16,16.14399
1.0,36,16.14995
1.0,23,16.153786
1.0,31,16.158994
1.0,15,16.161509
1.0,23,16.165353
1.0,30,16.170294
1.0,27,16.174804
1.0,14,16.177132
1.0,26,16.181444
0.0,19,16.184625
1.0,26,16.188981
1.0,14,16.191331
1.0,27,16.195822
1.0,27,16.200276
1.0,25,16.204482
1.0,16,16.207143
1.0,18,16.210142
0.0,20,16.213522
1.0,25,16.217728
1.0,15,16.2202
1.0,27,16.22493
1.0,27,16.229425
1.0,26,16.2338
1.0,18,16.236732
0.0,10,16.238416
1.0,27,16.2429
1.0,30,16.247886
1.0,16,16.25055
1.0,23,16.254366
1.0,35,16.260166
0.0,6,16.261164
1.0,14,16.2635
0.0,18,16.266526
1.0,23,16.270351
1.0,30,16.275414
1.0,11,16.277249
0.0,8,16.278589
0.0,6,16.279595
1.0,27,16.284131
1.0,18,16.287133
1.0,27,16.291607
1.0,37,16.297745
1.0,34,16.303405
1.0,14,16.305741
1.0,23,16.309552
1.0,30,16.314583
0.0,25,16.318728
1.0,13,16.320861
1.0,26,16.325147
1.0,33,16.330635
1.0,31,16.335775
1.0,14,16.338108
1.0,27,16.342535
1.0,38,16.348865
0.0,27,16.353234
1.0,16,16.355893
1.0,36,16.361782
1.0,81,16.37508
0.0,16,16.377775
1.0,14,16.380106
1.0,32,16.385444
1.0,32,16.390603
1.0,31,16.395721
1.0,18,16.39869
1.0,31,16.403817
1.0,36,16.409862
1.0,35,16.415691
1.0,15,16.418175
1.0,31,16.423229
0.0,4,16.423908
1.0,27,16.428451
1.0,16,16.431125
0.0,18,16.434113
1.0,28,16.43877
1.0,29,16.443626
1.0,16,16.446254
1.0,23,16.450081
1.0,27,16.454564
0.0,1,16.454746
1.0,21,16.45825
1.0,29,16.463052
1.0,27,16.467538
1.0,29,16.472428
1.0,16,16.475066
1.0,23,16.478899
1.0,27,16.483417
1.0,34,16.489109
1.0,14,16.491469
1.0,32,16.496742
0.0,22,16.500396
1.0,35,16.506231
1.0,20,16.509567
1.0,23,16.513359
1.0,27,16.517851
1.0,31,16.523083
1.0,11,16.524927
1.0,27,16.529414
0.0,14,16.531739
1.0,29,16.536685
1.0,16,16.53935
1.0,14,16.541708
0.0,61,16.551996
1.0,29,16.55694
1.0,19,16.560091
0.0,16,16.56276
1.0,43,16.569945
1.0,36,16.575996
0.0,14,16.578364
1.0,37,16.58455
1.0,68,16.595944
1.0,29,16.600889
0.0,4,16.60157
0.0,7,16.602751
1.0,92,16.618265
0.0,3,16.618794
1.0,35,16.624676
1.0,25,16.628909
1.0,99,16.645509
1.0,50,16.653845
1.0,23,16.657698
1.0,29,16.66252
1.0,58,16.672135
0.0,18,16.675204
1.0,40,16.681907
1.0,41,16.688773
1.0,56,16.698128
1.0,27,16.702703
0.0,7,16.703884
0.0,46,16.711631
