#{"t_start": 1715623217.479001, "env_id": "Office-single-v0"}
r,l,t
0.0,40,0.004165
0.0,18,0.005827
0.0,30,0.00841
0.0,19,0.010015
0.0,18,0.011545
0.0,16,0.012901
0.0,137,0.023588
0.0,58,0.028049
0.0,21,0.029609
0.0,2,0.029774
0.0,108,0.037707
0.0,63,0.042312
0.0,23,0.043923
0.0,99,0.051155
0.0,61,0.055731
0.0,46,0.059146
0.0,101,0.066537
0.0,114,0.07491
0.0,123,0.083955
0.0,41,0.086971
0.0,12,0.087868
0.0,56,0.091971
0.0,10,0.092716
0.0,172,0.105188
0.0,105,0.112538
0.0,114,0.120769
0.0,54,0.124692
0.0,142,0.135054
0.0,66,0.139896
0.0,24,0.141666
0.0,111,0.149641
1.0,56,0.153681
0.0,61,0.158124
0.0,86,0.164478
0.0,104,0.172138
0.0,2,0.172299
0.0,41,0.175317
1.0,82,0.181218
0.0,90,0.187832
0.0,8,0.188441
0.0,48,0.19198
0.0,276,0.211999
0.0,20,0.213455
0.0,15,0.214546
0.0,62,0.219087
0.0,22,0.220708
0.0,21,0.222232
1.0,205,0.237248
0.0,15,0.238362
1.0,52,0.242082
0.0,5,0.242469
0.0,67,0.24738
0.0,268,0.266996
0.0,55,0.271017
0.0,469,0.30529
0.0,54,0.309236
0.0,63,0.313808
0.0,119,0.322474
0.0,67,0.327396
0.0,5,0.327787
0.0,179,0.340794
0.0,21,0.34234
0.0,66,0.347194
1.0,232,0.363632
0.0,28,0.365688
0.0,147,0.376728
0.0,185,0.390182
0.0,93,0.396927
0.0,32,0.399189
0.0,31,0.401455
1.0,67,0.406322
0.0,348,0.431594
0.0,21,0.43314
0.0,49,0.436654
0.0,18,0.43798
0.0,9,0.438653
0.0,69,0.44355
0.0,2,0.443711
1.0,190,0.457375
0.0,31,0.459666
0.0,41,0.462658
0.0,13,0.463617
0.0,18,0.464953
0.0,2,0.46511
0.0,50,0.468707
0.0,115,0.477129
0.0,2,0.477295
1.0,212,0.492869
0.0,73,0.498208
0.0,160,0.509928
0.0,12,0.510828
0.0,51,0.514535
1.0,138,0.524614
0.0,20,0.526097
0.0,118,0.534413
0.0,217,0.550169
0.0,72,0.555357
0.0,26,0.557296
1.0,133,0.566787
0.0,24,0.568541
0.0,37,0.571242
1.0,139,0.581406
0.0,170,0.593651
1.0,86,0.599761
0.0,130,0.609245
0.0,337,0.633683
1.0,23,0.635361
1.0,45,0.638559
0.0,90,0.645123
1.0,38,0.647898
1.0,14,0.648904
0.0,10,0.649641
1.0,157,0.661057
0.0,54,0.664994
1.0,118,0.673529
0.0,26,0.675421
0.0,115,0.683497
0.0,45,0.686818
0.0,295,0.708136
0.0,61,0.712592
0.0,19,0.714024
0.0,76,0.719625
0.0,127,0.728854
0.0,25,0.730691
0.0,32,0.741181
0.0,35,0.744471
0.0,55,0.74864
0.0,226,0.765629
0.0,36,0.768297
1.0,190,0.782337
1.0,47,0.785803
0.0,19,0.787218
0.0,67,0.792171
0.0,160,0.803995
0.0,22,0.80562
0.0,21,0.807179
0.0,151,0.818336
1.0,22,0.819951
1.0,118,0.828653
0.0,22,0.83028
0.0,102,0.837825
1.0,58,0.842119
1.0,108,0.850104
0.0,19,0.85154
0.0,90,0.858221
0.0,7,0.85877
0.0,4,0.859089
1.0,117,0.867666
0.0,20,0.869155
0.0,215,0.885051
0.0,6,0.885524
0.0,23,0.887236
0.0,48,0.89083
0.0,64,0.895557
0.0,47,0.899027
1.0,116,0.907514
0.0,51,0.911315
0.0,137,0.921413
0.0,112,0.9297
0.0,19,0.931114
0.0,138,0.941136
0.0,11,0.941986
0.0,85,0.948211
0.0,141,0.958447
0.0,24,0.960195
1.0,83,0.96631
1.0,18,0.967605
0.0,16,0.968805
0.0,122,0.977827
1.0,121,0.986778
0.0,126,0.996142
1.0,94,1.003
0.0,46,1.006392
1.0,157,1.017979
1.0,60,1.022372
1.0,91,1.029087
0.0,33,1.031514
0.0,90,1.038154
0.0,94,1.044889
0.0,26,1.046815
0.0,9,1.047491
0.0,53,1.051406
0.0,7,1.051941
0.0,85,1.058129
0.0,9,1.058813
1.0,16,1.059975
0.0,10,1.060706
0.0,21,1.06227
1.0,85,1.068572
1.0,50,1.072228
0.0,36,1.074912
0.0,35,1.077517
1.0,100,1.084968
0.0,47,1.08844
0.0,12,1.089337
1.0,67,1.094263
1.0,184,1.107859
0.0,2,1.108021
1.0,24,1.109764
1.0,234,1.126446
0.0,6,1.126893
0.0,21,1.12839
1.0,58,1.132589
0.0,10,1.133337
1.0,212,1.148906
1.0,77,1.154483
0.0,61,1.158968
0.0,24,1.16073
0.0,134,1.170516
1.0,77,1.176131
1.0,115,1.184575
0.0,36,1.187213
0.0,4,1.187522
0.0,11,1.188331
0.0,81,1.194232
0.0,31,1.196528
1.0,137,1.20652
1.0,234,1.223754
0.0,29,1.22593
1.0,38,1.228752
0.0,24,1.230524
1.0,86,1.23681
0.0,30,1.239029
1.0,43,1.242204
0.0,28,1.244281
0.0,29,1.246415
0.0,30,1.248646
0.0,52,1.252451
0.0,18,1.253798
0.0,4,1.254119
0.0,14,1.255166
0.0,64,1.259898
0.0,26,1.261834
0.0,100,1.269193
1.0,28,1.271235
1.0,42,1.274339
0.0,8,1.274946
0.0,7,1.275468
0.0,4,1.275789
1.0,38,1.27859
0.0,103,1.286107
0.0,29,1.288232
0.0,29,1.290378
0.0,4,1.290686
0.0,158,1.302217
1.0,63,1.306813
1.0,67,1.311727
1.0,13,1.312669
0.0,13,1.313643
0.0,67,1.318603
0.0,24,1.320385
0.0,13,1.321311
0.0,9,1.321991
0.0,19,1.323392
1.0,60,1.327801
0.0,20,1.329286
0.0,34,1.331817
0.0,7,1.332346
0.0,15,1.333474
0.0,4,1.333772
0.0,81,1.339697
1.0,45,1.343007
0.0,23,1.344733
1.0,47,1.348161
1.0,94,1.355083
1.0,58,1.359343
0.0,11,1.360168
1.0,64,1.364672
1.0,46,1.368016
1.0,21,1.369539
0.0,76,1.375443
0.0,8,1.376042
1.0,101,1.383452
0.0,13,1.384429
0.0,4,1.384743
0.0,4,1.385054
0.0,4,1.385368
1.0,64,1.390018
1.0,59,1.394333
0.0,59,1.398686
0.0,6,1.399147
0.0,13,1.400104
0.0,145,1.410557
0.0,11,1.411415
1.0,19,1.412792
0.0,19,1.414113
0.0,24,1.415887
0.0,37,1.418589
0.0,3,1.418797
1.0,59,1.423081
0.0,48,1.426539
0.0,140,1.436831
0.0,67,1.441738
1.0,48,1.445247
0.0,1,1.445337
0.0,37,1.44806
1.0,20,1.44949
1.0,125,1.458551
1.0,54,1.462467
0.0,73,1.467789
0.0,17,1.469045
0.0,66,1.473908
1.0,43,1.477401
1.0,59,1.48179
1.0,59,1.486149
0.0,36,1.488819
0.0,128,1.498193
0.0,33,1.500667
1.0,69,1.505687
0.0,11,1.506521
1.0,76,1.512039
0.0,63,1.516711
0.0,32,1.519085
0.0,8,1.519688
1.0,59,1.524099
1.0,38,1.52686
0.0,14,1.527913
0.0,8,1.528521
1.0,54,1.532515
1.0,53,1.53642
0.0,12,1.537349
1.0,85,1.543547
0.0,29,1.545713
0.0,12,1.546598
0.0,37,1.549332
1.0,35,1.551883
0.0,1,1.551976
0.0,34,1.554503
0.0,30,1.556716
1.0,31,1.558999
0.0,6,1.559458
1.0,28,1.561509
0.0,36,1.564111
1.0,62,1.568618
0.0,25,1.570466
0.0,24,1.572239
1.0,38,1.575039
0.0,20,1.576509
1.0,31,1.578776
1.0,35,1.581356
0.0,16,1.582559
1.0,36,1.585209
1.0,33,1.587625
1.0,32,1.590034
1.0,34,1.592534
1.0,39,1.59537
0.0,86,1.601634
0.0,11,1.602448
0.0,8,1.603054
0.0,9,1.60373
1.0,30,1.605939
1.0,36,1.608544
1.0,36,1.611214
0.0,21,1.612772
1.0,32,1.615128
1.0,36,1.61775
1.0,36,1.620395
1.0,40,1.623342
0.0,30,1.62557
0.0,28,1.627651
1.0,45,1.63093
1.0,42,1.634021
1.0,36,1.636673
1.0,38,1.639471
0.0,12,1.640366
0.0,14,1.641407
0.0,8,1.642011
1.0,35,1.644588
1.0,37,1.6473
1.0,29,1.649415
1.0,33,1.651753
1.0,32,1.654107
1.0,33,1.656532
1.0,32,1.658888
0.0,12,1.659774
0.0,1,1.659858
1.0,36,1.662485
1.0,29,1.664602
1.0,48,1.668042
1.0,33,1.670456
0.0,19,1.671883
0.0,23,1.673566
1.0,52,1.677369
1.0,35,1.679936
0.0,26,1.681868
1.0,36,1.684512
1.0,32,1.686869
1.0,39,1.689691
0.0,29,1.691821
0.0,28,1.693882
1.0,36,1.696529
1.0,38,1.699298
1.0,35,1.701862
1.0,30,1.704084
0.0,27,1.706064
0.0,24,1.70785
1.0,49,1.711433
1.0,38,1.714203
1.0,34,1.716715
1.0,36,1.719352
1.0,35,1.721923
0.0,17,1.723196
0.0,31,1.725507
0.0,38,1.728301
1.0,39,1.731138
1.0,37,1.733852
1.0,34,1.736345
1.0,24,1.738021
0.0,32,1.740368
1.0,40,1.743319
0.0,31,1.745629
1.0,41,1.74863
1.0,32,1.750987
1.0,45,1.754305
0.0,29,1.756418
1.0,42,1.759479
0.0,6,1.759931
1.0,38,1.762382
1.0,36,1.765035
0.0,19,1.766447
1.0,54,1.770388
1.0,36,1.773004
1.0,38,1.775802
0.0,30,1.778007
1.0,47,1.781448
0.0,25,1.783284
1.0,43,1.786422
0.0,4,1.786729
0.0,26,1.788448
1.0,27,1.790388
0.0,14,1.791426
1.0,93,1.797929
1.0,82,1.803948
1.0,47,1.807383
1.0,23,1.809059
0.0,26,1.81098
1.0,49,1.814435
1.0,28,1.816393
1.0,72,1.82148
0.0,86,1.82744
1.0,65,1.832191
1.0,47,1.835574
0.0,6,1.836032
1.0,49,1.839631
0.0,8,1.840237
1.0,48,1.843694
1.0,44,1.846905
1.0,39,1.84974
0.0,5,1.850111
0.0,16,1.851239
1.0,87,1.857607
1.0,42,1.860696
1.0,61,1.865141
1.0,42,1.868205
0.0,11,1.869038
1.0,37,1.871726
1.0,38,1.874483
1.0,40,1.87737
1.0,65,1.882154
1.0,35,1.884715
0.0,28,1.886783
1.0,35,1.889353
1.0,32,1.891712
0.0,18,1.893049
1.0,33,1.895453
1.0,36,1.898092
1.0,34,1.900574
1.0,87,1.906944
1.0,33,1.909369
1.0,33,1.911794
0.0,24,1.913542
1.0,34,1.916047
1.0,34,1.91857
1.0,29,1.920689
1.0,36,1.923296
1.0,33,1.925723
0.0,9,1.926393
1.0,68,1.931373
1.0,35,1.933945
0.0,20,1.935416
0.0,7,1.935949
0.0,13,1.936921
0.0,13,1.937915
0.0,13,1.93888
1.0,35,1.941447
1.0,43,1.94458
1.0,33,1.946991
1.0,38,1.949761
1.0,36,1.9524
0.0,5,1.952772
1.0,32,1.955128
1.0,40,1.958063
1.0,36,1.960649
1.0,31,1.962922
1.0,34,1.965435
1.0,43,1.968566
0.0,8,1.969164
1.0,35,1.971737
1.0,31,1.974017
1.0,51,1.977761
0.0,23,1.979473
0.0,23,1.981113
0.0,30,1.983334
0.0,130,1.992899
0.0,85,1.999188
0.0,12,2.00008
1.0,130,2.009606
0.0,2,2.009769
0.0,7,2.0103
0.0,9,2.010978
0.0,15,2.012065
0.0,9,2.012742
0.0,44,2.015987
0.0,6,2.016441
0.0,4,2.016752
0.0,4,2.017063
0.0,39,2.019762
0.0,9,2.020431
0.0,11,2.021262
1.0,37,2.023984
0.0,31,2.026259
0.0,4,2.026568
1.0,55,2.030602
1.0,38,2.033392
1.0,42,2.036442
1.0,26,2.038316
1.0,43,2.041443
0.0,24,2.043205
1.0,48,2.046715
1.0,39,2.049559
1.0,44,2.052739
1.0,36,2.055359
0.0,13,2.056299
0.0,11,2.05713
0.0,83,2.063223
1.0,26,2.065101
1.0,141,2.075435
0.0,7,2.07597
1.0,49,2.079569
0.0,17,2.080818
1.0,31,2.083018
0.0,8,2.083619
0.0,19,2.085011
1.0,32,2.087351
1.0,48,2.090857
1.0,37,2.093526
1.0,37,2.096206
1.0,36,2.098854
1.0,39,2.101697
0.0,4,2.102002
1.0,37,2.1047
1.0,34,2.107173
1.0,36,2.109719
1.0,39,2.112569
1.0,36,2.115187
1.0,35,2.117743
1.0,31,2.120014
1.0,32,2.122352
1.0,34,2.124841
1.0,35,2.127383
0.0,2,2.127539
1.0,32,2.129876
0.0,4,2.13018
1.0,35,2.132705
1.0,34,2.135142
1.0,35,2.137685
0.0,9,2.138359
0.0,31,2.140655
0.0,14,2.141687
1.0,38,2.144462
1.0,16,2.145624
0.0,13,2.1466
0.0,11,2.147423
0.0,74,2.152825
1.0,76,2.158369
0.0,64,2.163078
0.0,63,2.167678
0.0,40,2.170631
1.0,52,2.174393
0.0,94,2.181335
1.0,79,2.18708
0.0,6,2.187529
0.0,50,2.191032
1.0,82,2.196896
1.0,15,2.19796
0.0,76,2.203591
1.0,25,2.205176
0.0,31,2.207306
0.0,4,2.207593
0.0,18,2.208834
0.0,2,2.208992
0.0,18,2.210294
0.0,56,2.214306
1.0,48,2.217743
0.0,16,2.218919
0.0,46,2.222318
0.0,17,2.223559
0.0,19,2.224946
1.0,12,2.225822
0.0,120,2.234563
0.0,66,2.239352
0.0,31,2.241614
0.0,103,2.249123
0.0,96,2.255994
0.0,2,2.25616
0.0,54,2.260143
0.0,34,2.26264
1.0,223,2.279095
0.0,12,2.279996
0.0,40,2.282971
1.0,55,2.286877
0.0,87,2.293289
1.0,15,2.294384
0.0,103,2.301711
1.0,139,2.311823
0.0,19,2.313136
1.0,38,2.315835
1.0,33,2.318255
1.0,36,2.320912
1.0,13,2.32189
1.0,31,2.324129
0.0,133,2.333725
0.0,78,2.339453
1.0,43,2.342516
1.0,42,2.34516
0.0,74,2.350564
0.0,79,2.356209
0.0,52,2.359954
0.0,61,2.364198
0.0,28,2.36614
0.0,7,2.366662
0.0,19,2.368059
1.0,66,2.372794
0.0,69,2.377993
0.0,33,2.380129
0.0,33,2.382484
1.0,32,2.384804
0.0,7,2.385332
1.0,38,2.388052
1.0,36,2.390673
0.0,30,2.392887
1.0,44,2.396101
0.0,7,2.396629
1.0,31,2.398896
1.0,34,2.401388
0.0,7,2.401913
1.0,41,2.404884
1.0,38,2.40766
1.0,38,2.410408
1.0,31,2.412684
0.0,51,2.416418
1.0,30,2.418612
0.0,15,2.419701
1.0,31,2.421968
1.0,31,2.424227
1.0,30,2.426419
0.0,15,2.427523
0.0,15,2.428627
1.0,15,2.4297
0.0,2,2.429855
1.0,81,2.435749
1.0,35,2.438265
0.0,11,2.439077
0.0,71,2.444126
0.0,56,2.448186
0.0,12,2.449068
0.0,16,2.45025
0.0,36,2.452757
1.0,16,2.453913
0.0,11,2.454731
0.0,50,2.458419
0.0,21,2.459977
0.0,91,2.466455
0.0,11,2.467271
1.0,119,2.475838
0.0,24,2.477529
0.0,57,2.481754
1.0,36,2.48433
1.0,43,2.487444
0.0,18,2.488764
0.0,4,2.489069
1.0,33,2.491455
0.0,36,2.494091
0.0,30,2.496272
0.0,20,2.49775
0.0,23,2.499437
0.0,30,2.501548
1.0,71,2.506734
1.0,41,2.509742
1.0,75,2.51524
0.0,14,2.516239
1.0,14,2.517242
1.0,43,2.519716
0.0,94,2.52657
0.0,4,2.52688
1.0,14,2.527884
0.0,100,2.535061
1.0,184,2.548573
0.0,83,2.554302
1.0,70,2.559158
1.0,42,2.562248
0.0,12,2.563145
0.0,13,2.564123
1.0,97,2.571212
0.0,107,2.579004
0.0,49,2.582523
0.0,2,2.582683
0.0,8,2.583286
1.0,36,2.585909
0.0,95,2.592875
0.0,6,2.593336
0.0,2,2.593492
1.0,21,2.595017
0.0,91,2.601679
0.0,59,2.606005
0.0,59,2.61033
0.0,107,2.618094
0.0,16,2.619277
0.0,35,2.621815
1.0,16,2.622973
1.0,41,2.625927
0.0,25,2.627566
0.0,16,2.628674
0.0,123,2.637661
0.0,23,2.639215
0.0,155,2.650351
0.0,37,2.653049
1.0,34,2.65553
0.0,32,2.657878
0.0,29,2.659948
0.0,44,2.663206
1.0,29,2.665324
0.0,9,2.665999
1.0,34,2.668428
1.0,34,2.670895
1.0,30,2.673086
1.0,41,2.676057
1.0,33,2.67844
1.0,41,2.681394
1.0,31,2.683657
1.0,35,2.686206
0.0,12,2.687066
0.0,98,2.694242
0.0,75,2.699768
1.0,33,2.702379
0.0,34,2.704933
0.0,38,2.707736
1.0,45,2.711015
0.0,38,2.713822
0.0,27,2.715828
1.0,48,2.719365
0.0,15,2.720486
0.0,19,2.721915
1.0,42,2.725012
1.0,47,2.72848
1.0,41,2.731498
1.0,17,2.732751
0.0,82,2.738625
1.0,100,2.745827
1.0,34,2.748337
0.0,90,2.754952
1.0,43,2.758112
0.0,16,2.759308
1.0,82,2.765306
0.0,35,2.767892
1.0,52,2.771468
0.0,18,2.772795
0.0,7,2.77331
0.0,107,2.781119
1.0,33,2.783563
0.0,28,2.785538
1.0,37,2.788247
1.0,21,2.789754
0.0,4,2.79006
1.0,25,2.791678
0.0,7,2.792197
0.0,2,2.792355
1.0,43,2.794954
0.0,15,2.796032
1.0,16,2.797113
0.0,38,2.799455
0.0,39,2.802066
0.0,11,2.802906
0.0,46,2.80628
0.0,31,2.808525
1.0,55,2.81246
1.0,31,2.814619
1.0,13,2.815535
0.0,15,2.816632
0.0,34,2.818843
1.0,39,2.821555
1.0,41,2.824562
1.0,33,2.826977
0.0,16,2.82813
0.0,2,2.828286
0.0,19,2.829674
1.0,42,2.832706
1.0,38,2.835421
0.0,21,2.83692
1.0,56,2.840915
1.0,38,2.843654
1.0,33,2.846068
1.0,34,2.848521
1.0,35,2.851043
1.0,32,2.853414
1.0,33,2.855805
1.0,30,2.858029
0.0,6,2.858483
0.0,8,2.859071
1.0,32,2.861458
0.0,6,2.86191
0.0,47,2.865321
1.0,31,2.867574
1.0,52,2.871374
1.0,38,2.874145
0.0,9,2.874816
0.0,21,2.876347
1.0,44,2.879569
1.0,232,2.896535
0.0,9,2.897219
0.0,10,2.897961
0.0,30,2.900182
0.0,114,2.90855
1.0,57,2.912762
1.0,50,2.91639
1.0,92,2.923102
0.0,5,2.923489
0.0,28,2.925551
1.0,42,2.928612
1.0,43,2.931868
0.0,30,2.934057
0.0,29,2.936201
0.0,10,2.936945
1.0,63,2.941603
0.0,27,2.943597
1.0,46,2.946948
1.0,37,2.949647
0.0,20,2.95114
1.0,32,2.953489
1.0,41,2.956503
1.0,41,2.959531
1.0,37,2.962226
1.0,40,2.965138
0.0,14,2.966181
1.0,34,2.968716
1.0,50,2.972389
1.0,35,2.974999
1.0,37,2.97772
1.0,37,2.980433
1.0,33,2.98286
0.0,5,2.983235
0.0,4,2.98354
1.0,34,2.986033
1.0,36,2.988715
0.0,30,2.990954
1.0,16,2.992137
1.0,42,2.99486
0.0,178,3.007958
0.0,25,3.009617
1.0,58,3.013599
1.0,37,3.016274
1.0,37,3.018942
1.0,37,3.021659
1.0,39,3.024503
1.0,40,3.027411
1.0,15,3.028493
0.0,156,3.039813
1.0,34,3.042338
1.0,35,3.044902
1.0,36,3.047474
1.0,39,3.05031
0.0,2,3.050475
1.0,37,3.053153
1.0,35,3.055696
0.0,9,3.056378
0.0,4,3.056683
1.0,37,3.059393
1.0,33,3.061808
1.0,34,3.064312
1.0,36,3.066964
0.0,2,3.067127
0.0,18,3.068446
1.0,34,3.070944
1.0,33,3.073349
1.0,38,3.076134
0.0,6,3.076584
0.0,11,3.077418
0.0,35,3.079994
1.0,38,3.082787
1.0,36,3.08544
0.0,26,3.087358
0.0,8,3.087943
1.0,21,3.089469
0.0,41,3.092406
1.0,79,3.098247
1.0,99,3.105588
1.0,50,3.109241
1.0,35,3.111807
1.0,35,3.114374
1.0,31,3.116659
0.0,11,3.117481
0.0,18,3.11884
0.0,5,3.119221
1.0,32,3.121598
1.0,35,3.12415
0.0,22,3.125766
1.0,34,3.128216
0.0,2,3.128374
1.0,35,3.130945
1.0,64,3.135586
1.0,37,3.138275
0.0,10,3.139022
0.0,131,3.148428
1.0,46,3.15182
0.0,19,3.15322
1.0,33,3.155636
0.0,2,3.155794
0.0,9,3.156472
1.0,33,3.158883
1.0,35,3.161421
0.0,9,3.162075
1.0,31,3.164332
1.0,31,3.166633
0.0,2,3.16679
1.0,33,3.169208
1.0,31,3.171488
1.0,35,3.174064
1.0,36,3.176692
1.0,33,3.179097
1.0,35,3.181656
1.0,35,3.184231
0.0,19,3.185631
1.0,35,3.188232
1.0,37,3.190943
0.0,8,3.191541
0.0,4,3.191847
1.0,37,3.194567
0.0,12,3.195461
1.0,29,3.197604
1.0,33,3.200033
1.0,40,3.202937
0.0,11,3.20376
1.0,31,3.206048
1.0,30,3.208244
1.0,31,3.210528
0.0,15,3.211636
0.0,13,3.212597
1.0,33,3.215009
1.0,42,3.218018
1.0,39,3.220849
1.0,34,3.22331
0.0,9,3.223998
0.0,9,3.224682
0.0,12,3.225576
1.0,45,3.228779
1.0,48,3.232301
0.0,56,3.236414
0.0,40,3.239378
0.0,12,3.24027
1.0,30,3.242501
1.0,45,3.245756
0.0,19,3.247183
1.0,48,3.250705
1.0,30,3.252926
1.0,43,3.2561
0.0,34,3.258586
1.0,34,3.261102
1.0,37,3.263834
0.0,24,3.265633
0.0,37,3.26836
0.0,25,3.270214
1.0,38,3.273014
0.0,31,3.275278
1.0,46,3.278609
0.0,12,3.27949
1.0,35,3.282087
1.0,39,3.284937
1.0,35,3.287509
1.0,34,3.290013
1.0,39,3.292807
0.0,33,3.295229
0.0,22,3.296874
1.0,36,3.299519
0.0,35,3.302113
1.0,94,3.309084
1.0,59,3.31342
1.0,43,3.316544
0.0,12,3.317449
0.0,29,3.319577
1.0,61,3.324085
0.0,20,3.325546
0.0,6,3.325995
1.0,54,3.329954
0.0,32,3.332313
1.0,29,3.334438
1.0,47,3.337895
1.0,70,3.342886
0.0,10,3.343631
1.0,46,3.346963
1.0,38,3.349762
1.0,38,3.352577
0.0,10,3.353322
0.0,44,3.356583
0.0,15,3.357693
0.0,8,3.358285
0.0,15,3.35939
0.0,19,3.360775
1.0,182,3.374171
0.0,16,3.375365
1.0,40,3.378314
0.0,17,3.379617
1.0,52,3.383747
1.0,43,3.386948
1.0,42,3.390025
1.0,39,3.392878
0.0,21,3.394447
1.0,37,3.397174
0.0,7,3.397695
1.0,33,3.400114
1.0,41,3.403087
1.0,39,3.40597
1.0,30,3.408193
1.0,34,3.410698
0.0,20,3.412191
1.0,41,3.415196
1.0,42,3.418258
1.0,38,3.421056
0.0,16,3.422257
0.0,6,3.422712
1.0,33,3.42515
1.0,39,3.428014
0.0,8,3.428617
0.0,14,3.429662
1.0,39,3.432517
1.0,41,3.435553
1.0,37,3.438276
0.0,4,3.438582
1.0,38,3.44138
0.0,12,3.442286
1.0,45,3.445569
0.0,14,3.446616
1.0,44,3.449832
1.0,37,3.452494
1.0,34,3.455024
1.0,31,3.4573
1.0,44,3.460565
1.0,43,3.463705
0.0,9,3.464387
1.0,45,3.467702
1.0,40,3.470669
1.0,39,3.473531
1.0,44,3.476741
0.0,21,3.478312
0.0,17,3.479589
1.0,42,3.482629
1.0,37,3.485354
0.0,16,3.48654
0.0,20,3.488008
0.0,12,3.488892
1.0,37,3.491606
0.0,45,3.494939
1.0,46,3.498336
0.0,1,3.498426
0.0,8,3.49903
1.0,18,3.500338
1.0,70,3.505452
0.0,27,3.507468
0.0,40,3.510414
1.0,66,3.515284
1.0,42,3.51841
1.0,35,3.520991
0.0,29,3.52313
1.0,34,3.525603
1.0,42,3.528694
0.0,38,3.531493
1.0,35,3.534067
0.0,19,3.535463
1.0,39,3.538307
1.0,40,3.541231
0.0,22,3.542873
1.0,36,3.545497
0.0,4,3.545804
1.0,32,3.548123
0.0,14,3.549174
0.0,14,3.550226
1.0,35,3.552802
1.0,106,3.560618
1.0,60,3.565064
0.0,102,3.572564
1.0,106,3.580379
1.0,76,3.586044
0.0,32,3.588389
1.0,35,3.590959
0.0,23,3.592675
0.0,19,3.594095
1.0,42,3.597113
0.0,2,3.597271
1.0,35,3.599848
1.0,40,3.602762
1.0,41,3.605755
1.0,31,3.608051
1.0,47,3.61149
1.0,33,3.613919
1.0,33,3.616346
1.0,31,3.618633
0.0,7,3.619155
1.0,35,3.621721
1.0,29,3.623867
0.0,20,3.625322
1.0,17,3.626565
0.0,15,3.627682
1.0,32,3.630038
0.0,30,3.632201
1.0,32,3.634554
1.0,34,3.637052
1.0,35,3.639595
1.0,37,3.642305
0.0,4,3.642611
0.0,2,3.642775
1.0,34,3.645255
1.0,36,3.647866
1.0,34,3.650372
1.0,42,3.653441
1.0,33,3.655873
1.0,39,3.65872
0.0,21,3.660274
1.0,34,3.662741
1.0,35,3.66538
1.0,35,3.667959
0.0,27,3.669967
1.0,34,3.672459
0.0,17,3.673719
1.0,33,3.676128
1.0,29,3.67826
0.0,28,3.680336
1.0,57,3.684527
1.0,35,3.687079
0.0,17,3.688341
1.0,33,3.690776
0.0,19,3.692169
1.0,33,3.694609
0.0,28,3.696642
1.0,35,3.699217
0.0,12,3.700102
0.0,21,3.701683
1.0,37,3.704428
1.0,41,3.707428
1.0,37,3.710144
1.0,32,3.712515
1.0,40,3.71544
1.0,39,3.718325
1.0,34,3.720842
1.0,34,3.723347
0.0,6,3.723803
0.0,9,3.724489
0.0,4,3.724796
0.0,52,3.728657
1.0,36,3.73132
0.0,4,3.731635
0.0,29,3.733772
1.0,68,3.738778
1.0,39,3.741632
1.0,37,3.74434
1.0,42,3.747359
1.0,35,3.749905
0.0,4,3.750205
1.0,47,3.753633
1.0,41,3.756665
1.0,32,3.75903
0.0,4,3.75934
1.0,47,3.7628
1.0,35,3.765375
1.0,39,3.768153
1.0,57,3.772366
1.0,47,3.775713
0.0,14,3.776766
1.0,37,3.779514
0.0,29,3.781674
1.0,50,3.785373
1.0,36,3.788017
1.0,33,3.790463
1.0,65,3.795264
0.0,12,3.796175
1.0,34,3.798673
1.0,40,3.80156
1.0,43,3.804727
1.0,34,3.807221
1.0,38,3.80999
0.0,13,3.81097
1.0,38,3.813654
1.0,44,3.816868
1.0,32,3.819223
1.0,30,3.821442
1.0,34,3.823915
1.0,31,3.826221
1.0,37,3.828877
1.0,40,3.831761
1.0,33,3.834163
1.0,33,3.836588
1.0,39,3.839445
1.0,36,3.842078
0.0,39,3.844544
0.0,18,3.845876
1.0,35,3.848429
1.0,33,3.850818
1.0,35,3.853357
0.0,29,3.855501
0.0,14,3.856522
0.0,27,3.858501
1.0,34,3.860953
1.0,34,3.863456
1.0,31,3.865721
1.0,35,3.868284
0.0,38,3.871038
1.0,38,3.873823
1.0,36,3.876442
1.0,36,3.879086
1.0,27,3.881062
1.0,38,3.883781
1.0,66,3.888476
1.0,35,3.891019
1.0,37,3.893726
1.0,25,3.895561
1.0,34,3.897999
0.0,1,3.898088
1.0,34,3.90054
1.0,35,3.903093
0.0,25,3.904919
1.0,35,3.907469
0.0,6,3.907921
0.0,21,3.909468
1.0,31,3.911736
0.0,8,3.912333
1.0,30,3.914557
0.0,14,3.915605
1.0,37,3.918307
1.0,33,3.92073
0.0,24,3.92251
0.0,33,3.924962
1.0,37,3.927652
1.0,38,3.930409
0.0,21,3.931955
1.0,35,3.934531
1.0,40,3.937449
1.0,34,3.939961
0.0,34,3.942462
1.0,34,3.944955
1.0,36,3.9476
0.0,8,3.948195
1.0,39,3.951046
1.0,27,3.953034
0.0,22,3.954653
1.0,41,3.957661
0.0,36,3.960346
1.0,104,3.967937
1.0,56,3.972028
1.0,30,3.974241
1.0,33,3.976669
1.0,33,3.979085
1.0,32,3.981454
0.0,23,3.983159
1.0,39,3.986033
1.0,33,3.988419
1.0,32,3.99078
0.0,15,3.991897
1.0,33,3.994337
1.0,43,3.997473
1.0,38,4.000271
1.0,31,4.002552
0.0,31,4.00483
1.0,36,4.007466
1.0,43,4.010611
0.0,20,4.01211
0.0,40,4.015081
1.0,66,4.019927
1.0,14,4.020942
0.0,14,4.021965
0.0,6,4.022427
1.0,40,4.025344
0.0,10,4.026076
0.0,6,4.026531
0.0,19,4.027947
0.0,42,4.03103
1.0,53,4.034942
1.0,39,4.037816
1.0,50,4.041475
1.0,55,4.045574
1.0,42,4.048643
1.0,44,4.051857
1.0,40,4.05481
1.0,66,4.05964
1.0,41,4.062652
0.0,32,4.064968
1.0,25,4.066801
1.0,21,4.068327
0.0,15,4.069449
1.0,25,4.071286
0.0,38,4.074093
0.0,60,4.078506
1.0,25,4.080335
1.0,68,4.085224
1.0,53,4.089085
1.0,41,4.092078
0.0,12,4.092965
0.0,30,4.095093
0.0,6,4.095548
1.0,17,4.09676
1.0,71,4.101687
1.0,39,4.10457
1.0,46,4.107919
1.0,36,4.110566
1.0,35,4.113168
1.0,36,4.11579
0.0,17,4.116987
1.0,62,4.121543
1.0,34,4.124026
1.0,59,4.128311
1.0,39,4.131098
0.0,24,4.132853
1.0,33,4.135279
1.0,32,4.137639
1.0,37,4.140332
0.0,12,4.141236
1.0,39,4.144095
1.0,47,4.147475
1.0,39,4.150322
0.0,14,4.151355
1.0,50,4.154989
1.0,39,4.157818
1.0,39,4.160629
1.0,34,4.163139
1.0,42,4.166181
1.0,37,4.168829
1.0,33,4.171241
1.0,31,4.173512
1.0,31,4.175798
1.0,37,4.178524
1.0,29,4.180664
0.0,27,4.182662
1.0,31,4.184904
1.0,29,4.187035
0.0,16,4.18821
1.0,31,4.190479
1.0,31,4.192759
1.0,42,4.195814
1.0,36,4.198465
1.0,33,4.200887
1.0,34,4.203393
1.0,35,4.205978
1.0,29,4.208113
0.0,28,4.210187
1.0,36,4.212809
0.0,4,4.213115
1.0,31,4.215402
1.0,35,4.217951
1.0,32,4.220289
1.0,29,4.222402
1.0,41,4.225389
0.0,16,4.226567
1.0,29,4.228709
1.0,32,4.231057
1.0,31,4.233343
1.0,34,4.2358
1.0,41,4.238771
0.0,17,4.240017
1.0,31,4.242319
1.0,31,4.244576
1.0,32,4.24692
1.0,38,4.249715
1.0,33,4.252143
0.0,9,4.252819
1.0,36,4.255451
1.0,40,4.258359
1.0,29,4.260497
0.0,25,4.262344
0.0,27,4.264345
1.0,48,4.267834
1.0,33,4.270245
1.0,29,4.272363
1.0,35,4.274929
0.0,5,4.2753
1.0,34,4.277798
1.0,32,4.280138
1.0,30,4.282338
0.0,6,4.282786
0.0,6,4.283238
0.0,2,4.283401
0.0,20,4.284857
1.0,38,4.287618
1.0,32,4.289964
1.0,32,4.292313
0.0,22,4.293952
0.0,30,4.296166
1.0,33,4.298594
1.0,43,4.301686
1.0,45,4.304929
1.0,41,4.307888
1.0,35,4.310425
1.0,40,4.313289
0.0,11,4.314115
1.0,23,4.315798
0.0,10,4.316533
0.0,32,4.318876
0.0,25,4.320699
0.0,31,4.32297
1.0,34,4.325476
0.0,8,4.326068
1.0,36,4.328677
0.0,9,4.329347
1.0,43,4.33247
1.0,35,4.335055
1.0,34,4.337567
1.0,35,4.340131
1.0,31,4.342414
1.0,37,4.345085
1.0,37,4.347766
0.0,29,4.349885
1.0,33,4.352313
0.0,20,4.353784
1.0,35,4.356329
1.0,37,4.359002
0.0,17,4.360257
0.0,37,4.362968
1.0,40,4.365903
1.0,33,4.368329
1.0,35,4.370893
0.0,28,4.372936
1.0,40,4.375833
1.0,38,4.378616
1.0,18,4.379876
1.0,160,4.39179
0.0,26,4.393725
0.0,68,4.398682
0.0,27,4.400671
0.0,66,4.40551
1.0,40,4.408413
1.0,39,4.411276
0.0,20,4.412762
0.0,26,4.414684
0.0,6,4.41515
1.0,37,4.41788
1.0,35,4.420477
0.0,15,4.421587
0.0,30,4.423816
1.0,51,4.427556
1.0,37,4.430229
1.0,35,4.432836
1.0,43,4.435987
1.0,32,4.438352
0.0,8,4.438944
0.0,19,4.440329
1.0,24,4.442028
1.0,17,4.443269
1.0,33,4.445705
1.0,39,4.448581
0.0,6,4.449041
0.0,6,4.449488
1.0,36,4.452145
0.0,1,4.452236
0.0,25,4.454121
1.0,26,4.456038
0.0,4,4.456339
1.0,34,4.458838
1.0,39,4.461586
1.0,34,4.464096
0.0,16,4.465279
1.0,43,4.468428
1.0,30,4.470633
0.0,61,4.475083
0.0,86,4.481506
1.0,36,4.484178
1.0,36,4.486831
0.0,19,4.48824
1.0,36,4.490913
1.0,38,4.493683
1.0,34,4.496197
0.0,19,4.497607
0.0,19,4.49901
0.0,11,4.499841
0.0,8,4.500441
1.0,79,4.506255
1.0,42,4.50936
1.0,41,4.512379
1.0,30,4.514589
1.0,49,4.518169
1.0,37,4.520922
1.0,63,4.525476
1.0,64,4.530195
1.0,49,4.533786
0.0,27,4.535803
0.0,12,4.536712
1.0,60,4.541142
1.0,37,4.543838
0.0,4,4.544139
1.0,47,4.547591
0.0,5,4.547968
0.0,22,4.549581
1.0,50,4.553233
1.0,55,4.557248
1.0,37,4.559951
1.0,40,4.56292
1.0,43,4.566012
1.0,48,4.56949
0.0,12,4.570416
0.0,32,4.572811
1.0,41,4.575825
0.0,21,4.577391
1.0,42,4.580436
1.0,35,4.583005
0.0,6,4.583461
1.0,33,4.585901
1.0,40,4.588841
1.0,17,4.590082
0.0,10,4.590832
1.0,16,4.591991
1.0,33,4.594419
0.0,16,4.595601
1.0,40,4.598546
0.0,32,4.600904
1.0,38,4.603717
1.0,36,4.606373
1.0,33,4.608815
1.0,39,4.611688
0.0,26,4.613615
0.0,6,4.614071
1.0,40,4.617021
1.0,35,4.619537
0.0,8,4.620136
0.0,14,4.621176
1.0,31,4.623498
1.0,42,4.626582
0.0,12,4.627463
1.0,32,4.629821
1.0,43,4.632963
1.0,35,4.635534
1.0,41,4.638413
0.0,26,4.640344
1.0,33,4.642684
0.0,23,4.644392
1.0,42,4.647446
0.0,4,4.64775
1.0,33,4.650188
1.0,35,4.652754
0.0,11,4.653583
1.0,36,4.656217
0.0,38,4.659004
1.0,39,4.66185
1.0,42,4.664943
1.0,35,4.667516
1.0,32,4.669877
1.0,42,4.672921
0.0,22,4.674559
1.0,37,4.677253
1.0,21,4.678784
1.0,45,4.682057
1.0,39,4.684902
0.0,43,4.688064
1.0,37,4.690794
1.0,47,4.694256
1.0,39,4.697096
0.0,10,4.697837
1.0,38,4.700443
0.0,27,4.702446
0.0,8,4.703038
1.0,43,4.706165
1.0,36,4.708816
1.0,33,4.711243
0.0,22,4.71287
1.0,43,4.716016
0.0,26,4.717937
0.0,25,4.719785
0.0,17,4.721053
1.0,32,4.723423
0.0,28,4.72548
1.0,35,4.72805
1.0,34,4.730556
1.0,43,4.733677
1.0,46,4.736982
1.0,40,4.739891
0.0,24,4.74165
0.0,1,4.741739
0.0,8,4.742347
1.0,33,4.744786
1.0,36,4.747432
0.0,7,4.747944
1.0,42,4.751035
0.0,36,4.753687
1.0,43,4.756868
1.0,38,4.759632
1.0,46,4.763027
0.0,6,4.763482
1.0,34,4.765969
1.0,35,4.768569
1.0,45,4.771848
1.0,46,4.775199
0.0,9,4.77587
1.0,34,4.778372
0.0,179,4.791535
1.0,90,4.798078
1.0,37,4.800824
1.0,35,4.803407
1.0,45,4.806715
1.0,35,4.809286
0.0,23,4.81098
1.0,37,4.813727
1.0,37,4.816455
0.0,11,4.817286
1.0,42,4.82035
1.0,27,4.822359
1.0,143,4.832899
0.0,4,4.833209
0.0,23,4.834934
0.0,8,4.835532
0.0,22,4.837173
0.0,34,4.839724
0.0,118,4.848487
1.0,95,4.85551
1.0,36,4.858167
0.0,17,4.85944
0.0,17,4.860708
0.0,19,4.86213
1.0,34,4.8646
1.0,33,4.867044
1.0,36,4.869699
1.0,37,4.872397
0.0,41,4.875408
0.0,37,4.878142
0.0,9,4.878817
1.0,30,4.881026
0.0,78,4.886733
0.0,65,4.891531
0.0,18,4.892845
0.0,4,4.89316
0.0,4,4.893474
0.0,15,4.894592
1.0,25,4.89641
1.0,60,4.900842
0.0,22,4.902491
1.0,36,4.905133
0.0,22,4.906746
1.0,39,4.909632
1.0,53,4.91356
1.0,37,4.916297
1.0,44,4.919553
1.0,63,4.924233
1.0,45,4.927553
0.0,66,4.932397
1.0,44,4.93563
0.0,8,4.93624
0.0,8,4.936838
0.0,26,4.938767
1.0,18,4.940078
0.0,52,4.943865
0.0,37,4.946572
0.0,36,4.949205
1.0,36,4.951834
0.0,5,4.952221
1.0,94,4.959096
0.0,27,4.961121
1.0,32,4.963482
1.0,116,4.972036
1.0,168,4.984354
1.0,32,4.986668
1.0,28,4.988713
0.0,6,4.989164
1.0,25,4.990996
1.0,25,4.992837
1.0,28,4.994853
0.0,56,4.999
0.0,33,5.001448
1.0,27,5.003417
0.0,10,5.004171
0.0,18,5.005496
1.0,28,5.007553
1.0,29,5.009673
0.0,15,5.010785
0.0,37,5.013512
1.0,19,5.014892
1.0,40,5.017816
1.0,42,5.020881
1.0,33,5.023252
0.0,32,5.025598
0.0,28,5.027667
1.0,23,5.02935
1.0,27,5.031307
1.0,24,5.033108
1.0,31,5.035372
1.0,29,5.037481
1.0,23,5.039191
1.0,23,5.040889
1.0,26,5.042804
1.0,24,5.044572
0.0,16,5.045748
1.0,31,5.048023
1.0,25,5.04986
1.0,30,5.052046
1.0,27,5.054028
1.0,25,5.055866
1.0,24,5.057638
1.0,23,5.059332
1.0,23,5.061029
1.0,25,5.062865
0.0,27,5.064843
1.0,21,5.066385
1.0,29,5.068505
1.0,25,5.070336
0.0,14,5.071372
1.0,30,5.073566
1.0,15,5.074661
1.0,32,5.07698
0.0,18,5.078299
1.0,27,5.08029
1.0,25,5.082133
1.0,33,5.084538
1.0,24,5.086282
1.0,32,5.08856
1.0,31,5.090811
1.0,23,5.0925
1.0,28,5.094517
0.0,85,5.100792
1.0,28,5.102862
1.0,27,5.104845
1.0,27,5.106795
0.0,14,5.107843
1.0,29,5.109965
1.0,30,5.112172
1.0,25,5.114011
1.0,38,5.116788
0.0,4,5.117088
0.0,14,5.118128
0.0,23,5.119778
0.0,1,5.119868
1.0,23,5.121558
0.0,8,5.122168
0.0,10,5.122918
1.0,49,5.126502
0.0,101,5.134034
0.0,16,5.135223
1.0,28,5.137274
1.0,24,5.138986
1.0,24,5.140756
1.0,25,5.142605
0.0,20,5.144071
0.0,16,5.145255
0.0,18,5.146583
1.0,42,5.149613
1.0,25,5.151456
1.0,29,5.153578
1.0,30,5.15575
0.0,8,5.156352
1.0,27,5.158336
0.0,58,5.162628
1.0,23,5.164356
0.0,6,5.164813
1.0,26,5.166738
1.0,24,5.168531
1.0,26,5.170429
1.0,25,5.17227
1.0,23,5.174004
1.0,31,5.176255
1.0,25,5.178068
1.0,29,5.180182
1.0,26,5.182059
1.0,25,5.183901
1.0,29,5.18602
1.0,30,5.188252
1.0,25,5.190089
1.0,25,5.191883
1.0,29,5.193993
1.0,23,5.195691
1.0,29,5.197823
1.0,30,5.200008
0.0,2,5.20016
1.0,27,5.20214
1.0,31,5.204371
1.0,23,5.20606
1.0,25,5.207869
0.0,8,5.208474
1.0,29,5.210579
1.0,29,5.212702
1.0,28,5.214761
1.0,16,5.215919
0.0,19,5.217321
1.0,35,5.219863
1.0,29,5.221979
1.0,23,5.223678
1.0,28,5.225734
1.0,25,5.227579
1.0,23,5.229273
1.0,26,5.231221
1.0,31,5.233509
1.0,26,5.235419
1.0,25,5.237264
1.0,23,5.23902
1.0,27,5.240976
0.0,6,5.241432
1.0,27,5.243419
1.0,27,5.2454
1.0,23,5.247109
1.0,26,5.249012
1.0,23,5.250713
1.0,32,5.253019
1.0,24,5.254798
1.0,27,5.256761
1.0,25,5.258603
1.0,20,5.260051
1.0,36,5.262676
1.0,63,5.2673
1.0,42,5.270393
1.0,22,5.271996
1.0,27,5.273984
1.0,42,5.277015
1.0,30,5.27921
1.0,32,5.28154
1.0,23,5.283232
1.0,31,5.285463
1.0,12,5.286329
1.0,27,5.288278
1.0,26,5.290157
1.0,25,5.291997
1.0,27,5.293975
0.0,10,5.294752
1.0,26,5.296653
1.0,25,5.298484
1.0,25,5.300317
0.0,6,5.300771
1.0,25,5.302603
1.0,29,5.304723
0.0,12,5.305624
1.0,28,5.307671
0.0,8,5.308255
0.0,23,5.309938
0.0,24,5.311713
1.0,36,5.314319
1.0,30,5.316533
1.0,29,5.318673
1.0,31,5.320898
1.0,33,5.323321
1.0,41,5.326311
1.0,35,5.32889
0.0,14,5.329936
1.0,27,5.331924
1.0,25,5.333763
1.0,31,5.335999
1.0,75,5.341555
1.0,54,5.345388
1.0,19,5.34679
1.0,237,5.364176
1.0,24,5.365953
0.0,38,5.368767
1.0,33,5.371152
0.0,6,5.37161
1.0,31,5.373893
1.0,25,5.375725
1.0,28,5.377776
1.0,86,5.384077
1.0,28,5.386128
0.0,33,5.388644
0.0,3,5.388877
1.0,15,5.390061
1.0,15,5.391272
0.0,37,5.394009
0.0,10,5.394749
1.0,22,5.396368
1.0,32,5.398622
1.0,57,5.402825
1.0,59,5.407171
1.0,73,5.412506
1.0,109,5.420353
0.0,34,5.422896
0.0,19,5.424317
0.0,18,5.425637
1.0,26,5.427559
1.0,22,5.429179
0.0,58,5.43348
1.0,28,5.435561
0.0,23,5.43725
1.0,74,5.442717
1.0,69,5.447787
0.0,38,5.450544
1.0,28,5.452559
1.0,55,5.456609
1.0,25,5.458459
1.0,29,5.460563
1.0,27,5.462554
1.0,25,5.464397
1.0,31,5.466663
1.0,39,5.469533
1.0,33,5.471943
0.0,2,5.472102
1.0,51,5.475864
0.0,7,5.476396
1.0,32,5.478742
1.0,37,5.48144
0.0,26,5.483364
0.0,2,5.483522
1.0,31,5.485782
0.0,22,5.487412
1.0,33,5.489846
1.0,28,5.491876
0.0,8,5.4925
1.0,28,5.494497
1.0,31,5.496792
1.0,29,5.498934
1.0,30,5.501157
1.0,32,5.503517
0.0,18,5.504822
0.0,11,5.505654
1.0,61,5.510146
0.0,17,5.511414
1.0,35,5.513984
1.0,33,5.516425
1.0,40,5.51937
0.0,11,5.520183
1.0,33,5.522599
1.0,30,5.524817
0.0,9,5.525497
1.0,31,5.527783
1.0,33,5.530231
1.0,32,5.532585
1.0,31,5.534869
1.0,23,5.536564
0.0,2,5.536722
0.0,6,5.53718
1.0,35,5.539731
1.0,31,5.542022
1.0,38,5.544783
1.0,56,5.548815
1.0,33,5.551229
0.0,6,5.551685
0.0,7,5.552219
0.0,13,5.553183
1.0,41,5.556193
1.0,44,5.559459
1.0,45,5.562772
1.0,45,5.566097
1.0,42,5.569166
0.0,21,5.570711
1.0,39,5.573567
0.0,39,5.576466
1.0,42,5.579565
0.0,1,5.579654
1.0,39,5.582544
1.0,42,5.585663
0.0,31,5.587966
0.0,40,5.590946
0.0,89,5.597531
0.0,4,5.59783
1.0,35,5.60039
1.0,38,5.603189
0.0,44,5.606478
1.0,35,5.609047
1.0,41,5.612071
1.0,40,5.615017
0.0,24,5.616791
1.0,33,5.619237
1.0,32,5.621606
0.0,2,5.621763
0.0,4,5.622071
1.0,43,5.625213
1.0,31,5.627512
1.0,36,5.630129
0.0,2,5.630288
0.0,6,5.630743
1.0,38,5.633541
1.0,33,5.635986
1.0,30,5.638197
1.0,34,5.640685
0.0,20,5.642173
0.0,11,5.642993
1.0,66,5.647815
0.0,2,5.647974
1.0,71,5.653187
1.0,84,5.659366
0.0,40,5.662332
1.0,42,5.665392
1.0,46,5.668783
0.0,8,5.669397
1.0,39,5.672295
1.0,35,5.674884
1.0,37,5.677616
1.0,45,5.680936
1.0,34,5.683465
1.0,40,5.686408
1.0,32,5.688759
1.0,25,5.69063
0.0,3,5.690863
1.0,47,5.694177
1.0,38,5.696963
1.0,25,5.698813
1.0,46,5.702138
0.0,33,5.704589
0.0,12,5.705497
1.0,15,5.70659
0.0,18,5.707896
0.0,4,5.708204
1.0,46,5.711535
0.0,24,5.713311
1.0,22,5.714926
0.0,17,5.716186
1.0,42,5.719271
1.0,21,5.720734
0.0,11,5.721543
0.0,9,5.722228
1.0,27,5.724209
1.0,61,5.72817
1.0,29,5.730309
0.0,4,5.730617
1.0,18,5.731872
0.0,97,5.738639
1.0,42,5.741675
1.0,29,5.74378
0.0,17,5.745011
0.0,33,5.747473
1.0,85,5.753671
1.0,15,5.754769
1.0,130,5.764397
1.0,49,5.768001
0.0,13,5.768976
1.0,41,5.771945
1.0,43,5.775134
1.0,34,5.777632
0.0,37,5.780401
0.0,51,5.784065
0.0,42,5.787103
0.0,117,5.795613
0.0,208,5.810523
1.0,127,5.819735
0.0,69,5.824874
0.0,93,5.83174
1.0,93,5.838621
1.0,57,5.842806
1.0,42,5.845877
0.0,4,5.846188
1.0,56,5.850318
0.0,27,5.852316
0.0,29,5.854457
1.0,34,5.856937
0.0,36,5.859606
0.0,2,5.859764
0.0,225,5.876367
0.0,50,5.880008
1.0,45,5.883336
0.0,11,5.884163
0.0,32,5.886534
1.0,33,5.888999
1.0,37,5.891715
1.0,34,5.894238
1.0,39,5.897105
1.0,34,5.899589
1.0,35,5.90219
1.0,38,5.905009
1.0,35,5.907558
0.0,11,5.908361
1.0,38,5.91114
1.0,35,5.913708
1.0,38,5.916512
1.0,41,5.919542
0.0,17,5.920827
1.0,52,5.924684
0.0,19,5.926086
1.0,33,5.92853
1.0,38,5.931307
0.0,13,5.932244
0.0,17,5.933503
1.0,41,5.936497
0.0,4,5.936807
0.0,11,5.937611
1.0,38,5.940378
0.0,9,5.941052
1.0,31,5.943349
1.0,36,5.945991
1.0,38,5.948774
1.0,39,5.951646
1.0,38,5.954483
0.0,7,5.955015
0.0,23,5.956702
1.0,15,5.957804
1.0,42,5.960895
0.0,18,5.962217
1.0,33,5.964633
0.0,4,5.964936
1.0,13,5.965887
1.0,48,5.9694
1.0,57,5.973633
0.0,21,5.97517
0.0,13,5.976127
0.0,44,5.97936
0.0,7,5.979893
1.0,144,5.99005
0.0,27,5.99204
0.0,11,5.992869
0.0,12,5.993758
1.0,83,5.999754
1.0,43,6.002814
0.0,29,6.004907
0.0,4,6.005211
1.0,49,6.008826
1.0,27,6.010798
0.0,17,6.012079
0.0,14,6.013127
0.0,27,6.015149
0.0,53,6.019083
1.0,20,6.020526
0.0,63,6.025168
1.0,98,6.032374
0.0,17,6.033616
0.0,29,6.035694
0.0,47,6.039087
0.0,12,6.039976
1.0,185,6.053181
0.0,146,6.062946
1.0,37,6.065602
1.0,67,6.070531
1.0,35,6.073052
1.0,41,6.076003
1.0,42,6.079037
1.0,31,6.08131
0.0,6,6.081765
1.0,32,6.084116
1.0,32,6.086461
1.0,35,6.089008
1.0,36,6.091602
0.0,8,6.092186
0.0,9,6.092862
0.0,9,6.09354
0.0,6,6.093995
1.0,32,6.096351
1.0,15,6.097446
1.0,19,6.098814
1.0,23,6.100456
1.0,108,6.108043
1.0,35,6.110614
1.0,17,6.111838
0.0,12,6.112728
0.0,12,6.113599
1.0,34,6.116082
1.0,17,6.11733
0.0,270,6.137256
1.0,50,6.140936
0.0,25,6.142794
0.0,64,6.147524
0.0,25,6.149397
0.0,181,6.162852
0.0,132,6.172559
0.0,14,6.173609
0.0,44,6.176886
0.0,57,6.181096
1.0,91,6.187785
0.0,127,6.196941
1.0,36,6.199612
1.0,36,6.202235
0.0,10,6.202985
1.0,29,6.205058
1.0,46,6.208452
0.0,4,6.208767
1.0,34,6.211263
1.0,29,6.213405
1.0,29,6.215563
1.0,25,6.217404
0.0,14,6.218435
0.0,33,6.220878
1.0,25,6.222731
1.0,39,6.225552
0.0,12,6.226462
1.0,18,6.227744
1.0,283,6.248644
1.0,70,6.253785
0.0,46,6.257171
0.0,1,6.257266
1.0,76,6.262814
1.0,42,6.26591
1.0,107,6.273876
1.0,43,6.276976
1.0,30,6.279154
0.0,40,6.282144
0.0,13,6.283112
0.0,4,6.28342
0.0,9,6.2841
1.0,37,6.286843
0.0,7,6.287396
1.0,27,6.289405
0.0,8,6.290013
1.0,27,6.291982
0.0,25,6.293847
0.0,54,6.297855
0.0,84,6.304027
0.0,198,6.318455
0.0,18,6.319807
1.0,89,6.326311
1.0,58,6.330608
1.0,73,6.335989
0.0,27,6.337981
1.0,19,6.339358
0.0,50,6.342968
1.0,23,6.344614
0.0,26,6.346335
0.0,8,6.346936
1.0,44,6.350098
0.0,19,6.351491
1.0,57,6.35567
0.0,30,6.357894
1.0,40,6.360817
1.0,18,6.362106
0.0,90,6.368762
1.0,172,6.381358
1.0,36,6.384011
0.0,4,6.384319
1.0,34,6.386815
1.0,25,6.388663
1.0,27,6.390674
0.0,14,6.391739
1.0,26,6.393723
1.0,25,6.395794
1.0,27,6.39776
1.0,33,6.4002
1.0,32,6.402537
0.0,20,6.404039
0.0,14,6.405104
1.0,229,6.422027
0.0,59,6.426424
0.0,79,6.432292
1.0,179,6.44553
1.0,28,6.447572
1.0,46,6.450964
1.0,33,6.453346
0.0,6,6.453809
1.0,31,6.456093
0.0,10,6.456851
0.0,8,6.457426
1.0,44,6.460597
1.0,27,6.462581
1.0,23,6.464282
1.0,27,6.46624
1.0,28,6.46829
1.0,18,6.469597
0.0,13,6.47057
1.0,31,6.472824
1.0,34,6.475212
1.0,25,6.477028
1.0,34,6.479513
0.0,78,6.485182
0.0,16,6.486335
1.0,40,6.489213
0.0,72,6.494545
0.0,9,6.495261
0.0,24,6.49705
1.0,176,6.51007
1.0,33,6.512505
1.0,84,6.518717
1.0,38,6.521527
1.0,91,6.528258
0.0,7,6.528795
1.0,43,6.531958
1.0,39,6.534787
1.0,99,6.542081
0.0,13,6.543052
0.0,16,6.544271
1.0,200,6.55907
1.0,92,6.565874
0.0,18,6.567217
0.0,13,6.568182
1.0,44,6.571428
0.0,50,6.575091
1.0,46,6.57844
1.0,85,6.584668
1.0,44,6.587902
1.0,35,6.590489
1.0,37,6.593206
1.0,36,6.595843
0.0,211,6.611474
0.0,79,6.617287
1.0,128,6.626638
1.0,113,6.634941
0.0,10,6.635704
1.0,36,6.63831
1.0,31,6.640602
0.0,31,6.642844
1.0,35,6.645405
1.0,26,6.647321
0.0,14,6.64836
0.0,15,6.649469
1.0,25,6.651318
1.0,29,6.653489
1.0,33,6.655921
1.0,36,6.658576
1.0,19,6.659929
1.0,26,6.661828
0.0,49,6.66537
0.0,8,6.665971
1.0,17,6.667212
0.0,29,6.669359
0.0,11,6.67018
0.0,27,6.672179
0.0,16,6.673352
0.0,34,6.675849
0.0,54,6.679811
0.0,7,6.680337
1.0,26,6.682213
1.0,91,6.688652
0.0,39,6.691082
0.0,72,6.696392
0.0,26,6.69852
1.0,41,6.701421
0.0,13,6.702397
1.0,62,6.70644
0.0,16,6.707534
1.0,62,6.711979
1.0,34,6.714427
0.0,35,6.717024
1.0,39,6.71991
1.0,38,6.722704
0.0,2,6.722862
1.0,35,6.72544
0.0,13,6.726409
1.0,33,6.728844
1.0,43,6.732007
1.0,37,6.734724
1.0,37,6.737384
1.0,27,6.739376
1.0,32,6.741735
0.0,12,6.742634
1.0,41,6.745592
1.0,31,6.747862
1.0,13,6.748788
0.0,122,6.757536
1.0,156,6.768713
1.0,23,6.77036
0.0,40,6.773286
1.0,31,6.775557
0.0,2,6.775709
0.0,12,6.776566
0.0,15,6.777665
1.0,33,6.780101
1.0,35,6.782646
1.0,34,6.78514
0.0,24,6.786872
0.0,23,6.788574
1.0,40,6.79139
0.0,6,6.791844
0.0,14,6.79282
1.0,42,6.795763
0.0,6,6.796218
0.0,35,6.798722
0.0,31,6.8009
0.0,8,6.801492
1.0,39,6.804381
0.0,15,6.80549
0.0,4,6.805796
1.0,36,6.80845
1.0,33,6.810884
0.0,6,6.811338
1.0,32,6.81368
1.0,36,6.816305
1.0,42,6.819349
1.0,29,6.821477
1.0,46,6.824814
1.0,34,6.827313
1.0,43,6.830488
1.0,32,6.832834
0.0,13,6.833799
0.0,2,6.833959
1.0,35,6.836475
1.0,41,6.839463
0.0,11,6.84027
1.0,72,6.845568
1.0,33,6.848001
1.0,37,6.850721
1.0,34,6.853216
0.0,11,6.854028
1.0,30,6.856222
1.0,29,6.858358
0.0,27,6.860353
0.0,22,6.861981
0.0,29,6.864105
1.0,32,6.866427
0.0,28,6.868513
1.0,40,6.871412
1.0,36,6.87403
1.0,41,6.877022
1.0,40,6.879947
0.0,6,6.880404
0.0,25,6.882244
1.0,32,6.884587
1.0,39,6.887434
1.0,41,6.890375
1.0,40,6.893288
0.0,45,6.896611
1.0,38,6.899396
0.0,32,6.901778
0.0,27,6.903764
0.0,7,6.904288
1.0,40,6.90721
1.0,37,6.909902
1.0,31,6.912191
1.0,33,6.914618
1.0,29,6.916759
1.0,31,6.919016
1.0,17,6.92025
1.0,30,6.922487
0.0,14,6.923525
0.0,28,6.925594
1.0,41,6.928595
0.0,8,6.929195
1.0,35,6.93177
1.0,31,6.93404
1.0,37,6.936744
1.0,42,6.939868
1.0,46,6.943206
1.0,37,6.945912
1.0,33,6.948301
1.0,42,6.95139
1.0,35,6.953949
1.0,61,6.95842
0.0,35,6.960943
1.0,46,6.9643
1.0,32,6.966658
0.0,6,6.967112
0.0,4,6.967419
0.0,11,6.968247
0.0,9,6.968932
1.0,132,6.978664
1.0,86,6.984801
1.0,40,6.987757
0.0,20,6.989288
0.0,19,6.990659
0.0,28,6.992727
0.0,4,6.993034
0.0,23,6.994751
1.0,40,6.997663
0.0,34,7.000179
1.0,33,7.002615
1.0,36,7.005275
0.0,17,7.006521
0.0,15,7.007637
1.0,24,7.009412
1.0,25,7.011235
0.0,6,7.011692
0.0,12,7.012592
1.0,28,7.014638
1.0,27,7.016608
1.0,29,7.018721
1.0,27,7.020696
1.0,24,7.022457
1.0,54,7.026381
1.0,25,7.028221
0.0,21,7.029769
0.0,8,7.030374
1.0,27,7.032345
1.0,45,7.035623
1.0,26,7.037544
1.0,37,7.040217
1.0,17,7.041451
0.0,9,7.042138
0.0,163,7.05416
0.0,75,7.05973
0.0,76,7.065297
1.0,81,7.071287
1.0,37,7.073981
1.0,32,7.076302
1.0,164,7.088321
0.0,43,7.091482
1.0,84,7.097572
1.0,32,7.09994
1.0,46,7.103331
0.0,12,7.104234
1.0,32,7.106567
1.0,26,7.108457
0.0,23,7.110169
0.0,68,7.115201
1.0,80,7.121111
0.0,15,7.122242
0.0,7,7.122765
1.0,65,7.127566
0.0,19,7.128968
0.0,7,7.129497
0.0,20,7.130969
0.0,20,7.13243
0.0,6,7.132884
0.0,34,7.135384
0.0,6,7.13584
0.0,45,7.139197
0.0,4,7.139507
0.0,12,7.140397
1.0,33,7.142801
0.0,11,7.143631
1.0,51,7.147377
1.0,84,7.153512
0.0,25,7.155381
1.0,37,7.158107
1.0,39,7.160974
1.0,54,7.164942
1.0,36,7.167604
1.0,82,7.173622
0.0,21,7.17519
1.0,45,7.1785
0.0,24,7.180278
0.0,25,7.18215
1.0,69,7.187232
1.0,46,7.190518
1.0,42,7.193625
1.0,51,7.197277
1.0,45,7.200608
0.0,12,7.201519
1.0,44,7.20479
1.0,31,7.207066
0.0,41,7.210074
1.0,47,7.213569
1.0,46,7.216882
1.0,33,7.219302
1.0,54,7.223251
1.0,53,7.227162
1.0,39,7.229973
0.0,11,7.230808
0.0,32,7.233174
1.0,53,7.237063
0.0,50,7.240768
1.0,47,7.244215
0.0,16,7.245407
0.0,25,7.247227
1.0,42,7.25032
0.0,4,7.250619
1.0,32,7.252965
1.0,17,7.254174
0.0,86,7.260447
1.0,215,7.275812
1.0,36,7.278445
1.0,35,7.281023
1.0,45,7.284284
1.0,21,7.285785
1.0,28,7.287834
1.0,36,7.290501
1.0,38,7.293297
0.0,12,7.294192
0.0,2,7.294351
1.0,39,7.297174
1.0,43,7.300358
1.0,35,7.302948
1.0,32,7.305317
1.0,43,7.308473
1.0,42,7.311562
0.0,19,7.312972
1.0,33,7.315357
1.0,16,7.316506
0.0,15,7.317553
1.0,38,7.320282
0.0,25,7.321955
0.0,9,7.322635
1.0,22,7.324078
0.0,35,7.3263
1.0,77,7.331604
