#{"t_start": 1717539049.8171258, "env_id": "Mordor-v0"}
r,l,t
0.0,26,0.009578
0.0,23,0.017127
0.0,30,0.026469
0.0,13,0.030516
0.0,38,0.041948
0.0,27,0.050193
0.0,27,0.058182
0.0,15,0.062785
0.0,59,0.080786
0.0,15,0.08529
0.0,35,0.096008
0.0,18,0.101297
0.0,27,0.109508
0.0,51,0.124989
0.0,29,0.133934
0.0,26,0.141921
0.0,28,0.150594
0.0,36,0.161634
0.0,82,0.186992
0.0,39,0.198743
0.0,18,0.203856
0.0,16,0.208758
0.0,11,0.212131
0.0,50,0.227262
0.0,34,0.237676
0.0,60,0.256189
0.0,17,0.260914
0.0,59,0.278871
0.0,53,0.29528
0.0,25,0.302529
0.0,17,0.307765
0.0,14,0.312064
0.0,28,0.320477
0.0,5,0.32202
0.0,64,0.341423
0.0,46,0.355481
0.0,13,0.359444
0.0,85,0.385906
0.0,40,0.397847
0.0,15,0.402463
0.0,5,0.403994
0.0,31,0.412975
0.0,57,0.43002
0.0,42,0.442933
0.0,339,0.536176
0.0,6,0.538062
0.0,62,0.557228
0.0,117,0.592909
0.0,213,0.653247
0.0,26,0.661373
0.0,44,0.674484
0.0,94,0.703396
0.0,69,0.724724
0.0,73,0.747199
0.0,74,0.770346
0.0,316,0.868493
0.0,95,0.898218
0.0,56,0.914706
0.0,100,0.945854
0.0,41,0.957869
0.0,3,0.958801
0.0,32,0.968236
0.0,55,0.984914
0.0,18,0.990518
0.0,31,1.000188
0.0,71,1.022234
0.0,217,1.088985
0.0,52,1.105192
0.0,62,1.123854
0.0,6,1.125726
0.0,34,1.136366
0.0,120,1.173717
0.0,242,1.248757
0.0,14,1.253139
0.0,184,1.309849
0.0,8,1.312345
0.0,89,1.339997
0.0,47,1.354193
0.0,72,1.376373
0.0,21,1.382788
0.0,17,1.388067
0.0,392,1.510177
0.0,53,1.526756
0.0,313,1.616571
0.0,41,1.629347
0.0,52,1.645542
0.0,44,1.658418
0.0,26,1.666534
0.0,14,1.670881
0.0,36,1.681195
0.0,17,1.686499
0.0,24,1.693804
0.0,24,1.70127
0.0,101,1.732571
0.0,16,1.737548
0.0,30,1.746471
0.0,219,1.814609
0.0,35,1.825517
0.0,109,1.858546
0.0,11,1.861972
0.0,42,1.874931
0.0,14,1.87926
0.0,37,1.890809
0.0,165,1.94211
0.0,119,1.978923
0.0,169,2.03001
0.0,61,2.048673
0.0,68,2.06979
0.0,32,2.079762
0.0,114,2.115184
0.0,248,2.191514
0.0,23,2.198556
0.0,14,2.202867
0.0,49,2.218065
0.0,180,2.269293
0.0,52,2.285352
0.0,92,2.313561
0.0,141,2.355109
0.0,350,2.453609
0.0,314,2.551455
0.0,235,2.623074
0.0,34,2.633686
0.0,134,2.674833
0.0,41,2.687655
0.0,11,2.691075
0.0,16,2.695953
0.0,239,2.770101
0.0,138,2.812914
0.0,55,2.829616
0.0,207,2.893751
0.0,87,2.920833
0.0,4,2.922081
0.0,212,2.987996
0.0,53,3.004423
0.0,429,3.145088
0.0,137,3.188207
0.0,156,3.236483
0.0,32,3.245384
0.0,44,3.259229
0.0,230,3.331202
0.0,49,3.345734
0.0,82,3.370923
0.0,43,3.384314
0.0,235,3.456562
0.0,25,3.464234
0.0,89,3.491945
0.0,15,3.496644
0.0,251,3.568427
0.0,42,3.581488
0.0,24,3.588724
0.0,82,3.613462
0.0,35,3.623468
0.0,9,3.626291
0.0,27,3.634617
0.0,304,3.729536
0.0,97,3.759458
0.0,25,3.767304
0.0,101,3.798004
0.0,206,3.862253
0.0,9,3.864975
0.0,77,3.888818
0.0,29,3.897843
0.0,31,3.907303
0.0,206,3.971003
0.0,671,4.160907
0.0,3,4.161904
0.0,174,4.213997
0.0,511,4.37344
0.0,21,4.379992
0.0,35,4.39031
0.0,137,4.432792
0.0,319,4.531517
0.0,63,4.550998
0.0,120,4.588011
0.0,437,4.721186
0.0,26,4.729241
0.0,372,4.841414
0.0,66,4.86163
0.0,47,4.875949
0.0,466,5.019506
0.0,367,5.132498
0.0,53,5.14773
0.0,66,5.168075
0.0,38,5.179426
0.0,219,5.240233
0.0,171,5.29299
0.0,33,5.302832
0.0,8,5.305292
0.0,98,5.335674
0.0,58,5.353638
0.0,26,5.36104
0.0,78,5.384925
0.0,117,5.42138
0.0,180,5.47121
0.0,72,5.493518
0.0,59,5.511427
0.0,19,5.517204
0.0,23,5.524485
0.0,44,5.53811
0.0,254,5.6088
0.0,28,5.617386
0.0,10,5.620191
0.0,170,5.670588
0.0,157,5.71935
0.0,26,5.72733
0.0,69,5.748388
0.0,53,5.764454
0.0,155,5.812715
0.0,339,5.905802
0.0,11,5.909222
0.0,438,6.043872
0.0,86,6.070019
0.0,74,6.093377
0.0,44,6.107017
0.0,46,6.120833
0.0,48,6.135614
0.0,556,6.307965
0.0,18,6.313297
0.0,45,6.327129
0.0,144,6.371662
0.0,210,6.429632
0.0,40,6.441908
0.0,51,6.457627
0.0,282,6.535834
0.0,37,6.547248
0.0,10,6.550226
0.0,25,6.5575
0.0,89,6.584804
0.0,55,6.601654
0.0,64,6.621127
1.0,39,6.633176
0.0,37,6.644536
0.0,251,6.713787
1.0,212,6.779403
0.0,37,6.790685
0.0,163,6.836236
0.0,163,6.886761
0.0,57,6.903972
0.0,78,6.925915
0.0,65,6.945958
0.0,37,6.956703
1.0,245,7.032368
1.0,45,7.045866
0.0,89,7.07338
0.0,397,7.182893
1.0,29,7.191344
0.0,70,7.212959
0.0,120,7.249867
0.0,184,7.306727
0.0,32,7.316508
0.0,206,7.373445
1.0,23,7.380221
0.0,160,7.430048
0.0,158,7.47892
1.0,23,7.485681
0.0,39,7.497256
0.0,26,7.504831
1.0,22,7.511363
1.0,73,7.533858
0.0,151,7.580453
1.0,24,7.587328
0.0,19,7.59308
0.0,26,7.600978
1.0,17,7.605964
0.0,31,7.615564
0.0,17,7.620685
1.0,18,7.625993
1.0,74,7.648467
0.0,25,7.656133
1.0,17,7.661146
0.0,109,7.694559
0.0,31,7.704009
1.0,18,7.709264
0.0,118,7.745771
1.0,65,7.765682
1.0,17,7.770688
0.0,26,7.778725
0.0,39,7.790057
1.0,18,7.795364
1.0,52,7.811394
0.0,47,7.82578
1.0,22,7.832284
0.0,92,7.860839
0.0,70,7.882188
1.0,31,7.891412
0.0,34,7.901628
1.0,67,7.921659
0.0,15,7.926098
0.0,15,7.930629
0.0,30,7.939767
1.0,19,7.945266
0.0,21,7.95172
0.0,63,7.970845
1.0,19,7.976439
0.0,157,8.025104
0.0,95,8.05267
0.0,7,8.054684
1.0,41,8.066993
1.0,99,8.097434
1.0,21,8.103652
1.0,153,8.150957
1.0,48,8.165409
1.0,18,8.17066
1.0,52,8.186719
0.0,58,8.206048
1.0,19,8.212312
0.0,40,8.225379
0.0,43,8.2386
1.0,17,8.243621
1.0,89,8.271108
0.0,4,8.272363
1.0,20,8.27828
1.0,171,8.33114
0.0,17,8.336313
1.0,18,8.341507
1.0,41,8.353973
1.0,50,8.368997
0.0,11,8.372239
1.0,58,8.390033
0.0,36,8.401136
1.0,20,8.406983
0.0,14,8.411275
1.0,57,8.428522
0.0,13,8.43235
0.0,27,8.440645
0.0,37,8.451863
1.0,20,8.457765
0.0,17,8.463001
0.0,19,8.468881
1.0,22,8.475329
1.0,47,8.48956
0.0,63,8.508777
1.0,17,8.513747
1.0,52,8.529505
0.0,35,8.540561
1.0,17,8.545528
1.0,33,8.555573
1.0,59,8.573481
0.0,22,8.580116
0.0,54,8.596867
1.0,44,8.610225
1.0,17,8.6152
1.0,27,8.623435
1.0,47,8.637704
1.0,17,8.642679
0.0,19,8.648509
1.0,47,8.66257
1.0,19,8.668072
0.0,6,8.669871
0.0,87,8.695052
1.0,17,8.700043
1.0,131,8.74058
1.0,66,8.76085
1.0,19,8.766467
0.0,46,8.780717
0.0,11,8.784152
1.0,21,8.790381
0.0,17,8.795584
1.0,54,8.811978
1.0,19,8.817568
1.0,67,8.838279
0.0,436,8.959295
1.0,17,8.964326
0.0,16,8.969081
1.0,56,8.985953
0.0,7,8.987955
1.0,51,9.003388
0.0,8,9.005854
1.0,19,9.011435
0.0,7,9.013541
1.0,36,9.024337
1.0,17,9.029338
0.0,20,9.035479
0.0,26,9.043255
1.0,19,9.048853
1.0,40,9.060946
1.0,34,9.070984
1.0,17,9.076046
0.0,13,9.079841
1.0,44,9.092928
0.0,9,9.095543
0.0,28,9.104068
1.0,37,9.115105
1.0,20,9.121019
1.0,29,9.129884
1.0,35,9.140191
1.0,17,9.145131
1.0,37,9.156236
0.0,27,9.164283
1.0,19,9.169859
0.0,11,9.173191
1.0,34,9.183332
0.0,14,9.187497
1.0,86,9.214041
1.0,31,9.223291
1.0,19,9.228828
1.0,21,9.235168
1.0,34,9.245359
0.0,46,9.259492
1.0,28,9.267899
1.0,35,9.278231
1.0,19,9.283762
1.0,43,9.296868
1.0,37,9.307849
0.0,22,9.314021
1.0,45,9.327861
1.0,30,9.336852
1.0,18,9.34214
1.0,22,9.348816
1.0,34,9.358987
1.0,19,9.364574
1.0,21,9.370947
1.0,34,9.381137
1.0,17,9.386111
1.0,83,9.411826
0.0,9,9.414462
1.0,17,9.419434
1.0,27,9.427533
1.0,35,9.437987
1.0,20,9.443854
1.0,37,9.45506
1.0,36,9.465767
1.0,20,9.471643
1.0,38,9.483202
0.0,42,9.495898
1.0,18,9.501164
1.0,23,9.50814
1.0,35,9.518491
1.0,19,9.524009
1.0,23,9.530952
1.0,35,9.541764
1.0,21,9.547959
1.0,24,9.555254
1.0,34,9.565405
1.0,21,9.571598
1.0,70,9.593187
0.0,3,9.594129
1.0,20,9.599935
1.0,20,9.606024
1.0,32,9.615522
1.0,17,9.620503
1.0,47,9.63483
1.0,37,9.645752
0.0,15,9.650199
0.0,13,9.654183
1.0,38,9.665326
1.0,18,9.670499
1.0,20,9.676565
1.0,37,9.687622
1.0,18,9.692781
1.0,23,9.699644
1.0,32,9.709161
1.0,17,9.714122
1.0,23,9.721074
1.0,30,9.73002
1.0,21,9.736213
1.0,20,9.74227
0.0,133,9.779425
1.0,19,9.785036
0.0,17,9.790242
0.0,21,9.796465
1.0,22,9.802826
1.0,23,9.809772
0.0,69,9.829118
1.0,22,9.835495
1.0,21,9.841793
1.0,35,9.852185
1.0,20,9.858052
1.0,20,9.864107
1.0,34,9.874264
1.0,18,9.879453
1.0,22,9.886135
0.0,19,9.891747
1.0,19,9.897264
1.0,37,9.908402
0.0,15,9.912844
1.0,17,9.917817
1.0,20,9.923906
0.0,20,9.930052
1.0,17,9.935015
1.0,21,9.94137
0.0,178,9.9908
1.0,17,9.9958
1.0,22,10.002488
1.0,34,10.012632
0.0,15,10.017067
0.0,12,10.02073
1.0,31,10.02996
1.0,24,10.036987
1.0,26,10.044864
1.0,35,10.055363
1.0,24,10.062644
1.0,24,10.069918
0.0,18,10.075342
1.0,19,10.080917
0.0,15,10.085489
1.0,32,10.094968
1.0,20,10.100656
1.0,26,10.108572
1.0,37,10.119585
1.0,17,10.124555
0.0,18,10.130066
0.0,147,10.170861
1.0,20,10.17678
1.0,21,10.183114
1.0,31,10.192321
0.0,15,10.196758
1.0,21,10.203078
0.0,17,10.207961
0.0,15,10.212444
1.0,21,10.218749
1.0,33,10.22848
1.0,18,10.233651
1.0,105,10.265986
1.0,32,10.275616
1.0,17,10.280579
1.0,20,10.28664
1.0,34,10.296822
1.0,22,10.303252
1.0,20,10.309333
1.0,31,10.318535
1.0,17,10.323509
1.0,20,10.329572
1.0,39,10.341092
1.0,18,10.346378
1.0,23,10.353338
1.0,34,10.363467
1.0,20,10.369354
1.0,22,10.376033
0.0,23,10.382891
1.0,17,10.38786
0.0,15,10.392449
1.0,32,10.401953
1.0,17,10.406924
1.0,20,10.412972
1.0,30,10.421847
1.0,17,10.426823
0.0,38,10.438583
0.0,17,10.443554
1.0,17,10.448554
1.0,20,10.454614
0.0,28,10.462849
1.0,20,10.468727
0.0,15,10.473312
0.0,15,10.477755
1.0,21,10.483842
1.0,63,10.503218
1.0,34,10.513367
1.0,19,10.518864
1.0,20,10.524814
1.0,32,10.534298
1.0,17,10.539276
1.0,22,10.546239
1.0,32,10.555789
1.0,22,10.562162
1.0,23,10.569143
1.0,30,10.578063
1.0,19,10.583564
1.0,30,10.592679
1.0,36,10.603368
1.0,17,10.60834
1.0,20,10.614397
0.0,18,10.619746
1.0,17,10.624709
1.0,20,10.630777
1.0,35,10.64123
0.0,11,10.644461
1.0,20,10.650546
1.0,33,10.660285
1.0,19,10.665802
0.0,12,10.669446
1.0,37,10.680416
1.0,18,10.685625
1.0,24,10.692915
1.0,36,10.703529
1.0,19,10.709117
1.0,22,10.715813
0.0,129,10.751726
1.0,21,10.757959
1.0,24,10.76524
1.0,35,10.775331
1.0,17,10.780336
1.0,22,10.786861
0.0,42,10.799763
0.0,14,10.803907
1.0,23,10.810785
1.0,38,10.822188
1.0,19,10.827763
1.0,31,10.837177
1.0,32,10.846663
1.0,19,10.852231
1.0,22,10.858908
1.0,36,10.869686
1.0,18,10.874932
0.0,14,10.879184
1.0,37,10.890033
0.0,13,10.893846
0.0,9,10.896579
0.0,9,10.899093
1.0,19,10.904662
1.0,20,10.910717
1.0,30,10.919598
1.0,17,10.924563
1.0,49,10.939572
1.0,31,10.948823
0.0,13,10.952631
0.0,12,10.956273
1.0,30,10.965206
1.0,25,10.97262
0.0,12,10.976271
0.0,17,10.981253
1.0,17,10.986208
1.0,26,10.994073
1.0,32,11.003575
1.0,19,11.009032
1.0,43,11.021919
0.0,67,11.040891
1.0,18,11.046141
1.0,23,11.053128
1.0,35,11.063562
1.0,19,11.069154
1.0,21,11.075428
1.0,31,11.084599
1.0,17,11.089567
1.0,22,11.096185
1.0,32,11.105572
1.0,17,11.110575
1.0,21,11.11695
1.0,34,11.127017
1.0,22,11.133431
1.0,22,11.140125
1.0,42,11.152655
1.0,21,11.158863
1.0,22,11.165551
1.0,34,11.175636
1.0,21,11.181728
1.0,20,11.187811
0.0,7,11.189825
1.0,20,11.195722
1.0,25,11.203316
0.0,25,11.210771
1.0,17,11.215749
1.0,22,11.222417
1.0,30,11.231302
1.0,21,11.237438
0.0,9,11.240182
0.0,55,11.25712
1.0,20,11.262938
1.0,23,11.269824
1.0,31,11.279059
1.0,17,11.284046
0.0,9,11.286671
0.0,28,11.295151
1.0,19,11.300725
1.0,24,11.308039
0.0,27,11.315968
1.0,19,11.321558
1.0,27,11.32977
1.0,32,11.339251
1.0,17,11.344222
1.0,21,11.350514
1.0,31,11.359746
1.0,20,11.365523
1.0,25,11.373114
0.0,4,11.374339
1.0,17,11.3793
1.0,22,11.385975
0.0,18,11.391236
1.0,19,11.396721
1.0,23,11.403697
0.0,60,11.420558
1.0,24,11.427509
1.0,22,11.434183
1.0,36,11.444949
1.0,17,11.449926
1.0,22,11.456597
0.0,7,11.458597
1.0,17,11.463561
0.0,9,11.46628
0.0,15,11.470714
1.0,18,11.475888
0.0,11,11.47924
1.0,34,11.48942
1.0,17,11.494375
1.0,22,11.501069
0.0,7,11.503095
1.0,17,11.508069
1.0,28,11.516583
1.0,32,11.526144
1.0,20,11.532034
1.0,40,11.544259
1.0,37,11.555469
1.0,17,11.560449
1.0,22,11.567128
1.0,34,11.577135
1.0,18,11.582407
0.0,11,11.585754
0.0,220,11.646745
1.0,19,11.65228
1.0,20,11.658344
1.0,34,11.668433
1.0,19,11.673959
1.0,24,11.681245
1.0,35,11.691603
1.0,21,11.697705
1.0,21,11.704007
0.0,12,11.70757
1.0,19,11.713169
1.0,22,11.719783
1.0,33,11.72954
0.0,7,11.731535
1.0,21,11.737898
0.0,17,11.742958
1.0,22,11.749405
1.0,22,11.756084
1.0,32,11.76565
1.0,19,11.771261
1.0,24,11.77858
0.0,11,11.781748
1.0,27,11.789778
1.0,21,11.796151
0.0,7,11.798163
1.0,17,11.803147
1.0,24,11.810452
1.0,32,11.820013
1.0,17,11.824987
1.0,20,11.831055
0.0,85,11.854896
1.0,17,11.859869
1.0,21,11.866252
1.0,41,11.878686
1.0,20,11.884462
1.0,20,11.890539
1.0,35,11.900658
1.0,19,11.906234
1.0,25,11.913618
0.0,19,11.919417
1.0,21,11.925622
1.0,22,11.932275
0.0,11,11.935415
1.0,18,11.940679
1.0,27,11.948473
1.0,30,11.957336
1.0,17,11.9623
1.0,25,11.969762
1.0,33,11.979589
0.0,17,11.984625
1.0,21,11.990892
1.0,35,12.001281
1.0,19,12.006848
1.0,20,12.012901
1.0,30,12.021826
1.0,19,12.027404
1.0,20,12.033485
0.0,20,12.039457
1.0,17,12.044418
0.0,9,12.047139
0.0,328,12.137681
1.0,21,12.14392
1.0,27,12.152164
1.0,32,12.161607
1.0,21,12.167702
0.0,9,12.17044
0.0,295,12.251612
1.0,17,12.256615
1.0,22,12.26334
1.0,32,12.272853
1.0,17,12.27784
1.0,25,12.285243
1.0,31,12.294497
1.0,19,12.300255
1.0,20,12.306295
0.0,38,12.317364
1.0,17,12.322335
1.0,24,12.329612
0.0,35,12.339816
1.0,17,12.344767
1.0,20,12.350821
0.0,39,12.362754
1.0,19,12.368319
1.0,24,12.375561
1.0,42,12.388074
1.0,19,12.393555
1.0,20,12.399594
0.0,32,12.409315
1.0,21,12.4155
1.0,22,12.422154
1.0,30,12.431102
1.0,19,12.436619
1.0,20,12.442674
0.0,9,12.445286
1.0,17,12.450268
1.0,23,12.457164
1.0,34,12.467188
1.0,20,12.472988
0.0,11,12.476337
1.0,41,12.48875
1.0,19,12.494279
1.0,24,12.501556
0.0,23,12.508353
1.0,19,12.513935
1.0,22,12.520595
1.0,32,12.530139
1.0,17,12.535107
0.0,11,12.538436
1.0,38,12.549503
0.0,9,12.55228
1.0,26,12.560335
1.0,32,12.569803
1.0,18,12.57507
1.0,20,12.581137
1.0,32,12.590614
1.0,22,12.596954
1.0,43,12.609943
1.0,46,12.62383
1.0,18,12.629102
1.0,24,12.636365
1.0,36,12.646924
1.0,17,12.651889
1.0,24,12.659158
1.0,36,12.669936
1.0,17,12.674902
1.0,20,12.680952
0.0,457,12.806491
0.0,13,12.810335
1.0,23,12.817331
1.0,33,12.827207
1.0,17,12.83218
0.0,14,12.836454
1.0,46,12.850373
1.0,17,12.85533
0.0,14,12.859585
1.0,36,12.870121
1.0,21,12.8763
0.0,10,12.87932
1.0,31,12.888472
1.0,18,12.893733
0.0,20,12.899817
0.0,82,12.922744
0.0,11,12.925957
1.0,22,12.932607
1.0,32,12.942049
0.0,13,12.945836
1.0,24,12.953091
0.0,20,12.95897
1.0,17,12.963931
0.0,14,12.968199
1.0,36,12.978758
1.0,17,12.983722
1.0,23,12.990682
1.0,34,13.000733
1.0,19,13.006311
1.0,22,13.012962
1.0,33,13.022627
1.0,21,13.028699
1.0,26,13.036486
1.0,38,13.047801
1.0,25,13.054975
1.0,25,13.062395
1.0,40,13.07453
1.0,17,13.079468
1.0,22,13.086163
0.0,26,13.093909
1.0,19,13.099475
1.0,22,13.106135
1.0,38,13.117412
1.0,17,13.122378
0.0,10,13.125409
0.0,13,13.129223
0.0,74,13.151956
1.0,23,13.15897
1.0,33,13.16867
1.0,18,13.173914
1.0,25,13.181388
1.0,34,13.191424
1.0,17,13.196383
1.0,23,13.203356
1.0,30,13.212216
0.0,10,13.215097
1.0,20,13.221166
1.0,32,13.230667
1.0,19,13.236147
1.0,22,13.242841
1.0,35,13.25329
1.0,20,13.259161
1.0,22,13.265832
1.0,31,13.274978
1.0,17,13.279946
1.0,20,13.285997
1.0,32,13.295505
1.0,23,13.302301
1.0,23,13.30926
1.0,42,13.321997
1.0,18,13.327211
1.0,22,13.333879
1.0,38,13.345259
1.0,21,13.351426
0.0,14,13.35571
0.0,25,13.363087
1.0,18,13.368241
1.0,26,13.376131
1.0,36,13.38682
1.0,19,13.392327
1.0,20,13.398389
1.0,36,13.409043
1.0,17,13.414034
0.0,16,13.418859
1.0,37,13.429956
1.0,18,13.43514
1.0,24,13.442417
0.0,171,13.489935
1.0,17,13.494913
1.0,24,13.502193
1.0,31,13.511417
1.0,20,13.517253
1.0,21,13.523597
1.0,33,13.533284
1.0,19,13.538861
1.0,24,13.546141
0.0,17,13.551191
1.0,18,13.556466
1.0,27,13.56482
1.0,32,13.574354
1.0,17,13.579323
1.0,23,13.586281
1.0,31,13.595426
1.0,17,13.600393
0.0,28,13.608991
1.0,37,13.619916
0.0,11,13.623142
1.0,20,13.629202
1.0,33,13.639041
1.0,19,13.644612
0.0,21,13.651014
0.0,277,13.727247
1.0,17,13.732231
1.0,20,13.738313
1.0,41,13.750549
1.0,19,13.756126
0.0,13,13.760093
0.0,26,13.767778
1.0,17,13.772746
0.0,17,13.777943
0.0,539,13.924594
0.0,17,13.929614
0.0,11,13.93296
0.0,33,13.94283
1.0,17,13.947815
1.0,21,13.954178
1.0,32,13.963729
1.0,18,13.968994
1.0,22,13.975666
0.0,1078,14.269395
1.0,17,14.274445
0.0,9,14.277167
1.0,36,14.287852
1.0,17,14.292824
1.0,22,14.299478
0.0,45,14.312596
1.0,19,14.31817
0.0,3,14.319086
1.0,36,14.329753
1.0,18,14.335032
1.0,20,14.341098
1.0,32,14.350651
1.0,25,14.358
0.0,9,14.360727
1.0,40,14.37269
1.0,21,14.378809
1.0,20,14.384847
1.0,32,14.394389
1.0,21,14.400513
1.0,28,14.408998
1.0,33,14.418743
0.0,18,14.424068
1.0,27,14.432155
1.0,31,14.441231
1.0,17,14.446179
1.0,21,14.452526
1.0,32,14.46207
1.0,24,14.46909
1.0,25,14.476616
0.0,90,14.500698
1.0,19,14.506289
1.0,23,14.513266
0.0,42,14.525141
1.0,17,14.530113
1.0,26,14.537977
0.0,72,14.558395
1.0,23,14.565439
1.0,24,14.572613
1.0,35,14.583089
1.0,19,14.588667
1.0,24,14.595987
1.0,30,14.604941
1.0,18,14.610212
1.0,26,14.618091
1.0,35,14.628429
1.0,17,14.633405
1.0,24,14.640663
1.0,33,14.650473
0.0,15,14.654907
1.0,22,14.661596
1.0,51,14.677059
1.0,17,14.68201
1.0,22,14.688689
1.0,32,14.698228
1.0,19,14.703797
0.0,11,14.70714
1.0,32,14.71658
1.0,17,14.721551
1.0,20,14.72765
0.0,18,14.732898
1.0,18,14.738179
0.0,11,14.741525
0.0,53,14.756704
0.0,9,14.759305
1.0,20,14.765352
1.0,35,14.775675
1.0,18,14.780901
1.0,20,14.78695
1.0,33,14.79683
1.0,18,14.802081
1.0,22,14.80875
1.0,34,14.818904
1.0,17,14.823875
0.0,17,14.82896
0.0,24,14.836092
1.0,22,14.84256
1.0,22,14.849227
0.0,31,14.858376
1.0,21,14.864573
1.0,20,14.870633
1.0,32,14.880184
1.0,23,14.886999
1.0,24,14.894277
0.0,28,14.902586
1.0,19,14.908159
0.0,15,14.912737
1.0,32,14.922133
1.0,22,14.928543
1.0,22,14.935297
1.0,34,14.945458
1.0,19,14.950944
0.0,14,14.955186
0.0,51,14.970634
1.0,17,14.975629
1.0,24,14.98293
1.0,32,14.992481
1.0,19,14.998069
1.0,24,15.005326
1.0,37,15.016311
1.0,19,15.021747
1.0,22,15.028432
1.0,33,15.038147
1.0,17,15.043111
1.0,22,15.049593
1.0,39,15.061227
1.0,21,15.067429
0.0,13,15.071293
0.0,24,15.078574
1.0,23,15.085374
0.0,11,15.088618
0.0,28,15.096899
1.0,20,15.102689
1.0,22,15.109361
1.0,35,15.119733
1.0,19,15.125302
1.0,21,15.131479
1.0,35,15.141715
1.0,22,15.148216
1.0,26,15.155956
1.0,49,15.170391
1.0,17,15.175358
1.0,22,15.182049
0.0,79,15.203741
1.0,25,15.210853
0.0,18,15.216365
0.0,17,15.221339
1.0,17,15.226302
1.0,25,15.233826
0.0,19,15.239426
1.0,17,15.244393
1.0,20,15.250275
1.0,30,15.259245
1.0,21,15.265372
1.0,24,15.272666
1.0,32,15.28212
1.0,17,15.287088
1.0,21,15.293374
1.0,34,15.303441
1.0,17,15.308412
1.0,24,15.315561
1.0,37,15.326599
1.0,17,15.331572
1.0,22,15.338101
1.0,36,15.348798
1.0,21,15.354926
1.0,22,15.361524
1.0,34,15.3716
1.0,22,15.378117
0.0,14,15.382408
1.0,34,15.39263
1.0,23,15.399448
1.0,20,15.405443
1.0,34,15.415652
1.0,21,15.421756
1.0,22,15.428462
1.0,35,15.438925
1.0,17,15.443923
1.0,22,15.450481
1.0,32,15.46009
1.0,20,15.466002
0.0,19,15.471733
0.0,21,15.477885
1.0,21,15.484094
1.0,25,15.491527
1.0,34,15.501733
1.0,18,15.507037
1.0,22,15.513639
1.0,34,15.523749
1.0,25,15.531184
1.0,22,15.53787
1.0,32,15.547465
1.0,17,15.552452
1.0,25,15.55979
1.0,34,15.570229
1.0,17,15.575207
1.0,21,15.581505
1.0,34,15.591597
1.0,17,15.596563
1.0,20,15.602625
1.0,36,15.613318
1.0,19,15.618778
1.0,24,15.625914
0.0,29,15.634463
1.0,18,15.639739
0.0,17,15.64492
1.0,32,15.654451
1.0,19,15.660042
0.0,7,15.662044
0.0,19,15.667692
1.0,19,15.673175
1.0,22,15.679845
1.0,30,15.688803
1.0,20,15.694697
0.0,19,15.700527
1.0,31,15.709727
1.0,20,15.715646
1.0,21,15.722033
0.0,11,15.725159
1.0,21,15.731445
1.0,27,15.7393
0.0,112,15.769943
1.0,17,15.774929
1.0,32,15.784565
0.0,353,15.881804
1.0,19,15.887336
1.0,22,15.893989
1.0,34,15.904103
1.0,17,15.909083
1.0,22,15.915565
0.0,333,16.010375
1.0,19,16.015912
0.0,18,16.021229
0.0,29,16.029859
1.0,17,16.034859
0.0,9,16.03759
1.0,30,16.046563
1.0,19,16.052134
0.0,25,16.05971
0.0,15,16.064121
1.0,17,16.069098
1.0,20,16.075053
1.0,32,16.084491
1.0,19,16.090049
1.0,22,16.09669
1.0,30,16.105585
1.0,20,16.111303
1.0,21,16.117635
1.0,39,16.129194
1.0,20,16.134923
1.0,24,16.142064
1.0,32,16.151569
0.0,9,16.154164
1.0,22,16.160816
0.0,396,16.268282
1.0,17,16.273276
0.0,16,16.278067
1.0,39,16.289603
1.0,17,16.29458
1.0,25,16.302019
0.0,9,16.304651
0.0,15,16.309116
1.0,26,16.317009
1.0,30,16.325958
1.0,21,16.332088
1.0,28,16.34056
0.0,32,16.350098
1.0,19,16.355588
1.0,24,16.362772
1.0,31,16.371953
0.0,45,16.385682
1.0,22,16.392349
1.0,40,16.404511
1.0,21,16.410704
1.0,20,16.416755
0.0,129,16.452589
1.0,17,16.457571
1.0,27,16.46568
1.0,35,16.47615
1.0,17,16.481112
1.0,22,16.487625
1.0,33,16.497485
0.0,9,16.500104
1.0,22,16.506708
1.0,32,16.516255
1.0,17,16.52121
1.0,22,16.527802
1.0,31,16.536978
1.0,17,16.541942
1.0,20,16.548017
1.0,35,16.558421
1.0,17,16.563387
0.0,9,16.56602
0.0,12,16.569706
1.0,17,16.574856
0.0,10,16.577902
1.0,37,16.588885
1.0,18,16.594147
1.0,21,16.600356
1.0,36,16.610865
1.0,17,16.615834
0.0,16,16.62058
1.0,32,16.630139
1.0,17,16.635143
1.0,23,16.642041
1.0,36,16.652687
1.0,20,16.658562
1.0,22,16.665241
1.0,56,16.682319
1.0,20,16.688144
1.0,21,16.694445
0.0,23,16.701286
1.0,17,16.706252
0.0,9,16.708983
1.0,33,16.718744
1.0,19,16.724341
1.0,24,16.731528
1.0,34,16.741692
1.0,19,16.747212
0.0,17,16.752324
1.0,45,16.765929
1.0,21,16.77229
0.0,15,16.776864
1.0,30,16.785815
1.0,21,16.791857
0.0,14,16.79614
1.0,35,16.806596
1.0,17,16.811582
1.0,22,16.818266
1.0,35,16.828677
1.0,20,16.834478
1.0,20,16.840543
1.0,30,16.849503
1.0,18,16.854718
1.0,22,16.861315
0.0,48,16.87543
1.0,17,16.880412
1.0,27,16.888528
1.0,35,16.899029
1.0,21,16.905216
1.0,24,16.912506
1.0,34,16.922579
1.0,17,16.92757
1.0,24,16.934765
1.0,32,16.944346
1.0,17,16.949326
1.0,29,16.957968
1.0,35,16.968297
0.0,9,16.970911
1.0,23,16.977742
1.0,37,16.988851
1.0,19,16.994441
1.0,20,17.000522
1.0,36,17.011235
1.0,20,17.01714
1.0,20,17.023217
0.0,38,17.03492
1.0,18,17.040212
0.0,11,17.043561
1.0,33,17.053318
1.0,21,17.059454
1.0,21,17.065827
1.0,32,17.075399
0.0,3,17.076308
1.0,23,17.083289
1.0,34,17.093475
1.0,19,17.099101
1.0,20,17.105086
1.0,37,17.115938
1.0,17,17.120922
1.0,24,17.128223
1.0,38,17.139473
1.0,23,17.146129
1.0,20,17.15211
0.0,29,17.160978
1.0,19,17.166575
1.0,23,17.173502
1.0,32,17.183083
1.0,21,17.189226
1.0,20,17.195309
1.0,45,17.208885
1.0,18,17.214176
1.0,20,17.220246
0.0,307,17.305025
1.0,20,17.310888
1.0,20,17.31697
1.0,32,17.326413
1.0,17,17.331378
1.0,20,17.337355
1.0,34,17.347517
1.0,19,17.352996
1.0,28,17.36153
1.0,30,17.370488
1.0,19,17.376072
1.0,22,17.382566
1.0,32,17.392044
1.0,19,17.397524
1.0,24,17.404619
0.0,49,17.419621
0.0,7,17.421617
1.0,20,17.427701
1.0,32,17.437247
1.0,17,17.442188
1.0,27,17.450266
0.0,137,17.492531
1.0,21,17.498627
1.0,21,17.505018
1.0,30,17.513964
0.0,13,17.51781
0.0,17,17.523001
0.0,30,17.531967
0.0,16,17.536655
1.0,20,17.542629
1.0,34,17.552718
1.0,18,17.557939
0.0,11,17.561279
1.0,32,17.570706
1.0,17,17.575983
0.0,85,17.60211
1.0,34,17.612162
1.0,19,17.617699
1.0,20,17.623804
0.0,138,17.662544
1.0,17,17.667551
1.0,22,17.674161
1.0,33,17.684004
1.0,21,17.690209
1.0,29,17.698933
0.0,7,17.700936
1.0,19,17.706504
1.0,28,17.714916
1.0,30,17.723825
1.0,20,17.729699
0.0,12,17.73333
1.0,31,17.74249
1.0,21,17.748564
1.0,20,17.75463
0.0,24,17.761884
1.0,25,17.769448
1.0,23,17.776335
0.0,36,17.786636
1.0,17,17.791597
0.0,17,17.796786
1.0,33,17.806593
1.0,23,17.813381
1.0,22,17.820051
1.0,38,17.831334
1.0,20,17.83707
1.0,22,17.843569
0.0,248,17.911489
1.0,18,17.916823
1.0,23,17.923897
1.0,32,17.933332
1.0,17,17.938335
1.0,22,17.944941
1.0,32,17.954523
0.0,13,17.958327
1.0,22,17.964824
1.0,40,17.976725
1.0,21,17.982849
1.0,20,17.988882
0.0,9,17.991394
1.0,20,17.997202
1.0,21,18.003587
1.0,35,18.013966
0.0,13,18.0178
1.0,24,18.024997
0.0,7,18.027182
1.0,19,18.032769
1.0,20,18.038673
0.0,15,18.043292
1.0,19,18.048878
1.0,22,18.055439
1.0,34,18.065518
1.0,20,18.071339
1.0,22,18.078006
1.0,36,18.088798
0.0,13,18.092789
1.0,22,18.099342
0.0,19,18.104982
1.0,19,18.110556
0.0,9,18.11318
1.0,37,18.124053
1.0,17,18.129004
1.0,21,18.135195
0.0,247,18.202691
1.0,19,18.208315
1.0,22,18.214843
0.0,8,18.217083
1.0,21,18.223216
1.0,23,18.230214
0.0,19,18.23581
1.0,23,18.242467
0.0,17,18.247561
0.0,13,18.251299
1.0,19,18.256873
0.0,10,18.259794
1.0,31,18.268951
1.0,19,18.274443
1.0,22,18.281027
1.0,37,18.292099
1.0,19,18.297581
1.0,20,18.303615
1.0,33,18.313417
1.0,19,18.318978
1.0,20,18.324934
0.0,23,18.331637
1.0,22,18.338012
0.0,17,18.343181
0.0,174,18.392005
1.0,19,18.39754
0.0,26,18.405109
1.0,33,18.414944
1.0,17,18.419919
1.0,23,18.426787
1.0,34,18.436828
0.0,17,18.441842
1.0,22,18.448409
0.0,18,18.453677
1.0,17,18.458628
0.0,15,18.463174
1.0,32,18.472521
0.0,13,18.476295
1.0,20,18.482329
1.0,42,18.494724
0.0,7,18.496719
1.0,22,18.503365
1.0,31,18.512516
0.0,7,18.514496
1.0,24,18.521744
1.0,33,18.53157
1.0,17,18.536521
1.0,20,18.542471
0.0,26,18.550229
0.0,13,18.554056
1.0,20,18.56009
1.0,31,18.569239
1.0,22,18.575628
1.0,21,18.582314
0.0,539,18.729658
1.0,21,18.735861
1.0,20,18.741911
1.0,34,18.751966
1.0,17,18.75692
1.0,21,18.763221
1.0,46,18.777207
0.0,34,18.787567
1.0,24,18.794683
1.0,35,18.805143
0.0,9,18.807772
1.0,20,18.813733
1.0,40,18.825707
1.0,19,18.831283
0.0,11,18.834625
1.0,40,18.846757
0.0,16,18.851475
1.0,24,18.858674
1.0,30,18.867598
1.0,17,18.872563
1.0,21,18.878933
1.0,38,18.890195
1.0,17,18.895149
1.0,22,18.901818
1.0,33,18.91151
1.0,20,18.917361
1.0,24,18.924632
1.0,32,18.934194
1.0,17,18.939182
1.0,20,18.945169
1.0,32,18.954731
1.0,17,18.959707
1.0,20,18.965756
1.0,35,18.976114
0.0,19,18.981777
1.0,23,18.988745
0.0,39,18.999598
1.0,17,19.00457
1.0,20,19.010653
0.0,28,19.019017
1.0,17,19.023976
0.0,13,19.027931
1.0,41,19.040179
0.0,9,19.042797
1.0,20,19.048851
0.0,32,19.058594
1.0,21,19.064738
1.0,22,19.071282
1.0,36,19.08206
1.0,21,19.088148
1.0,20,19.094119
0.0,25,19.101364
1.0,17,19.106315
1.0,22,19.112818
1.0,38,19.124053
1.0,21,19.130243
1.0,22,19.136939
1.0,33,19.146769
1.0,32,19.156276
0.0,27,19.164505
1.0,32,19.173984
1.0,22,19.180378
0.0,16,19.185199
0.0,7,19.187211
1.0,21,19.193565
1.0,20,19.199467
1.0,33,19.209225
1.0,24,19.216149
0.0,11,19.219392
1.0,30,19.228308
0.0,17,19.233343
1.0,26,19.241024
1.0,40,19.252871
1.0,19,19.258446
1.0,22,19.26512
0.0,21,19.271342
1.0,19,19.27692
1.0,27,19.284988
1.0,32,19.294514
1.0,21,19.30058
1.0,22,19.307053
1.0,31,19.316192
1.0,17,19.321125
1.0,28,19.329471
1.0,36,19.340229
1.0,20,19.345997
1.0,20,19.351962
0.0,9,19.354589
1.0,24,19.361576
1.0,21,19.367828
1.0,37,19.378747
1.0,17,19.383711
0.0,12,19.387291
1.0,35,19.397637
1.0,17,19.402563
1.0,23,19.409441
0.0,56,19.42538
1.0,20,19.431264
1.0,22,19.437943
0.0,9,19.440576
0.0,7,19.44273
1.0,20,19.44864
1.0,34,19.458795
1.0,19,19.464376
1.0,24,19.471589
0.0,7,19.473598
1.0,18,19.478858
1.0,22,19.485524
0.0,19,19.491005
0.0,3,19.491921
1.0,24,19.499132
1.0,33,19.508867
1.0,19,19.514431
1.0,20,19.520336
1.0,32,19.529882
1.0,17,19.534853
1.0,25,19.54225
1.0,38,19.553374
1.0,19,19.558855
1.0,26,19.566637
1.0,35,19.576966
1.0,24,19.584373
0.0,16,19.589266
0.0,246,19.658474
1.0,21,19.664698
1.0,24,19.671786
1.0,33,19.681329
1.0,19,19.686848
1.0,26,19.694662
1.0,38,19.705939
1.0,26,19.713678
1.0,20,19.719589
0.0,25,19.726937
1.0,17,19.73194
1.0,20,19.737919
0.0,9,19.74054
1.0,19,19.746131
1.0,20,19.752104
1.0,34,19.762105
1.0,20,19.768007
0.0,22,19.774662
0.0,60,19.791992
1.0,17,19.796993
0.0,18,19.802487
1.0,30,19.811373
1.0,19,19.816963
1.0,22,19.823627
0.0,11,19.826881
1.0,17,19.83187
1.0,20,19.837953
1.0,36,19.848724
1.0,18,19.854006
1.0,20,19.859995
1.0,35,19.87032
1.0,23,19.876968
1.0,30,19.885668
1.0,30,19.894556
1.0,23,19.901368
1.0,24,19.908563
1.0,32,19.918125
1.0,18,19.923404
0.0,16,19.928341
1.0,32,19.937844
1.0,17,19.942827
0.0,12,19.946499
0.0,12,19.950057
1.0,23,19.95687
1.0,22,19.963548
1.0,32,19.973122
1.0,19,19.978609
1.0,25,19.986142
0.0,20,19.9919
1.0,17,19.996874
1.0,24,20.004161
1.0,38,20.015514
1.0,19,20.021104
0.0,15,20.025685
1.0,34,20.035844
1.0,20,20.041736
1.0,24,20.049038
1.0,34,20.059242
0.0,67,20.07974
0.0,15,20.084175
1.0,36,20.094859
1.0,22,20.101219
1.0,23,20.10813
0.0,10,20.110877
1.0,19,20.116472
1.0,20,20.122551
1.0,33,20.132347
1.0,19,20.137862
0.0,7,20.139952
0.0,27,20.148034
1.0,17,20.153011
1.0,24,20.16028
1.0,46,20.174235
1.0,17,20.179205
1.0,25,20.186712
0.0,47,20.201119
1.0,20,20.20699
1.0,20,20.212967
1.0,33,20.222752
1.0,19,20.228333
1.0,24,20.235524
0.0,27,20.243604
1.0,24,20.250886
1.0,24,20.258172
0.0,25,20.265613
1.0,17,20.270583
0.0,16,20.275466
1.0,33,20.285298
0.0,17,20.290354
1.0,23,20.297329
0.0,44,20.309625
1.0,19,20.315184
1.0,20,20.321244
0.0,171,20.370189
1.0,18,20.375464
1.0,22,20.382169
1.0,32,20.391699
1.0,19,20.397193
1.0,20,20.403163
1.0,32,20.412704
1.0,17,20.417652
1.0,20,20.423713
1.0,32,20.433169
1.0,18,20.438407
1.0,22,20.445068
1.0,32,20.454606
1.0,29,20.463133
1.0,21,20.469279
1.0,36,20.479969
1.0,19,20.485546
1.0,20,20.491595
1.0,33,20.501377
1.0,19,20.507129
1.0,22,20.513804
0.0,9,20.516422
1.0,19,20.521982
1.0,23,20.528856
0.0,42,20.541269
1.0,17,20.546218
1.0,24,20.553332
1.0,45,20.566917
1.0,17,20.571864
0.0,13,20.575717
1.0,31,20.584881
1.0,19,20.590711
1.0,22,20.597114
1.0,34,20.607166
1.0,18,20.612373
1.0,20,20.61843
1.0,32,20.627863
1.0,17,20.632819
1.0,21,20.639077
1.0,32,20.648611
1.0,22,20.655123
1.0,22,20.661798
1.0,35,20.672254
1.0,17,20.677207
0.0,8,20.679548
1.0,39,20.691047
1.0,18,20.696248
1.0,22,20.702908
1.0,30,20.711734
0.0,10,20.714636
1.0,21,20.720832
1.0,30,20.729748
1.0,20,20.735614
1.0,21,20.741984
1.0,33,20.751747
0.0,74,20.774488
1.0,22,20.781207
0.0,125,20.815552
1.0,22,20.822084
1.0,23,20.828969
0.0,25,20.836353
1.0,17,20.841347
1.0,24,20.84859
1.0,35,20.858952
1.0,18,20.86414
1.0,22,20.870851
1.0,32,20.880384
1.0,18,20.885633
1.0,23,20.892596
1.0,34,20.902588
1.0,17,20.907558
0.0,14,20.911835
1.0,36,20.922589
0.0,15,20.926939
1.0,23,20.933918
1.0,30,20.942831
1.0,17,20.947796
0.0,13,20.951598
1.0,33,20.961372
0.0,17,20.966413
1.0,20,20.97246
1.0,31,20.981572
0.0,7,20.983566
1.0,22,20.99014
1.0,31,20.999333
1.0,18,21.004597
1.0,26,21.012485
1.0,38,21.023746
1.0,27,21.031462
1.0,22,21.038017
1.0,34,21.048086
0.0,11,21.051306
1.0,25,21.058779
1.0,30,21.067694
1.0,17,21.072646
1.0,22,21.079204
0.0,22,21.085601
1.0,18,21.090864
1.0,24,21.098043
1.0,30,21.106875
1.0,24,21.113894
1.0,20,21.119848
1.0,36,21.130504
1.0,17,21.13546
1.0,20,21.141505
1.0,31,21.150709
1.0,17,21.155654
1.0,25,21.163235
1.0,36,21.173912
1.0,19,21.179487
1.0,20,21.185456
0.0,111,21.219654
1.0,17,21.224627
1.0,22,21.231227
1.0,30,21.240167
1.0,17,21.245161
1.0,20,21.251229
1.0,31,21.260365
1.0,19,21.265933
1.0,20,21.271985
0.0,16,21.276701
1.0,20,21.28247
1.0,21,21.288717
1.0,34,21.298803
1.0,19,21.304306
1.0,20,21.310384
1.0,34,21.32042
1.0,17,21.325372
1.0,24,21.332663
0.0,19,21.338222
1.0,18,21.343489
1.0,21,21.34984
1.0,45,21.363421
1.0,17,21.368378
1.0,25,21.375756
1.0,30,21.384648
1.0,19,21.390132
1.0,23,21.397011
1.0,35,21.40747
1.0,20,21.413334
1.0,24,21.420446
1.0,33,21.430216
1.0,18,21.435405
1.0,20,21.441323
0.0,52,21.457108
1.0,19,21.462685
0.0,15,21.467263
1.0,38,21.478646
1.0,24,21.485654
1.0,20,21.491731
1.0,34,21.501876
1.0,17,21.506861
0.0,9,21.50959
1.0,30,21.518453
1.0,22,21.52503
1.0,22,21.531677
1.0,43,21.544605
1.0,19,21.550075
1.0,22,21.556648
0.0,100,21.584863
1.0,20,21.590776
0.0,17,21.596167
0.0,9,21.598794
1.0,22,21.605172
1.0,23,21.61172
0.0,21,21.617935
1.0,18,21.623214
1.0,22,21.629802
0.0,267,21.703923
1.0,21,21.710146
0.0,13,21.714037
0.0,28,21.722433
1.0,17,21.727412
1.0,24,21.734486
1.0,34,21.744509
1.0,19,21.750083
1.0,22,21.756762
0.0,4,21.757993
1.0,17,21.762929
1.0,20,21.769015
1.0,35,21.779349
1.0,17,21.784283
1.0,20,21.790374
1.0,32,21.799898
1.0,21,21.805972
1.0,22,21.812533
1.0,35,21.822896
1.0,22,21.829371
1.0,25,21.836967
1.0,38,21.848154
1.0,19,21.853712
1.0,20,21.859681
1.0,34,21.869845
1.0,19,21.875419
1.0,20,21.881469
1.0,38,21.892734
1.0,17,21.897697
1.0,22,21.90439
0.0,13,21.908207
1.0,18,21.913405
0.0,13,21.917366
1.0,38,21.928498
1.0,21,21.934748
1.0,22,21.941321
1.0,33,21.951017
1.0,17,21.955988
0.0,9,21.958615
0.0,23,21.965435
1.0,18,21.970727
1.0,22,21.97731
0.0,3,21.978223
0.0,14,21.982322
0.0,13,21.986188
0.0,171,22.035955
1.0,20,22.041809
1.0,21,22.048198
0.0,15,22.052659
1.0,18,22.057956
1.0,22,22.064654
1.0,30,22.073605
1.0,19,22.07919
1.0,22,22.085857
0.0,20,22.091718
1.0,18,22.096896
1.0,20,22.102975
1.0,36,22.11361
0.0,9,22.116221
1.0,20,22.12225
0.0,273,22.198315
0.0,14,22.202469
1.0,21,22.208843
1.0,40,22.220821
0.0,19,22.226412
1.0,24,22.233703
1.0,32,22.243171
1.0,17,22.24813
1.0,25,22.255696
0.0,21,22.261896
1.0,17,22.266852
1.0,20,22.272794
1.0,31,22.281894
1.0,19,22.28746
0.0,9,22.290185
0.0,7,22.292341
1.0,17,22.297315
1.0,20,22.303285
1.0,32,22.312817
1.0,18,22.318069
1.0,24,22.325188
0.0,48,22.3399
1.0,19,22.345483
1.0,22,22.352154
1.0,30,22.361004
1.0,18,22.366274
1.0,22,22.372842
0.0,12,22.376217
1.0,17,22.381185
1.0,22,22.387832
1.0,35,22.39806
1.0,19,22.403813
0.0,7,22.405815
0.0,11,22.408953
1.0,21,22.415135
1.0,20,22.421189
1.0,31,22.430435
1.0,17,22.435381
1.0,21,22.441727
1.0,34,22.451884
1.0,19,22.457461
1.0,21,22.463808
1.0,34,22.473883
1.0,20,22.479676
1.0,25,22.48717
0.0,25,22.494436
1.0,23,22.501152
1.0,24,22.508413
1.0,34,22.518471
1.0,17,22.523427
1.0,20,22.529393
0.0,21,22.535586
1.0,21,22.541778
1.0,22,22.548341
1.0,36,22.558994
1.0,18,22.564258
1.0,20,22.570323
0.0,23,22.57706
1.0,19,22.582527
1.0,21,22.588889
0.0,82,22.61142
1.0,20,22.617313
0.0,40,22.629534
0.0,18,22.634931
1.0,19,22.640516
0.0,3,22.64143
1.0,36,22.65202
1.0,19,22.657607
1.0,28,22.66609
0.0,72,22.68796
1.0,17,22.692969
1.0,24,22.700083
0.0,13,22.703891
1.0,19,22.70938
1.0,21,22.71565
1.0,34,22.725832
1.0,17,22.730819
1.0,24,22.737713
1.0,36,22.748414
1.0,21,22.754564
1.0,22,22.761166
1.0,30,22.770121
1.0,23,22.776695
0.0,11,22.779953
1.0,33,22.789621
1.0,17,22.794593
1.0,24,22.801798
0.0,26,22.809558
1.0,17,22.814525
1.0,22,22.821229
1.0,32,22.830791
1.0,18,22.835972
1.0,25,22.843573
0.0,102,22.874945
1.0,25,22.882361
1.0,24,22.889564
1.0,34,22.899647
1.0,19,22.90521
1.0,21,22.911589
1.0,36,22.922269
1.0,17,22.927252
1.0,21,22.933533
1.0,36,22.944232
1.0,21,22.95041
1.0,30,22.959431
0.0,211,23.017321
0.0,7,23.019361
1.0,24,23.026643
1.0,34,23.036799
1.0,19,23.042379
1.0,20,23.048437
1.0,35,23.058875
1.0,19,23.064443
1.0,20,23.070486
1.0,41,23.082568
1.0,17,23.087555
1.0,22,23.094062
1.0,32,23.103586
1.0,23,23.110362
0.0,14,23.114607
1.0,35,23.12484
1.0,23,23.131645
1.0,22,23.13811
0.0,26,23.145726
1.0,17,23.150709
1.0,20,23.156595
1.0,32,23.165941
1.0,21,23.172297
1.0,22,23.178963
1.0,35,23.189246
1.0,17,23.19419
1.0,24,23.201312
0.0,41,23.213734
1.0,17,23.218713
1.0,22,23.225203
1.0,38,23.236466
1.0,21,23.242636
1.0,22,23.249289
1.0,43,23.262255
1.0,23,23.269045
1.0,25,23.276615
1.0,36,23.287236
1.0,17,23.292208
0.0,51,23.307859
1.0,32,23.317396
0.0,56,23.334562
1.0,22,23.341092
1.0,34,23.351278
1.0,19,23.356863
0.0,12,23.360526
0.0,75,23.383615
1.0,19,23.389147
1.0,24,23.396325
1.0,33,23.40615
1.0,21,23.412276
1.0,21,23.41849
1.0,30,23.427359
0.0,15,23.431791
1.0,20,23.437843
1.0,36,23.448623
1.0,19,23.454203
0.0,9,23.456932
1.0,32,23.466316
0.0,9,23.46893
1.0,20,23.474835
1.0,50,23.489966
1.0,19,23.495544
1.0,24,23.502841
1.0,36,23.513594
1.0,17,23.518566
0.0,18,23.524085
0.0,19,23.529677
1.0,19,23.535251
1.0,20,23.541226
0.0,65,23.56103
1.0,17,23.566009
1.0,23,23.572822
1.0,33,23.582664
1.0,19,23.588243
1.0,26,23.595979
0.0,10,23.598848
1.0,17,23.604012
1.0,26,23.611914
1.0,32,23.621451
1.0,17,23.626412
1.0,23,23.633282
0.0,14,23.637335
1.0,20,23.643214
1.0,20,23.649185
1.0,36,23.659845
1.0,19,23.665392
0.0,19,23.670994
1.0,32,23.680443
1.0,18,23.685699
1.0,20,23.691648
1.0,34,23.701794
1.0,21,23.707968
1.0,25,23.71547
1.0,33,23.725334
1.0,18,23.730537
1.0,20,23.736604
1.0,34,23.746763
1.0,19,23.752347
0.0,15,23.75683
1.0,33,23.766597
1.0,20,23.772403
1.0,20,23.778462
0.0,13,23.782305
1.0,19,23.787808
1.0,20,23.793912
1.0,37,23.804988
1.0,17,23.809979
1.0,25,23.817486
1.0,35,23.827936
1.0,21,23.834104
0.0,17,23.839128
0.0,9,23.841748
1.0,21,23.847824
1.0,25,23.855202
0.0,18,23.860601
0.0,3,23.861518
1.0,21,23.867805
0.0,22,23.874495
1.0,18,23.87967
0.0,21,23.885873
0.0,13,23.889693
1.0,21,23.895874
1.0,24,23.903041
0.0,33,23.912705
1.0,22,23.919192
1.0,22,23.925731
0.0,7,23.927738
1.0,18,23.932925
1.0,21,23.939148
0.0,218,23.99919
1.0,17,24.004178
1.0,20,24.010231
1.0,33,24.020029
1.0,19,24.025613
1.0,22,24.032086
0.0,11,24.035318
1.0,21,24.041511
1.0,24,24.0488
0.0,63,24.068178
1.0,19,24.073677
1.0,20,24.079738
0.0,9,24.082363
0.0,37,24.093624
1.0,21,24.099903
0.0,16,24.104818
1.0,22,24.111318
1.0,23,24.118286
1.0,37,24.129465
1.0,20,24.135237
1.0,21,24.141363
0.0,29,24.150154
1.0,19,24.155713
1.0,24,24.162904
1.0,31,24.172129
1.0,23,24.178898
0.0,11,24.182128
0.0,33,24.192168
1.0,19,24.19774
1.0,23,24.204705
1.0,42,24.217393
1.0,17,24.222365
0.0,17,24.227468
1.0,42,24.240223
1.0,17,24.245161
1.0,21,24.251515
1.0,48,24.266012
1.0,18,24.271302
1.0,20,24.277369
0.0,31,24.286789
1.0,23,24.293584
1.0,23,24.300564
1.0,45,24.31425
1.0,17,24.319219
1.0,25,24.326634
1.0,40,24.338803
1.0,21,24.344935
1.0,26,24.352688
0.0,17,24.357901
1.0,21,24.364095
1.0,24,24.371379
1.0,32,24.38083
1.0,21,24.387194
1.0,22,24.393779
1.0,38,24.405322
1.0,19,24.410898
1.0,20,24.416866
0.0,17,24.422085
1.0,21,24.428109
1.0,25,24.435642
1.0,42,24.448379
1.0,17,24.453348
0.0,17,24.458548
1.0,44,24.47192
1.0,18,24.477196
1.0,21,24.483367
1.0,43,24.496438
1.0,19,24.501932
1.0,22,24.50845
0.0,31,24.517826
1.0,18,24.523018
0.0,12,24.526668
1.0,38,24.538054
1.0,21,24.544221
1.0,22,24.550798
0.0,38,24.562228
1.0,17,24.567203
0.0,10,24.570231
1.0,47,24.584428
1.0,21,24.590608
0.0,14,24.594776
0.0,1229,24.933774
0.0,22,24.940402
1.0,20,24.946327
1.0,48,24.960938
1.0,21,24.967112
1.0,20,24.97316
1.0,46,24.98717
1.0,17,24.992128
1.0,24,24.999262
1.0,45,25.012873
0.0,13,25.016686
1.0,23,25.023508
1.0,45,25.037076
0.0,11,25.040223
1.0,20,25.046125
1.0,45,25.059813
1.0,17,25.064772
1.0,20,25.070748
0.0,23,25.077816
1.0,19,25.083399
0.0,11,25.086759
1.0,47,25.101033
1.0,17,25.105974
1.0,24,25.113253
1.0,45,25.126841
1.0,18,25.132107
1.0,22,25.138787
1.0,45,25.152304
1.0,18,25.157513
1.0,20,25.163471
0.0,27,25.171629
1.0,17,25.176599
1.0,24,25.183684
1.0,43,25.196748
1.0,20,25.202609
1.0,29,25.211121
0.0,44,25.224672
1.0,22,25.231143
1.0,23,25.237935
1.0,42,25.250529
1.0,20,25.256311
1.0,22,25.262956
1.0,40,25.274712
1.0,17,25.279674
1.0,24,25.286855
0.0,353,25.382345
1.0,17,25.387335
0.0,11,25.390665
1.0,37,25.401614
1.0,17,25.406585
1.0,24,25.413655
1.0,34,25.423808
0.0,186,25.481206
1.0,22,25.487904
1.0,30,25.496766
1.0,23,25.503724
1.0,21,25.510067
0.0,446,25.633318
1.0,19,25.638887
1.0,20,25.644928
0.0,51,25.659279
1.0,21,25.665279
1.0,22,25.671787
0.0,29,25.68034
1.0,17,25.685299
1.0,21,25.691559
0.0,41,25.704028
1.0,18,25.709282
0.0,92,25.737575
1.0,31,25.746826
1.0,17,25.751795
0.0,13,25.755754
1.0,35,25.76621
1.0,17,25.771171
1.0,22,25.777844
0.0,50,25.793277
1.0,17,25.798257
1.0,22,25.804808
1.0,35,25.815187
1.0,17,25.820152
1.0,20,25.826207
0.0,19,25.831789
1.0,19,25.837264
1.0,20,25.843324
1.0,32,25.852862
1.0,18,25.858036
1.0,24,25.865207
1.0,34,25.875348
0.0,7,25.877332
1.0,24,25.884225
0.0,122,25.917979
1.0,19,25.923566
1.0,20,25.929543
0.0,577,26.0885
1.0,17,26.093514
1.0,23,26.100384
1.0,41,26.112606
1.0,17,26.117577
1.0,22,26.124135
1.0,40,26.135943
1.0,18,26.141137
0.0,20,26.147235
1.0,32,26.156751
1.0,19,26.162228
1.0,22,26.168772
0.0,128,26.204086
0.0,7,26.20609
0.0,12,26.209748
1.0,32,26.219258
1.0,17,26.224228
1.0,21,26.230501
1.0,31,26.239634
1.0,17,26.244597
0.0,9,26.247219
0.0,23,26.254008
1.0,17,26.258956
1.0,24,26.266131
0.0,35,26.276694
1.0,21,26.282846
1.0,27,26.290843
1.0,32,26.30025
1.0,19,26.305797
0.0,18,26.311329
1.0,30,26.320232
1.0,22,26.326637
1.0,25,26.334099
1.0,35,26.344322
1.0,19,26.349794
1.0,22,26.356337
1.0,40,26.368118
1.0,19,26.373677
1.0,20,26.379742
1.0,32,26.389261
1.0,22,26.395707
1.0,21,26.40186
1.0,32,26.411334
1.0,17,26.416275
0.0,18,26.421728
0.0,27,26.429711
1.0,19,26.435282
1.0,20,26.44127
0.0,11,26.4444
1.0,22,26.450724
1.0,24,26.457896
1.0,31,26.467104
1.0,20,26.472881
1.0,26,26.480643
1.0,38,26.491919
1.0,19,26.497475
0.0,11,26.500794
1.0,41,26.513212
1.0,20,26.518969
1.0,20,26.525009
1.0,36,26.535731
0.0,18,26.541053
1.0,21,26.547288
1.0,40,26.559374
1.0,19,26.564862
1.0,22,26.571345
0.0,13,26.575162
1.0,20,26.580962
1.0,20,26.586996
1.0,34,26.59694
1.0,20,26.602706
1.0,20,26.608735
0.0,27,26.617084
1.0,22,26.623481
1.0,22,26.630044
0.0,34,26.640364
1.0,19,26.645934
1.0,20,26.651973
0.0,9,26.654576
1.0,22,26.660841
1.0,24,26.668015
1.0,48,26.6825
1.0,19,26.688045
1.0,22,26.69443
0.0,98,26.721556
1.0,19,26.727214
1.0,20,26.733213
0.0,7,26.735255
0.0,13,26.739027
1.0,23,26.745815
0.0,19,26.751526
1.0,17,26.756499
1.0,24,26.763713
1.0,32,26.773195
1.0,25,26.780773
1.0,22,26.78743
1.0,42,26.800119
1.0,17,26.805084
1.0,21,26.811298
1.0,49,26.826109
1.0,19,26.83169
1.0,26,26.839381
1.0,41,26.851768
1.0,22,26.858185
1.0,20,26.864079
0.0,9,26.866854
1.0,17,26.871817
1.0,24,26.87912
1.0,33,26.888767
1.0,17,26.89373
1.0,20,26.899791
1.0,31,26.909024
1.0,22,26.915684
1.0,20,26.921656
0.0,29,26.930177
1.0,17,26.93514
1.0,20,26.941105
1.0,38,26.952275
1.0,19,26.957859
0.0,11,26.961197
1.0,38,26.97246
1.0,17,26.977423
1.0,22,26.983979
1.0,38,26.995268
1.0,18,27.000533
1.0,25,27.008113
1.0,33,27.017795
1.0,20,27.023564
1.0,21,27.029922
1.0,38,27.041153
1.0,20,27.046956
0.0,13,27.050898
1.0,31,27.06013
1.0,17,27.065092
1.0,24,27.072269
1.0,36,27.082957
1.0,17,27.087919
0.0,11,27.091257
0.0,17,27.096316
1.0,17,27.10129
1.0,26,27.108818
0.0,11,27.112059
1.0,17,27.117024
1.0,28,27.125433
1.0,33,27.135286
1.0,19,27.140845
1.0,20,27.146754
0.0,22,27.153204
1.0,21,27.159399
1.0,20,27.165375
1.0,44,27.178746
1.0,20,27.18463
0.0,16,27.189552
1.0,33,27.199395
1.0,22,27.205789
1.0,23,27.212681
0.0,20,27.218516
1.0,17,27.223497
1.0,28,27.231842
1.0,34,27.241978
1.0,18,27.247242
1.0,20,27.253301
1.0,32,27.262762
1.0,17,27.267707
1.0,22,27.274366
1.0,34,27.284432
0.0,68,27.30532
1.0,24,27.312525
1.0,37,27.323572
1.0,19,27.329045
1.0,22,27.335674
1.0,31,27.344872
1.0,17,27.349805
0.0,7,27.351899
1.0,36,27.362424
1.0,20,27.368275
1.0,22,27.374895
1.0,34,27.384901
1.0,19,27.390443
1.0,28,27.398758
0.0,9,27.401375
1.0,19,27.406941
1.0,20,27.412826
1.0,34,27.42293
1.0,17,27.427905
0.0,7,27.430001
1.0,32,27.439495
1.0,18,27.444638
1.0,26,27.452509
1.0,34,27.462631
1.0,17,27.467574
0.0,10,27.470596
1.0,32,27.480072
0.0,11,27.483275
1.0,24,27.490431
0.0,24,27.497679
1.0,20,27.503539
1.0,25,27.51097
0.0,20,27.516839
0.0,11,27.52005
0.0,15,27.524594
0.0,17,27.529583
0.0,17,27.534584
1.0,25,27.542031
1.0,34,27.551968
1.0,23,27.558748
1.0,25,27.566174
1.0,35,27.576487
1.0,20,27.582234
1.0,20,27.588261
1.0,35,27.598611
0.0,11,27.601808
1.0,20,27.607748
1.0,39,27.619665
1.0,18,27.624907
1.0,23,27.631717
1.0,45,27.645285
1.0,20,27.651048
1.0,26,27.658812
0.0,15,27.663224
1.0,17,27.668167
1.0,20,27.674106
0.0,74,27.694256
1.0,21,27.700433
0.0,19,27.70624
1.0,37,27.717191
1.0,17,27.722132
1.0,20,27.728165
1.0,42,27.740626
1.0,20,27.746401
1.0,25,27.753882
1.0,34,27.763978
1.0,19,27.769559
0.0,9,27.772183
0.0,165,27.816464
1.0,22,27.822828
1.0,24,27.82989
1.0,34,27.839946
1.0,18,27.84517
1.0,20,27.85125
0.0,24,27.858395
1.0,19,27.863967
1.0,24,27.871167
1.0,32,27.88072
1.0,21,27.886902
1.0,23,27.893916
1.0,37,27.904826
1.0,21,27.911018
1.0,24,27.918297
0.0,140,27.957394
0.0,11,27.960516
1.0,21,27.966717
1.0,30,27.975568
1.0,17,27.980532
1.0,22,27.987039
1.0,31,27.996168
1.0,21,28.002291
0.0,13,28.006238
1.0,34,28.01638
1.0,19,28.021959
0.0,13,28.025903
1.0,33,28.035651
1.0,19,28.041192
1.0,23,28.047945
1.0,32,28.057356
1.0,20,28.063074
1.0,23,28.070012
1.0,32,28.079518
1.0,17,28.084469
1.0,22,28.091135
1.0,37,28.10195
1.0,18,28.107197
1.0,31,28.116405
0.0,7,28.118405
0.0,16,28.123014
1.0,28,28.13124
0.0,11,28.13436
1.0,19,28.139918
1.0,20,28.145957
0.0,17,28.151022
1.0,17,28.155957
0.0,7,28.157966
1.0,32,28.167462
0.0,13,28.171248
1.0,20,28.177194
0.0,8,28.179486
1.0,21,28.185657
0.0,14,28.189859
0.0,103,28.221547
0.0,11,28.224665
0.0,11,28.227925
1.0,33,28.237718
1.0,24,28.244733
1.0,22,28.251391
0.0,47,28.26575
0.0,7,28.267752
1.0,20,28.27364
0.0,19,28.279203
1.0,21,28.285377
1.0,24,28.292644
1.0,32,28.302165
1.0,19,28.307727
1.0,20,28.313766
0.0,23,28.320594
1.0,19,28.326094
1.0,25,28.333655
1.0,34,28.343719
1.0,20,28.349601
1.0,23,28.356458
1.0,34,28.36658
1.0,17,28.371527
1.0,24,28.378631
1.0,34,28.388713
1.0,20,28.394567
1.0,20,28.400524
0.0,11,28.403671
1.0,19,28.409396
1.0,20,28.415442
0.0,23,28.422164
1.0,23,28.428915
0.0,15,28.433471
1.0,30,28.442286
1.0,20,28.448079
0.0,9,28.450689
1.0,34,28.460802
1.0,21,28.466885
0.0,13,28.470832
1.0,42,28.483468
1.0,17,28.488413
1.0,26,28.496042
0.0,21,28.502231
1.0,25,28.509365
1.0,20,28.515398
0.0,25,28.522798
1.0,17,28.527741
1.0,30,28.536635
0.0,15,28.541037
1.0,17,28.545998
1.0,20,28.551934
0.0,19,28.557555
1.0,20,28.563342
1.0,20,28.569289
1.0,33,28.57902
1.0,23,28.585699
1.0,24,28.592809
1.0,32,28.602231
1.0,18,28.607373
1.0,24,28.614537
1.0,32,28.624272
1.0,22,28.630607
1.0,24,28.637865
1.0,32,28.647372
1.0,21,28.653516
1.0,22,28.660069
0.0,26,28.667911
1.0,19,28.673457
1.0,20,28.679519
1.0,30,28.688406
1.0,17,28.693345
1.0,23,28.700185
1.0,32,28.709619
1.0,21,28.715783
1.0,20,28.721811
1.0,33,28.731563
0.0,27,28.739688
0.0,18,28.7451
1.0,33,28.754917
1.0,20,28.760668
1.0,27,28.768773
0.0,10,28.771677
1.0,17,28.776624
1.0,22,28.783292
0.0,24,28.790379
1.0,18,28.795554
1.0,23,28.802425
0.0,34,28.812611
1.0,17,28.817563
1.0,20,28.823586
1.0,38,28.834934
1.0,19,28.840503
1.0,26,28.848399
1.0,32,28.857923
0.0,13,28.86169
1.0,23,28.868482
1.0,30,28.877346
1.0,18,28.882591
1.0,24,28.889534
1.0,35,28.899864
1.0,17,28.904805
1.0,25,28.912272
0.0,245,28.979636
1.0,19,28.985145
1.0,24,28.992272
1.0,30,29.001181
1.0,19,29.006751
1.0,25,29.014137
1.0,32,29.023443
1.0,18,29.028634
1.0,20,29.034662
1.0,39,29.046297
1.0,20,29.052159
1.0,24,29.059428
1.0,31,29.06863
1.0,21,29.074815
1.0,20,29.08085
0.0,33,29.090845
1.0,18,29.096095
1.0,24,29.103244
1.0,37,29.114281
1.0,17,29.119237
1.0,22,29.125784
1.0,32,29.135184
1.0,17,29.140151
1.0,20,29.146085
1.0,32,29.155579
0.0,15,29.159988
1.0,20,29.165884
1.0,37,29.176903
1.0,18,29.182144
0.0,15,29.186619
1.0,31,29.195818
1.0,20,29.20168
1.0,22,29.208338
1.0,33,29.218067
1.0,19,29.223479
1.0,22,29.230105
1.0,39,29.241463
1.0,23,29.248126
1.0,20,29.254078
1.0,34,29.264176
1.0,18,29.269458
0.0,7,29.271457
0.0,7,29.27346
1.0,19,29.279016
1.0,21,29.285263
1.0,34,29.29531
1.0,17,29.300245
1.0,20,29.306278
1.0,34,29.316382
1.0,17,29.321299
1.0,22,29.327955
1.0,37,29.338906
1.0,18,29.344154
1.0,24,29.351399
1.0,34,29.361438
0.0,9,29.363893
1.0,24,29.371149
1.0,32,29.380633
0.0,11,29.383852
0.0,13,29.387803
1.0,32,29.397239
0.0,12,29.400767
1.0,24,29.408017
1.0,32,29.417522
1.0,18,29.422752
0.0,16,29.427624
0.0,55,29.444256
1.0,21,29.450356
0.0,12,29.453982
1.0,32,29.463365
1.0,18,29.468627
1.0,20,29.47456
0.0,21,29.480655
1.0,19,29.486193
1.0,25,29.493649
1.0,37,29.50457
1.0,19,29.510015
1.0,22,29.516448
1.0,32,29.525877
1.0,18,29.531114
1.0,22,29.537783
1.0,32,29.547216
1.0,17,29.55217
1.0,20,29.558225
1.0,30,29.567117
1.0,19,29.572616
1.0,23,29.579575
1.0,30,29.588466
0.0,7,29.590451
1.0,24,29.597622
0.0,104,29.629829
