#{"t_start": 1715548527.545253, "env_id": "Office-v0"}
r,l,t
1.0,19,0.00364
0.0,10,0.005355
0.0,6,0.006384
0.0,17,0.009078
0.0,4,0.009709
0.0,38,0.015577
0.0,21,0.018682
0.0,8,0.019839
1.0,44,0.02617
0.0,22,0.029333
0.0,65,0.038356
0.0,35,0.043232
0.0,172,0.066885
0.0,24,0.070182
0.0,86,0.081914
0.0,6,0.082738
0.0,27,0.086439
0.0,84,0.097871
0.0,24,0.101155
1.0,124,0.118089
0.0,38,0.12327
1.0,97,0.136538
0.0,16,0.138725
0.0,40,0.144194
0.0,91,0.156781
0.0,28,0.160782
0.0,36,0.165689
0.0,19,0.168283
0.0,12,0.169924
0.0,42,0.175668
0.0,114,0.191213
0.0,55,0.198717
1.0,3,0.199129
0.0,62,0.20758
0.0,42,0.213313
0.0,36,0.218241
1.0,250,0.252253
0.0,40,0.257721
0.0,120,0.274155
0.0,31,0.278397
0.0,199,0.305621
0.0,30,0.30973
0.0,49,0.316433
1.0,103,0.330546
0.0,53,0.337822
0.0,139,0.356843
0.0,126,0.374162
1.0,20,0.376899
1.0,174,0.400765
1.0,104,0.41497
0.0,139,0.434022
1.0,17,0.436362
0.0,28,0.440192
0.0,54,0.447588
0.0,89,0.459783
0.0,73,0.469826
0.0,13,0.471612
1.0,138,0.490595
0.0,113,0.506088
0.0,310,0.54874
0.0,31,0.553002
0.0,21,0.555895
0.0,61,0.564275
1.0,39,0.56964
1.0,241,0.602761
1.0,171,0.626349
0.0,128,0.643969
0.0,7,0.64494
0.0,31,0.649199
0.0,52,0.656349
0.0,293,0.696766
1.0,15,0.698838
0.0,76,0.709278
1.0,226,0.740484
0.0,49,0.747251
1.0,17,0.749585
0.0,1,0.749723
0.0,76,0.760188
0.0,98,0.773701
0.0,6,0.774538
0.0,46,0.780859
0.0,26,0.784428
0.0,88,0.796565
1.0,18,0.799047
0.0,26,0.802612
0.0,4,0.803166
1.0,182,0.828258
1.0,18,0.83073
1.0,189,0.856925
0.0,16,0.859135
1.0,87,0.871113
1.0,8,0.872213
0.0,4,0.872768
1.0,83,0.884187
0.0,135,0.902789
1.0,13,0.90458
0.0,18,0.907062
0.0,13,0.908862
1.0,85,0.920524
1.0,40,0.926074
0.0,13,0.927874
0.0,8,0.928978
0.0,48,0.935585
1.0,31,0.939853
0.0,29,0.943852
1.0,129,0.961671
1.0,174,0.985572
0.0,251,1.0202
1.0,7,1.021156
0.0,30,1.025268
0.0,14,1.027199
0.0,26,1.030783
1.0,22,1.033796
0.0,37,1.038888
0.0,18,1.041369
1.0,27,1.04507
1.0,112,1.060561
0.0,28,1.064419
0.0,4,1.064973
0.0,4,1.065535
0.0,64,1.074336
0.0,20,1.077095
0.0,180,1.101842
1.0,16,1.104046
1.0,95,1.117131
1.0,133,1.135524
1.0,110,1.150637
0.0,20,1.153389
1.0,187,1.179449
0.0,83,1.190877
1.0,104,1.205172
0.0,1,1.205319
0.0,35,1.210179
0.0,26,1.21378
0.0,68,1.223136
1.0,194,1.249854
0.0,39,1.255242
1.0,77,1.265828
1.0,61,1.274207
0.0,8,1.275317
0.0,74,1.285527
0.0,135,1.304146
0.0,201,1.331995
1.0,31,1.336261
1.0,144,1.356066
1.0,76,1.36655
1.0,93,1.387473
0.0,8,1.38881
0.0,85,1.400962
0.0,25,1.404505
0.0,10,1.405941
1.0,31,1.410302
0.0,35,1.415148
0.0,44,1.421255
0.0,15,1.423431
0.0,6,1.424283
1.0,107,1.439196
1.0,48,1.445824
1.0,318,1.489909
1.0,18,1.492397
1.0,18,1.494873
1.0,35,1.499751
0.0,35,1.504583
1.0,32,1.508989
0.0,36,1.513971
0.0,137,1.532992
0.0,188,1.559691
1.0,12,1.562407
1.0,250,1.597919
1.0,34,1.602696
0.0,52,1.609922
0.0,5,1.610628
0.0,34,1.615321
0.0,14,1.617278
1.0,67,1.626581
0.0,6,1.627419
1.0,67,1.636701
1.0,37,1.641827
0.0,10,1.643216
0.0,6,1.644056
0.0,90,1.656564
1.0,47,1.663087
0.0,51,1.67015
1.0,14,1.672099
0.0,138,1.691214
0.0,51,1.698255
0.0,54,1.705682
1.0,88,1.717868
1.0,101,1.731848
0.0,11,1.733379
1.0,112,1.74894
0.0,35,1.753813
0.0,13,1.755621
0.0,67,1.764904
0.0,130,1.782976
0.0,13,1.78479
0.0,44,1.790894
0.0,61,1.799369
0.0,228,1.83107
1.0,37,1.836185
0.0,2,1.836472
1.0,119,1.853048
0.0,47,1.859547
1.0,11,1.861081
1.0,99,1.874847
1.0,18,1.877311
0.0,14,1.879246
1.0,36,1.884222
1.0,20,1.886972
0.0,14,1.888903
0.0,88,1.901068
1.0,18,1.903561
0.0,57,1.911465
1.0,52,1.918673
0.0,41,1.924328
1.0,18,1.92683
1.0,8,1.927934
0.0,13,1.929736
0.0,23,1.932917
0.0,1,1.933062
0.0,23,1.936246
1.0,102,1.95043
0.0,39,1.955829
1.0,11,1.957355
1.0,193,1.984164
0.0,41,1.98984
0.0,21,1.992758
1.0,15,1.994833
0.0,29,1.99885
0.0,9,2.000098
0.0,55,2.007714
1.0,11,2.009239
0.0,11,2.01077
0.0,16,2.012991
0.0,18,2.015487
0.0,10,2.016876
0.0,34,2.02159
0.0,11,2.023121
0.0,119,2.039617
0.0,19,2.042271
1.0,73,2.052379
0.0,2,2.052666
0.0,59,2.060827
1.0,9,2.062071
0.0,2,2.062351
0.0,142,2.08207
0.0,26,2.085674
1.0,227,2.117031
1.0,29,2.121065
0.0,50,2.128002
0.0,3,2.128422
0.0,2,2.128702
0.0,22,2.131761
0.0,12,2.13343
0.0,94,2.146409
1.0,30,2.150562
0.0,37,2.155678
1.0,41,2.161373
1.0,70,2.17141
1.0,38,2.1767
1.0,63,2.185449
0.0,34,2.190184
1.0,111,2.205529
1.0,25,2.208987
1.0,90,2.221472
0.0,15,2.223554
0.0,21,2.226456
0.0,25,2.229912
1.0,6,2.230742
0.0,3,2.231161
0.0,58,2.239216
0.0,13,2.241031
0.0,7,2.242003
1.0,134,2.260649
0.0,65,2.269645
0.0,8,2.270762
0.0,45,2.276995
0.0,95,2.290175
0.0,72,2.300077
1.0,30,2.304265
0.0,53,2.311624
1.0,110,2.326922
1.0,53,2.334268
1.0,20,2.33704
0.0,18,2.339537
0.0,16,2.341759
0.0,35,2.346611
1.0,28,2.350492
0.0,64,2.3594
0.0,36,2.364404
0.0,50,2.371338
1.0,15,2.373416
0.0,35,2.378276
1.0,35,2.383131
0.0,322,2.42782
1.0,18,2.430309
1.0,16,2.432521
0.0,277,2.470965
0.0,43,2.47691
0.0,2,2.477192
1.0,19,2.479786
0.0,2,2.480066
0.0,4,2.480623
1.0,12,2.482271
0.0,2,2.482553
0.0,15,2.484612
0.0,2,2.484894
1.0,23,2.488065
0.0,105,2.502476
0.0,11,2.503998
0.0,2,2.504277
0.0,9,2.505524
1.0,49,2.512279
1.0,32,2.516652
0.0,2,2.516933
1.0,12,2.51858
0.0,2,2.51886
0.0,8,2.51997
0.0,53,2.527181
1.0,12,2.528836
0.0,6,2.529674
0.0,2,2.529953
0.0,12,2.531611
0.0,6,2.532442
0.0,7,2.533413
1.0,23,2.536824
0.0,125,2.55447
0.0,33,2.559078
0.0,6,2.559917
0.0,6,2.560754
0.0,251,2.595615
1.0,111,2.610951
0.0,25,2.614361
0.0,7,2.615333
0.0,20,2.618094
1.0,23,2.62125
1.0,32,2.625661
0.0,7,2.626634
0.0,179,2.651465
1.0,17,2.653811
0.0,19,2.65645
1.0,32,2.660786
0.0,21,2.663689
1.0,6,2.664515
0.0,2,2.664797
0.0,2,2.665081
0.0,47,2.671564
1.0,15,2.673625
0.0,36,2.678514
0.0,4,2.679062
0.0,4,2.679622
0.0,4,2.680175
1.0,47,2.686659
0.0,4,2.687218
0.0,215,2.717061
1.0,17,2.719411
0.0,13,2.721212
0.0,10,2.722592
0.0,11,2.72412
0.0,53,2.731446
0.0,65,2.740413
0.0,6,2.74125
0.0,20,2.744008
0.0,4,2.744563
0.0,51,2.751621
1.0,40,2.757158
0.0,77,2.767852
1.0,14,2.769785
0.0,2,2.770063
0.0,2,2.770343
0.0,332,2.816798
1.0,15,2.818892
0.0,71,2.828704
0.0,72,2.83866
0.0,29,2.842684
1.0,16,2.8449
1.0,52,2.852136
0.0,9,2.85339
0.0,74,2.863615
1.0,20,2.866361
1.0,87,2.878439
0.0,90,2.890881
0.0,15,2.892951
0.0,15,2.895029
1.0,54,2.90256
1.0,139,2.921812
0.0,43,2.927754
0.0,20,2.930516
0.0,11,2.932036
1.0,58,2.940068
0.0,575,3.019714
1.0,45,3.025912
1.0,133,3.044312
0.0,57,3.052159
0.0,60,3.060446
1.0,20,3.0632
1.0,36,3.068162
0.0,108,3.08307
0.0,38,3.08831
1.0,17,3.090645
1.0,36,3.095668
0.0,20,3.098437
0.0,18,3.10092
1.0,12,3.102569
0.0,66,3.111492
1.0,61,3.119896
0.0,41,3.125547
1.0,14,3.127467
1.0,38,3.132686
0.0,13,3.134482
0.0,19,3.137107
1.0,11,3.13862
1.0,44,3.144727
0.0,37,3.149856
0.0,12,3.151503
1.0,12,3.153151
0.0,34,3.157841
1.0,37,3.162964
0.0,4,3.163521
1.0,13,3.165313
0.0,26,3.168892
0.0,2,3.169171
0.0,54,3.176911
1.0,16,3.179094
1.0,40,3.18461
0.0,34,3.189292
0.0,92,3.201936
1.0,16,3.204135
0.0,37,3.209244
0.0,15,3.211319
1.0,70,3.220958
1.0,11,3.222479
0.0,3,3.222896
1.0,31,3.227217
0.0,43,3.233124
0.0,9,3.234369
0.0,11,3.235886
1.0,34,3.240529
0.0,57,3.248372
1.0,18,3.250845
0.0,11,3.252366
1.0,81,3.263516
0.0,3,3.263939
1.0,28,3.267789
0.0,30,3.271921
1.0,70,3.281605
0.0,30,3.285765
1.0,16,3.287962
1.0,86,3.299867
0.0,12,3.30153
0.0,12,3.303187
1.0,11,3.304702
1.0,20,3.30744
1.0,31,3.311704
0.0,111,3.327058
1.0,16,3.329261
0.0,18,3.331747
0.0,19,3.334355
0.0,48,3.340961
1.0,15,3.343024
0.0,21,3.345915
0.0,12,3.347581
0.0,29,3.351577
1.0,13,3.35337
1.0,29,3.357344
1.0,33,3.361905
0.0,30,3.366035
1.0,11,3.367557
1.0,14,3.369488
0.0,14,3.371427
0.0,51,3.37837
1.0,17,3.380704
1.0,16,3.382907
0.0,7,3.383886
0.0,16,3.386104
1.0,18,3.388565
0.0,14,3.390501
1.0,41,3.396173
0.0,33,3.400708
0.0,6,3.401538
0.0,21,3.404435
1.0,69,3.413925
0.0,4,3.414484
1.0,15,3.416568
0.0,19,3.419195
0.0,7,3.420164
1.0,37,3.42526
1.0,11,3.426785
0.0,22,3.42982
1.0,61,3.438178
0.0,232,3.470272
1.0,13,3.472071
1.0,75,3.482415
1.0,137,3.501409
0.0,90,3.513832
1.0,16,3.516046
0.0,34,3.520743
1.0,13,3.522539
0.0,43,3.528468
1.0,22,3.531496
1.0,6,3.532325
0.0,15,3.534398
1.0,101,3.548925
0.0,6,3.549791
0.0,3,3.550218
0.0,55,3.557866
0.0,279,3.596618
1.0,12,3.598283
1.0,71,3.608126
0.0,51,3.615173
0.0,41,3.620874
1.0,16,3.623077
1.0,57,3.630939
0.0,28,3.634797
0.0,37,3.639906
1.0,11,3.641421
1.0,10,3.642795
0.0,19,3.645413
0.0,61,3.653835
0.0,3,3.654252
0.0,5,3.654941
0.0,20,3.657724
0.0,54,3.665177
1.0,14,3.667106
0.0,11,3.668632
1.0,85,3.680418
0.0,117,3.696654
1.0,14,3.698589
1.0,15,3.700651
0.0,68,3.710075
1.0,134,3.728654
1.0,11,3.730182
1.0,179,3.754796
0.0,37,3.759916
0.0,19,3.762554
0.0,7,3.763527
1.0,6,3.764351
1.0,105,3.778924
0.0,36,3.783889
1.0,11,3.785411
1.0,43,3.791331
0.0,9,3.792571
0.0,64,3.801358
1.0,19,3.803985
0.0,7,3.804956
1.0,81,3.816129
0.0,4,3.816687
1.0,14,3.818651
1.0,7,3.81961
0.0,4,3.820167
1.0,47,3.826645
0.0,2,3.826925
0.0,24,3.83024
1.0,18,3.832733
1.0,38,3.838003
1.0,11,3.839525
1.0,4,3.840079
1.0,26,3.84366
0.0,69,3.853154
0.0,6,3.853988
1.0,232,3.885977
1.0,43,3.891934
0.0,69,3.901476
1.0,13,3.903265
0.0,9,3.90451
0.0,2,3.90479
1.0,62,3.913352
1.0,14,3.915281
0.0,158,3.937069
0.0,4,3.937634
0.0,98,3.951284
1.0,12,3.952942
0.0,54,3.960398
0.0,9,3.961643
1.0,85,3.973251
1.0,16,3.975448
1.0,47,3.981952
0.0,16,3.984132
0.0,29,3.988096
1.0,14,3.990039
0.0,24,3.993328
0.0,102,4.007411
0.0,3,4.007833
1.0,12,4.00949
0.0,65,4.01845
1.0,29,4.022433
0.0,162,4.044898
1.0,20,4.047665
0.0,130,4.065542
1.0,31,4.069823
0.0,25,4.073273
1.0,13,4.075067
0.0,18,4.077552
1.0,29,4.081569
0.0,23,4.084736
1.0,17,4.087072
1.0,6,4.087901
1.0,14,4.089823
0.0,19,4.092433
1.0,16,4.09462
0.0,23,4.097785
0.0,25,4.101241
0.0,7,4.102205
1.0,24,4.105488
0.0,16,4.107701
0.0,28,4.111573
0.0,17,4.113912
1.0,26,4.1175
1.0,16,4.119687
0.0,83,4.131133
0.0,31,4.135408
0.0,16,4.137627
0.0,3,4.138045
0.0,17,4.140397
0.0,106,4.155027
1.0,26,4.158614
0.0,33,4.163244
0.0,34,4.167951
0.0,52,4.175342
1.0,28,4.17928
1.0,81,4.190457
1.0,71,4.200285
0.0,20,4.203055
1.0,39,4.208442
0.0,1,4.208584
1.0,131,4.226722
0.0,39,4.232156
0.0,7,4.233127
1.0,73,4.243189
1.0,58,4.251269
0.0,4,4.251826
0.0,153,4.272929
1.0,66,4.282125
0.0,26,4.285733
0.0,8,4.286846
1.0,116,4.30287
1.0,32,4.3073
1.0,30,4.311455
0.0,34,4.316108
1.0,38,4.321366
0.0,1,4.321509
0.0,95,4.334644
0.0,29,4.338649
1.0,42,4.344458
1.0,44,4.350548
0.0,37,4.355678
0.0,296,4.396579
1.0,30,4.400736
0.0,2,4.401017
0.0,19,4.403637
0.0,26,4.407239
1.0,32,4.411664
1.0,36,4.416631
0.0,4,4.417191
0.0,52,4.424372
1.0,14,4.426295
1.0,49,4.433072
1.0,107,4.447929
0.0,2,4.448211
1.0,21,4.451112
0.0,25,4.45457
0.0,8,4.455676
0.0,68,4.464957
1.0,13,4.466749
1.0,49,4.473517
0.0,2,4.473799
1.0,30,4.477949
1.0,13,4.479747
1.0,12,4.481402
0.0,6,4.482238
0.0,27,4.48598
0.0,4,4.486537
1.0,25,4.490007
0.0,8,4.491129
0.0,73,4.501264
1.0,18,4.503755
1.0,53,4.511094
1.0,17,4.513442
0.0,30,4.517595
1.0,19,4.520219
0.0,24,4.523521
1.0,29,4.527524
0.0,106,4.542195
1.0,26,4.54578
1.0,12,4.547441
0.0,6,4.54828
0.0,31,4.552572
1.0,15,4.554653
0.0,8,4.555764
0.0,20,4.558536
0.0,13,4.560337
1.0,18,4.56283
0.0,4,4.563387
0.0,15,4.565466
0.0,23,4.568647
1.0,17,4.570987
1.0,25,4.574404
1.0,35,4.579223
0.0,27,4.582942
1.0,19,4.585566
0.0,16,4.587776
1.0,44,4.593819
0.0,23,4.596975
1.0,25,4.600431
1.0,18,4.602919
1.0,27,4.606671
0.0,15,4.608753
1.0,21,4.611661
1.0,21,4.614563
0.0,18,4.617038
0.0,29,4.621039
1.0,16,4.623242
1.0,30,4.627383
0.0,12,4.629059
0.0,67,4.638371
1.0,17,4.640717
1.0,44,4.646807
1.0,27,4.650555
0.0,4,4.651114
1.0,15,4.653192
0.0,22,4.656234
1.0,23,4.659429
0.0,4,4.659987
1.0,23,4.663161
0.0,29,4.667164
1.0,23,4.670354
0.0,4,4.670925
1.0,16,4.673158
0.0,19,4.67579
1.0,27,4.679521
0.0,10,4.68092
1.0,17,4.683264
1.0,37,4.688382
1.0,31,4.692671
0.0,36,4.697637
1.0,29,4.701637
0.0,10,4.703023
1.0,31,4.707307
0.0,54,4.714766
1.0,20,4.717521
1.0,32,4.721941
1.0,25,4.725397
0.0,84,4.737006
1.0,16,4.739241
1.0,20,4.742001
0.0,16,4.74421
1.0,80,4.755258
1.0,17,4.757603
0.0,11,4.759127
0.0,16,4.761344
0.0,3,4.761758
1.0,16,4.763965
1.0,46,4.770323
0.0,15,4.772404
1.0,32,4.77683
1.0,15,4.778907
1.0,27,4.782635
0.0,12,4.784304
0.0,28,4.788174
0.0,8,4.789285
1.0,55,4.796883
0.0,191,4.823215
1.0,102,4.837281
0.0,1,4.837423
0.0,11,4.838955
0.0,98,4.852406
0.0,62,4.860971
1.0,57,4.868837
1.0,32,4.873277
0.0,14,4.875212
0.0,6,4.876045
1.0,25,4.879499
1.0,27,4.883238
1.0,31,4.887513
0.0,175,4.911781
1.0,58,4.919794
1.0,26,4.923398
0.0,9,4.924651
0.0,25,4.928125
1.0,30,4.932274
1.0,30,4.936452
1.0,41,4.942088
0.0,2,4.942367
1.0,81,4.953554
1.0,29,4.957567
1.0,44,4.963668
0.0,9,4.964919
1.0,119,4.981336
1.0,29,4.985346
0.0,27,4.989048
0.0,26,4.992636
1.0,33,4.997199
1.0,14,4.999142
0.0,1,4.999284
0.0,6,5.000115
1.0,43,5.006067
0.0,15,5.008152
1.0,32,5.01259
0.0,13,5.014402
1.0,21,5.017305
1.0,31,5.021596
1.0,26,5.025207
0.0,14,5.027147
1.0,23,5.030326
0.0,10,5.031711
1.0,33,5.036211
0.0,59,5.04434
1.0,24,5.047648
0.0,23,5.050822
0.0,10,5.052212
1.0,126,5.069531
1.0,21,5.072424
1.0,16,5.074635
0.0,16,5.076849
1.0,34,5.081545
1.0,27,5.085246
1.0,27,5.08896
1.0,27,5.092656
0.0,14,5.094597
0.0,6,5.095431
1.0,34,5.100057
0.0,7,5.101027
1.0,58,5.109053
0.0,13,5.11084
1.0,26,5.11439
1.0,20,5.117129
1.0,23,5.120298
1.0,13,5.122085
0.0,21,5.124966
1.0,41,5.130561
0.0,37,5.135678
1.0,19,5.138285
1.0,45,5.144455
1.0,45,5.150673
1.0,37,5.155791
1.0,18,5.158281
0.0,26,5.161884
0.0,14,5.163821
0.0,24,5.167131
1.0,11,5.168658
1.0,36,5.173645
0.0,30,5.17801
1.0,38,5.18338
1.0,62,5.191922
0.0,18,5.194413
0.0,27,5.198141
1.0,85,5.209882
1.0,8,5.210982
0.0,3,5.211401
0.0,15,5.213468
0.0,31,5.217754
1.0,29,5.22176
0.0,17,5.22409
0.0,10,5.225467
1.0,37,5.230596
1.0,44,5.236688
1.0,78,5.247476
0.0,25,5.250936
1.0,24,5.254243
1.0,43,5.260192
1.0,8,5.26129
1.0,31,5.26558
0.0,1,5.26574
1.0,13,5.267539
0.0,52,5.274711
0.0,21,5.277603
1.0,22,5.280635
0.0,1,5.280777
1.0,31,5.285063
1.0,31,5.289374
0.0,15,5.291454
1.0,17,5.293791
1.0,46,5.300163
1.0,34,5.304873
0.0,31,5.309161
1.0,10,5.31053
0.0,7,5.311507
0.0,10,5.312893
0.0,93,5.325722
1.0,22,5.328744
1.0,13,5.330537
0.0,33,5.33505
0.0,80,5.346076
0.0,15,5.348151
0.0,13,5.349949
0.0,117,5.36609
0.0,19,5.368726
1.0,43,5.374667
0.0,49,5.381423
0.0,16,5.383621
0.0,6,5.384451
0.0,9,5.385703
0.0,29,5.389725
0.0,13,5.391528
1.0,83,5.403028
1.0,24,5.406344
1.0,33,5.410911
1.0,64,5.419765
1.0,87,5.431794
0.0,7,5.432762
0.0,7,5.433735
1.0,77,5.444364
0.0,84,5.455981
1.0,15,5.458045
1.0,4,5.458595
1.0,46,5.46497
0.0,19,5.467598
1.0,29,5.471589
0.0,11,5.473106
1.0,29,5.477117
1.0,50,5.484017
1.0,17,5.486367
0.0,5,5.487058
1.0,31,5.491349
0.0,47,5.497839
1.0,18,5.500321
0.0,41,5.50592
1.0,94,5.518903
1.0,45,5.525139
0.0,103,5.539345
0.0,36,5.544411
1.0,43,5.550354
1.0,50,5.557271
1.0,50,5.564172
0.0,28,5.568051
0.0,25,5.571506
0.0,26,5.575094
1.0,38,5.580371
0.0,30,5.584547
0.0,20,5.587327
0.0,17,5.589702
1.0,23,5.592882
1.0,35,5.597737
0.0,16,5.599952
0.0,2,5.600233
0.0,10,5.601616
0.0,32,5.606031
1.0,46,5.612294
0.0,26,5.6159
1.0,21,5.618797
0.0,50,5.625704
1.0,33,5.630292
1.0,75,5.640676
1.0,15,5.642741
1.0,27,5.646478
1.0,28,5.650397
0.0,21,5.653288
1.0,18,5.655754
1.0,70,5.66544
0.0,1,5.665584
1.0,21,5.668464
1.0,17,5.670809
0.0,23,5.673979
0.0,9,5.675226
1.0,27,5.678908
1.0,21,5.681799
0.0,21,5.684686
0.0,16,5.686898
1.0,25,5.690319
1.0,13,5.692099
0.0,4,5.692655
1.0,31,5.696945
1.0,18,5.699428
0.0,5,5.700119
0.0,6,5.700947
1.0,27,5.704671
0.0,10,5.70605
1.0,20,5.708804
1.0,27,5.712531
1.0,27,5.71626
0.0,39,5.721597
0.0,29,5.725598
0.0,18,5.728102
0.0,88,5.740234
0.0,26,5.743818
1.0,59,5.751959
1.0,36,5.756944
0.0,55,5.764538
1.0,45,5.770721
0.0,52,5.777909
0.0,4,5.778466
0.0,21,5.781369
0.0,48,5.787949
1.0,37,5.793087
0.0,16,5.795301
1.0,41,5.801017
1.0,32,5.805408
0.0,6,5.806242
0.0,3,5.806659
1.0,16,5.808874
1.0,66,5.817945
1.0,27,5.821664
0.0,4,5.82222
1.0,26,5.82581
1.0,38,5.831013
1.0,26,5.834569
0.0,6,5.835402
1.0,28,5.839263
0.0,19,5.841869
1.0,8,5.842965
0.0,40,5.848487
0.0,17,5.850836
0.0,33,5.855379
0.0,229,5.887105
0.0,20,5.889884
0.0,54,5.897362
0.0,6,5.898204
0.0,24,5.901534
1.0,29,5.90553
1.0,29,5.909564
0.0,52,5.91679
1.0,8,5.917901
1.0,34,5.922616
0.0,51,5.92974
1.0,147,5.950096
1.0,8,5.951206
1.0,40,5.956761
1.0,29,5.960782
0.0,1,5.960925
0.0,42,5.966749
0.0,8,5.96787
1.0,30,5.972032
0.0,14,5.973981
1.0,20,5.976747
1.0,25,5.980228
1.0,29,5.984248
0.0,46,5.990641
0.0,19,5.993284
0.0,1,5.993427
0.0,38,5.998705
0.0,21,6.001623
1.0,126,6.01912
1.0,29,6.023159
1.0,55,6.030801
0.0,49,6.037569
1.0,15,6.039649
1.0,37,6.044763
1.0,91,6.057358
0.0,56,6.065071
1.0,27,6.068791
1.0,26,6.072353
1.0,23,6.075527
1.0,49,6.08233
0.0,11,6.083859
0.0,16,6.086071
1.0,50,6.092982
1.0,45,6.099218
0.0,24,6.102551
0.0,19,6.105185
1.0,42,6.11099
1.0,59,6.119192
1.0,48,6.125863
1.0,32,6.130289
1.0,75,6.140723
1.0,83,6.15223
0.0,16,6.15444
1.0,29,6.158462
1.0,32,6.162906
1.0,29,6.16693
1.0,17,6.16928
0.0,12,6.170949
1.0,49,6.177738
1.0,34,6.182707
1.0,4,6.183333
0.0,26,6.18696
0.0,29,6.190983
1.0,27,6.194724
1.0,30,6.198872
1.0,41,6.204547
1.0,18,6.207029
1.0,29,6.21103
1.0,19,6.213641
1.0,40,6.219165
0.0,4,6.219717
0.0,1,6.21986
1.0,17,6.222203
0.0,36,6.227161
0.0,9,6.228412
1.0,82,6.239717
1.0,17,6.242061
1.0,45,6.248285
1.0,76,6.258771
0.0,39,6.264145
1.0,19,6.266761
1.0,45,6.272957
1.0,29,6.276957
0.0,98,6.290496
1.0,15,6.292568
1.0,27,6.296317
0.0,15,6.298413
0.0,3,6.298828
1.0,29,6.302803
1.0,37,6.307932
1.0,34,6.312642
1.0,87,6.324641
0.0,9,6.325891
1.0,53,6.333118
0.0,15,6.335186
1.0,59,6.343345
0.0,4,6.343901
1.0,32,6.348333
0.0,36,6.353323
0.0,35,6.358162
1.0,15,6.360232
0.0,22,6.363279
0.0,2,6.363557
0.0,23,6.366729
1.0,17,6.369074
0.0,13,6.370878
1.0,41,6.376559
0.0,3,6.376978
1.0,26,6.380555
0.0,9,6.381799
0.0,23,6.385015
1.0,82,6.396361
0.0,4,6.396918
0.0,9,6.398169
0.0,161,6.420366
0.0,15,6.422454
0.0,5,6.423142
1.0,43,6.429106
0.0,4,6.429664
1.0,83,6.441161
1.0,18,6.443654
1.0,50,6.450579
0.0,6,6.451417
0.0,71,6.461232
0.0,2,6.461513
0.0,9,6.462758
0.0,9,6.464005
0.0,21,6.466916
0.0,2,6.467195
0.0,5,6.467892
0.0,109,6.483004
0.0,197,6.510352
1.0,12,6.512008
1.0,56,6.519714
1.0,30,6.523834
0.0,56,6.531598
1.0,15,6.533673
0.0,47,6.540129
1.0,53,6.547478
0.0,11,6.549008
1.0,15,6.551083
0.0,110,6.56625
1.0,45,6.572473
1.0,56,6.580258
1.0,15,6.582355
0.0,40,6.587908
1.0,67,6.597138
0.0,12,6.598798
1.0,16,6.600991
1.0,32,6.605411
1.0,24,6.608721
0.0,19,6.611355
1.0,26,6.614936
0.0,2,6.615219
0.0,11,6.616741
0.0,229,6.64856
1.0,22,6.651604
1.0,26,6.655205
0.0,26,6.65881
0.0,8,6.659921
1.0,11,6.661448
1.0,49,6.668233
1.0,68,6.677628
0.0,9,6.678879
1.0,20,6.681614
0.0,6,6.682445
0.0,74,6.692682
0.0,264,6.729378
1.0,13,6.731178
0.0,36,6.736082
0.0,31,6.740371
0.0,223,6.771301
1.0,14,6.773231
0.0,11,6.774755
0.0,32,6.779158
0.0,64,6.78796
1.0,13,6.789757
1.0,27,6.793454
1.0,62,6.801838
0.0,6,6.802671
1.0,12,6.804323
0.0,8,6.805429
0.0,11,6.806953
0.0,34,6.811647
0.0,23,6.814832
0.0,4,6.815387
0.0,24,6.818702
1.0,42,6.824398
0.0,2,6.824678
0.0,4,6.825232
0.0,4,6.82579
0.0,29,6.829755
1.0,17,6.832092
0.0,19,6.834713
1.0,20,6.83744
0.0,46,6.843743
1.0,17,6.846098
0.0,19,6.848704
0.0,19,6.851328
0.0,41,6.856937
1.0,13,6.858738
0.0,16,6.860935
1.0,38,6.866094
0.0,3,6.866514
1.0,11,6.86804
1.0,32,6.872406
0.0,9,6.873652
0.0,33,6.878198
1.0,13,6.879981
0.0,7,6.880952
1.0,17,6.883292
0.0,2,6.883576
1.0,15,6.885628
0.0,54,6.892967
0.0,9,6.894212
0.0,29,6.898215
1.0,21,6.901101
1.0,42,6.906897
1.0,39,6.912321
1.0,24,6.915596
1.0,14,6.917526
0.0,11,6.91905
0.0,17,6.9214
0.0,9,6.922645
1.0,17,6.925046
1.0,63,6.933721
0.0,12,6.935375
0.0,1,6.935518
1.0,12,6.937171
0.0,6,6.938006
0.0,81,6.949136
0.0,9,6.950378
1.0,16,6.952582
0.0,62,6.961125
1.0,42,6.966918
0.0,44,6.972958
1.0,22,6.975963
1.0,43,6.981978
0.0,46,6.988344
0.0,90,7.000833
1.0,11,7.002355
1.0,45,7.008587
0.0,204,7.036925
0.0,11,7.038458
1.0,13,7.040254
1.0,20,7.043036
0.0,11,7.044556
0.0,12,7.046216
0.0,53,7.053547
1.0,51,7.060573
0.0,36,7.06548
0.0,8,7.066576
1.0,33,7.071121
1.0,26,7.074709
0.0,54,7.082185
0.0,12,7.08384
1.0,20,7.086587
1.0,35,7.091438
0.0,9,7.092689
0.0,85,7.104443
1.0,12,7.106102
1.0,31,7.110426
1.0,29,7.114424
0.0,28,7.118267
1.0,12,7.119926
0.0,14,7.121842
0.0,28,7.125642
0.0,40,7.131159
0.0,2,7.131437
0.0,19,7.134048
1.0,20,7.136778
0.0,54,7.144236
1.0,16,7.146432
0.0,18,7.148905
0.0,11,7.150432
0.0,172,7.174323
1.0,11,7.175848
1.0,53,7.183214
0.0,25,7.186843
0.0,3,7.187333
1.0,14,7.189312
0.0,29,7.193274
0.0,58,7.201302
0.0,44,7.207386
1.0,80,7.218449
0.0,111,7.233772
0.0,192,7.260421
0.0,455,7.323569
1.0,14,7.325506
0.0,36,7.330486
1.0,50,7.337356
0.0,28,7.341232
1.0,13,7.343028
0.0,4,7.343586
0.0,26,7.347175
0.0,62,7.355731
0.0,8,7.356839
1.0,36,7.361827
0.0,38,7.367075
0.0,116,7.383193
0.0,6,7.384025
1.0,33,7.388588
0.0,21,7.3915
0.0,120,7.408176
1.0,20,7.410938
0.0,21,7.413853
1.0,31,7.418144
1.0,76,7.428668
1.0,47,7.435126
1.0,13,7.436926
1.0,37,7.442031
0.0,10,7.443416
1.0,13,7.445205
1.0,71,7.454982
1.0,47,7.461467
0.0,24,7.464792
1.0,24,7.468098
1.0,35,7.472916
1.0,27,7.476656
1.0,32,7.481106
1.0,24,7.484409
1.0,77,7.495031
0.0,21,7.497949
0.0,18,7.50044
1.0,39,7.505836
1.0,35,7.510691
0.0,20,7.513468
0.0,21,7.516362
1.0,13,7.518164
1.0,42,7.523972
1.0,32,7.528334
1.0,42,7.534145
1.0,11,7.535667
1.0,27,7.539417
1.0,17,7.541767
1.0,73,7.551806
1.0,69,7.561299
1.0,9,7.562541
1.0,27,7.566279
1.0,44,7.572358
1.0,11,7.57388
1.0,7,7.574842
0.0,23,7.578011
0.0,164,7.600609
0.0,1,7.600753
1.0,39,7.606117
0.0,9,7.607359
0.0,63,7.616052
0.0,14,7.617996
0.0,8,7.619104
1.0,258,7.654774
0.0,91,7.667333
1.0,81,7.678481
0.0,134,7.696951
0.0,14,7.698888
0.0,1,7.69903
1.0,11,7.700582
0.0,2,7.700862
1.0,21,7.703731
1.0,50,7.71066
1.0,15,7.712734
0.0,26,7.716314
0.0,31,7.7206
0.0,9,7.721845
1.0,13,7.723644
0.0,232,7.75563
0.0,13,7.757428
1.0,38,7.762702
1.0,12,7.764362
0.0,6,7.765222
0.0,9,7.766473
1.0,53,7.773822
1.0,15,7.775895
0.0,7,7.776864
1.0,15,7.77893
1.0,55,7.786554
1.0,16,7.788772
0.0,42,7.794506
0.0,21,7.797389
0.0,22,7.800439
1.0,12,7.8021
1.0,45,7.808318
0.0,21,7.811223
0.0,37,7.81628
1.0,14,7.818212
0.0,15,7.820288
1.0,22,7.8233
0.0,18,7.825778
1.0,26,7.829381
0.0,24,7.83267
0.0,39,7.838014
0.0,11,7.839537
1.0,14,7.841469
0.0,67,7.850611
0.0,41,7.856253
0.0,20,7.859021
0.0,83,7.870497
0.0,35,7.875329
1.0,53,7.88267
0.0,99,7.896359
0.0,15,7.898464
0.0,6,7.899295
0.0,65,7.908274
0.0,41,7.913853
1.0,15,7.915914
0.0,24,7.919222
0.0,31,7.923512
0.0,89,7.935745
1.0,20,7.938506
0.0,4,7.939058
0.0,51,7.946092
1.0,39,7.951501
1.0,25,7.954961
0.0,18,7.957451
1.0,60,7.965773
1.0,40,7.97133
1.0,22,7.974365
0.0,65,7.983342
1.0,38,7.988597
0.0,5,7.98929
1.0,16,7.991504
1.0,35,7.996369
1.0,31,8.000675
0.0,28,8.004539
0.0,12,8.006207
1.0,38,8.011475
1.0,32,8.015914
0.0,17,8.018266
1.0,22,8.021299
0.0,23,8.024485
0.0,4,8.025046
0.0,112,8.040559
1.0,17,8.042901
0.0,26,8.046504
1.0,96,8.05987
0.0,46,8.066223
1.0,17,8.068549
1.0,35,8.073387
1.0,26,8.076992
0.0,6,8.077827
1.0,14,8.079765
1.0,28,8.083642
1.0,40,8.08918
1.0,100,8.103013
1.0,13,8.104814
1.0,27,8.10855
1.0,29,8.112566
1.0,46,8.118926
1.0,14,8.120854
1.0,34,8.125545
1.0,30,8.129673
1.0,36,8.134684
1.0,17,8.13703
1.0,14,8.138967
0.0,4,8.139526
0.0,66,8.148621
0.0,1,8.148764
1.0,123,8.165787
1.0,25,8.169248
0.0,20,8.172019
1.0,11,8.173539
1.0,30,8.177702
1.0,37,8.182831
0.0,20,8.185585
1.0,12,8.187249
1.0,24,8.190801
1.0,29,8.194873
1.0,32,8.19931
1.0,13,8.201107
1.0,36,8.206081
1.0,18,8.208566
1.0,27,8.212298
0.0,6,8.213128
1.0,35,8.217982
0.0,18,8.220462
1.0,47,8.22694
1.0,16,8.229164
0.0,11,8.230688
0.0,4,8.231248
0.0,69,8.240781
0.0,9,8.242026
0.0,14,8.243957
1.0,26,8.247531
0.0,74,8.257766
1.0,60,8.266032
0.0,10,8.267414
0.0,15,8.269495
0.0,50,8.276397
1.0,34,8.281092
1.0,32,8.285507
1.0,46,8.291789
0.0,3,8.292211
0.0,21,8.295134
0.0,5,8.295825
1.0,18,8.298291
1.0,141,8.317763
1.0,16,8.31998
0.0,30,8.32406
0.0,2,8.324333
1.0,122,8.341172
1.0,21,8.344072
0.0,26,8.347645
1.0,30,8.351836
1.0,46,8.358228
1.0,16,8.360442
0.0,19,8.363117
1.0,29,8.367127
1.0,55,8.374757
1.0,18,8.377237
0.0,18,8.379732
1.0,33,8.384302
0.0,48,8.390929
1.0,14,8.392873
1.0,142,8.412449
1.0,36,8.417485
0.0,22,8.420544
1.0,20,8.423311
1.0,70,8.432995
1.0,29,8.437017
1.0,59,8.445187
1.0,16,8.447397
1.0,42,8.453212
1.0,26,8.456798
0.0,25,8.460266
0.0,16,8.46248
0.0,7,8.463464
0.0,22,8.466516
1.0,38,8.471795
1.0,14,8.473735
1.0,89,8.4861
0.0,16,8.488317
0.0,3,8.488738
0.0,39,8.494149
1.0,36,8.499148
0.0,53,8.506476
1.0,478,8.572518
0.0,74,8.58275
1.0,44,8.588845
0.0,23,8.592027
1.0,80,8.603069
0.0,51,8.610114
0.0,73,8.620184
0.0,36,8.62518
1.0,78,8.635914
1.0,60,8.644193
1.0,19,8.646812
0.0,22,8.649864
1.0,73,8.659909
1.0,40,8.665424
0.0,23,8.668605
1.0,51,8.675667
1.0,43,8.681591
1.0,51,8.688624
1.0,8,8.689757
1.0,58,8.69775
1.0,51,8.704796
0.0,10,8.706185
0.0,12,8.707847
1.0,45,8.714061
0.0,59,8.72222
1.0,37,8.727312
0.0,28,8.731189
1.0,35,8.736012
0.0,77,8.746663
0.0,25,8.750111
1.0,67,8.759378
1.0,27,8.763113
0.0,16,8.765311
1.0,21,8.768206
1.0,52,8.775384
0.0,39,8.780715
0.0,34,8.785314
1.0,16,8.787512
0.0,35,8.792272
0.0,70,8.80195
0.0,25,8.805379
1.0,30,8.809503
1.0,18,8.811987
1.0,26,8.815565
0.0,19,8.818186
1.0,11,8.819706
0.0,11,8.821242
0.0,34,8.825885
0.0,75,8.836225
0.0,82,8.847537
1.0,45,8.853771
0.0,15,8.855844
1.0,22,8.858885
1.0,18,8.861358
1.0,32,8.865791
1.0,43,8.871686
0.0,69,8.881203
1.0,13,8.882991
1.0,39,8.888421
0.0,4,8.88898
0.0,20,8.891739
1.0,27,8.895459
1.0,32,8.89989
0.0,2,8.90017
0.0,109,8.915231
1.0,14,8.917159
1.0,38,8.922405
1.0,95,8.935427
0.0,1,8.93557
0.0,7,8.93654
1.0,36,8.941525
1.0,38,8.946769
1.0,32,8.951187
1.0,16,8.953411
0.0,11,8.954933
1.0,20,8.957687
0.0,7,8.958656
1.0,11,8.960178
0.0,22,8.9632
1.0,52,8.970376
0.0,74,8.980616
1.0,15,8.982686
1.0,26,8.986291
0.0,10,8.987682
0.0,25,8.991135
0.0,11,8.992658
1.0,25,8.996117
0.0,69,9.005657
0.0,66,9.014787
0.0,65,9.023789
0.0,6,9.024625
0.0,40,9.030152
0.0,67,9.039414
1.0,28,9.043267
1.0,86,9.055117
0.0,16,9.057303
1.0,110,9.072504
0.0,18,9.075001
1.0,13,9.076793
0.0,32,9.081132
0.0,182,9.106317
1.0,12,9.107979
0.0,9,9.109229
0.0,9,9.110476
1.0,76,9.120987
0.0,13,9.122793
0.0,19,9.125422
0.0,150,9.146134
0.0,16,9.148352
0.0,2,9.148633
0.0,44,9.154748
1.0,107,9.169553
1.0,54,9.176992
1.0,51,9.184027
0.0,15,9.18611
0.0,46,9.192461
0.0,10,9.193878
0.0,30,9.1983
0.0,30,9.202451
1.0,43,9.208368
1.0,65,9.217364
1.0,37,9.222468
1.0,22,9.225511
1.0,38,9.23072
0.0,8,9.231836
0.0,7,9.232805
0.0,14,9.234739
0.0,2,9.235019
1.0,29,9.239036
0.0,10,9.240424
0.0,6,9.241258
0.0,18,9.243733
1.0,31,9.248037
1.0,14,9.249967
1.0,27,9.253698
1.0,51,9.260682
1.0,37,9.2658
1.0,44,9.271857
0.0,60,9.280115
0.0,16,9.282347
0.0,70,9.291991
1.0,70,9.301637
1.0,57,9.309491
1.0,153,9.330394
1.0,82,9.341642
1.0,12,9.343301
1.0,35,9.348175
1.0,22,9.351175
0.0,23,9.354349
0.0,32,9.35877
0.0,8,9.359877
1.0,25,9.3633
0.0,20,9.366066
1.0,6,9.36689
1.0,23,9.370042
0.0,15,9.372103
0.0,16,9.374313
1.0,14,9.376247
1.0,27,9.379916
1.0,24,9.383177
0.0,15,9.385244
0.0,4,9.385801
1.0,11,9.387325
1.0,15,9.389401
1.0,18,9.391887
1.0,16,9.394095
1.0,20,9.396842
0.0,15,9.398899
0.0,51,9.405894
1.0,15,9.407943
0.0,14,9.40987
1.0,39,9.415232
0.0,23,9.418402
1.0,12,9.420056
1.0,48,9.426638
0.0,27,9.430332
0.0,62,9.438869
1.0,56,9.446597
0.0,46,9.452861
1.0,77,9.463508
0.0,22,9.466532
1.0,29,9.470535
1.0,6,9.471358
0.0,19,9.473981
0.0,21,9.476881
1.0,13,9.478694
1.0,38,9.483921
0.0,17,9.486267
1.0,30,9.490404
1.0,10,9.491789
0.0,36,9.496748
0.0,113,9.512341
0.0,32,9.516748
1.0,20,9.519489
0.0,8,9.520603
0.0,12,9.522266
0.0,14,9.524208
1.0,28,9.528041
0.0,46,9.534393
0.0,8,9.535503
1.0,54,9.542989
1.0,16,9.545213
0.0,9,9.546469
0.0,29,9.550462
0.0,89,9.562618
1.0,12,9.564269
0.0,4,9.564829
0.0,35,9.569616
0.0,10,9.570978
1.0,13,9.572768
1.0,62,9.581336
0.0,1,9.581478
0.0,74,9.591613
1.0,11,9.593136
0.0,20,9.595874
0.0,147,9.615996
0.0,81,9.627156
1.0,17,9.629492
1.0,71,9.639199
0.0,39,9.644539
0.0,53,9.651856
1.0,17,9.654203
0.0,12,9.655865
0.0,17,9.658207
0.0,25,9.661636
1.0,14,9.663564
0.0,4,9.664119
0.0,14,9.666055
1.0,68,9.675471
1.0,18,9.677925
0.0,32,9.682307
0.0,58,9.690351
0.0,4,9.69091
1.0,11,9.692436
1.0,86,9.704381
1.0,43,9.710316
0.0,17,9.712639
1.0,14,9.714562
0.0,17,9.716906
0.0,14,9.718816
0.0,56,9.726582
1.0,14,9.728532
1.0,35,9.733401
0.0,10,9.734806
1.0,34,9.739488
1.0,22,9.74255
0.0,9,9.743791
0.0,78,9.754587
0.0,10,9.75596
1.0,16,9.758162
1.0,4,9.758712
0.0,19,9.761353
0.0,6,9.762184
0.0,9,9.763433
1.0,107,9.778213
0.0,31,9.782491
0.0,33,9.787034
1.0,53,9.794351
0.0,48,9.801053
0.0,2,9.801333
0.0,8,9.80244
1.0,21,9.805334
1.0,35,9.810201
1.0,46,9.816541
0.0,70,9.826193
1.0,20,9.828951
0.0,4,9.829507
1.0,56,9.837239
1.0,49,9.844014
1.0,28,9.847873
0.0,2,9.848153
1.0,120,9.864721
1.0,36,9.869719
0.0,3,9.870129
0.0,37,9.87527
0.0,20,9.878032
0.0,28,9.881911
1.0,21,9.884806
0.0,8,9.885915
0.0,49,9.892652
0.0,13,9.89445
0.0,21,9.897344
1.0,43,9.903299
1.0,149,9.923908
0.0,5,9.924608
1.0,22,9.927641
0.0,26,9.931236
0.0,29,9.935232
0.0,31,9.939533
1.0,18,9.941998
0.0,3,9.942418
1.0,57,9.950191
1.0,61,9.958641
0.0,22,9.961685
1.0,41,9.967364
1.0,105,9.98191
0.0,9,9.98316
1.0,16,9.985363
1.0,38,9.990635
1.0,82,10.001992
1.0,90,10.01444
0.0,15,10.016509
0.0,22,10.019492
1.0,27,10.023184
0.0,52,10.030378
0.0,9,10.03163
0.0,9,10.03288
1.0,19,10.035483
1.0,122,10.0524
0.0,9,10.053655
1.0,64,10.062554
1.0,23,10.065723
1.0,130,10.083705
1.0,17,10.086058
1.0,68,10.095417
0.0,29,10.099413
0.0,27,10.103124
0.0,9,10.104375
0.0,2,10.104656
0.0,19,10.107276
0.0,8,10.108383
1.0,16,10.110589
0.0,25,10.114009
0.0,21,10.116886
0.0,25,10.120347
1.0,15,10.122424
0.0,11,10.123944
0.0,22,10.126957
1.0,69,10.136499
1.0,12,10.138178
1.0,48,10.144723
0.0,13,10.146519
0.0,63,10.155235
0.0,23,10.158415
0.0,14,10.160337
1.0,75,10.170648
0.0,11,10.172167
1.0,20,10.174924
0.0,4,10.17548
1.0,32,10.179886
0.0,3,10.180305
1.0,12,10.181963
0.0,79,10.192629
0.0,76,10.203448
0.0,237,10.235938
1.0,15,10.238005
0.0,22,10.241052
1.0,73,10.251163
0.0,69,10.260681
1.0,12,10.262343
0.0,63,10.271036
0.0,20,10.273808
1.0,56,10.281557
1.0,11,10.28308
1.0,74,10.293294
0.0,44,10.299383
0.0,67,10.308645
1.0,4,10.309198
0.0,20,10.311964
1.0,40,10.31749
1.0,61,10.325947
0.0,11,10.32748
1.0,48,10.334141
0.0,20,10.336914
1.0,48,10.343549
1.0,53,10.350882
0.0,19,10.35352
0.0,23,10.356709
0.0,58,10.364736
1.0,15,10.366808
0.0,10,10.3682
1.0,48,10.37486
0.0,23,10.378009
1.0,38,10.383262
0.0,41,10.388943
1.0,44,10.395053
0.0,19,10.397698
0.0,15,10.399785
1.0,43,10.405783
0.0,13,10.40759
0.0,121,10.42433
1.0,21,10.42722
1.0,36,10.432214
0.0,26,10.435766
0.0,49,10.442544
0.0,2,10.442823
1.0,29,10.446841
0.0,26,10.450433
1.0,37,10.455547
1.0,11,10.457072
1.0,58,10.465106
0.0,48,10.471708
1.0,35,10.476557
1.0,11,10.478089
0.0,27,10.48181
1.0,50,10.488746
1.0,80,10.499817
1.0,11,10.501345
1.0,67,10.510632
1.0,56,10.518383
1.0,57,10.526266
1.0,15,10.52836
0.0,43,10.534295
1.0,8,10.535394
1.0,25,10.538874
1.0,22,10.541917
0.0,51,10.548955
0.0,9,10.550204
0.0,10,10.551592
1.0,14,10.55352
1.0,32,10.557975
1.0,78,10.568758
1.0,47,10.575274
1.0,14,10.577208
0.0,4,10.577766
0.0,10,10.579152
1.0,67,10.588427
1.0,16,10.590636
1.0,38,10.595866
1.0,16,10.598082
1.0,40,10.603599
1.0,11,10.605122
1.0,78,10.615904
1.0,28,10.619722
1.0,75,10.630049
1.0,13,10.631844
0.0,38,10.637086
0.0,97,10.650496
0.0,17,10.652853
1.0,21,10.655727
1.0,61,10.664186
0.0,13,10.665975
0.0,1,10.666118
1.0,51,10.673166
0.0,10,10.674552
1.0,18,10.677008
0.0,57,10.68482
1.0,14,10.686754
1.0,22,10.689748
1.0,24,10.693044
0.0,70,10.702752
1.0,14,10.704685
1.0,19,10.707295
0.0,16,10.709489
0.0,36,10.714449
1.0,14,10.716377
1.0,141,10.735782
0.0,50,10.742674
1.0,91,10.755271
0.0,8,10.756384
0.0,63,10.765011
1.0,137,10.783853
0.0,17,10.786205
1.0,9,10.787436
0.0,27,10.791175
0.0,38,10.796441
1.0,65,10.80544
1.0,16,10.807657
0.0,28,10.81153
0.0,21,10.814426
0.0,23,10.817561
1.0,39,10.822945
0.0,39,10.828309
0.0,10,10.829703
0.0,54,10.837163
0.0,2,10.837443
1.0,48,10.844067
1.0,65,10.853007
1.0,79,10.863916
1.0,19,10.866535
1.0,16,10.86875
0.0,1,10.868892
0.0,74,10.87909
1.0,19,10.881708
0.0,44,10.887762
1.0,20,10.890513
0.0,9,10.891758
1.0,42,10.897546
0.0,11,10.899069
1.0,23,10.902243
0.0,46,10.908598
1.0,18,10.911082
0.0,20,10.913834
1.0,19,10.916451
1.0,29,10.920483
0.0,48,10.927114
0.0,5,10.92781
0.0,25,10.931245
1.0,44,10.937327
1.0,20,10.940084
1.0,32,10.944463
1.0,21,10.947338
0.0,16,10.949551
1.0,15,10.951626
0.0,13,10.953425
0.0,65,10.962236
0.0,19,10.964862
1.0,11,10.966386
1.0,47,10.972905
0.0,32,10.97734
0.0,11,10.978865
0.0,9,10.980112
1.0,10,10.981482
0.0,2,10.981765
0.0,43,10.987683
1.0,18,10.990148
0.0,2,10.990429
0.0,8,10.991564
0.0,15,10.993607
0.0,10,10.995
0.0,10,10.996378
0.0,4,10.996938
0.0,10,10.998326
0.0,31,11.002603
0.0,41,11.008262
0.0,17,11.01061
0.0,34,11.015287
0.0,89,11.027572
0.0,14,11.029519
0.0,16,11.031731
0.0,38,11.036972
0.0,33,11.041519
1.0,20,11.044283
0.0,32,11.048713
1.0,40,11.05424
0.0,20,11.057009
0.0,6,11.057867
1.0,41,11.063546
0.0,163,11.086104
1.0,55,11.093721
0.0,132,11.112032
1.0,30,11.116121
0.0,47,11.122632
0.0,259,11.158487
0.0,1,11.158635
1.0,16,11.160827
1.0,77,11.171489
1.0,36,11.176469
0.0,41,11.182108
0.0,47,11.188619
0.0,25,11.192104
1.0,58,11.2001
0.0,9,11.201345
1.0,81,11.212783
0.0,113,11.228387
1.0,24,11.23169
0.0,62,11.24018
1.0,40,11.245709
1.0,50,11.252637
1.0,50,11.25955
0.0,47,11.266053
0.0,11,11.267577
1.0,29,11.271609
0.0,64,11.280442
1.0,107,11.295235
0.0,25,11.298701
1.0,27,11.302455
1.0,29,11.30646
0.0,30,11.310579
1.0,112,11.326157
1.0,35,11.330995
1.0,31,11.33526
0.0,8,11.336366
0.0,12,11.338032
1.0,71,11.347825
1.0,12,11.349473
1.0,67,11.358671
1.0,13,11.36045
1.0,49,11.367203
0.0,10,11.368593
0.0,40,11.37409
0.0,41,11.379717
0.0,1,11.379855
1.0,13,11.381636
1.0,10,11.383017
0.0,23,11.386195
0.0,3,11.386617
0.0,65,11.395584
1.0,73,11.405643
1.0,70,11.415314
0.0,70,11.424947
1.0,17,11.4273
0.0,76,11.437794
1.0,40,11.443328
0.0,102,11.457443
1.0,11,11.458971
1.0,40,11.464488
1.0,22,11.467515
0.0,33,11.472072
1.0,26,11.475656
1.0,15,11.477735
1.0,17,11.480069
1.0,73,11.490161
1.0,17,11.492501
1.0,26,11.496075
1.0,14,11.497998
0.0,47,11.504486
1.0,26,11.508074
0.0,35,11.512807
0.0,21,11.515703
0.0,47,11.522104
0.0,37,11.527216
1.0,64,11.535891
0.0,20,11.538642
0.0,34,11.543314
1.0,26,11.546893
0.0,9,11.548129
1.0,25,11.551574
0.0,87,11.563586
1.0,64,11.572413
1.0,41,11.578107
0.0,10,11.579495
0.0,92,11.592103
0.0,22,11.595149
0.0,14,11.597082
0.0,11,11.598613
0.0,80,11.609668
1.0,16,11.611864
0.0,4,11.612419
1.0,15,11.614489
0.0,61,11.622811
1.0,22,11.625847
0.0,19,11.628473
0.0,11,11.629995
1.0,54,11.63747
1.0,27,11.641207
1.0,143,11.660754
0.0,17,11.663108
0.0,23,11.666281
1.0,32,11.670689
0.0,19,11.673323
0.0,16,11.675531
1.0,38,11.680735
1.0,38,11.685978
1.0,20,11.68872
0.0,7,11.689696
0.0,24,11.693014
1.0,14,11.694942
0.0,28,11.698778
0.0,14,11.700711
0.0,54,11.708174
1.0,59,11.71632
0.0,6,11.717156
0.0,14,11.719101
0.0,22,11.722142
1.0,42,11.727932
0.0,71,11.737746
0.0,15,11.739817
1.0,39,11.745206
1.0,20,11.747956
0.0,147,11.768169
1.0,138,11.787242
0.0,117,11.80323
0.0,15,11.805308
1.0,62,11.813894
1.0,56,11.821549
0.0,1,11.821691
1.0,28,11.825549
1.0,29,11.82954
1.0,30,11.833643
0.0,136,11.852233
0.0,34,11.856942
0.0,34,11.861647
0.0,55,11.869175
0.0,25,11.872626
0.0,9,11.873872
0.0,26,11.877475
0.0,29,11.881489
0.0,47,11.887984
0.0,18,11.890478
0.0,42,11.896268
1.0,79,11.907206
0.0,88,11.919392
0.0,7,11.920366
0.0,75,11.93064
0.0,20,11.933397
0.0,94,11.946359
1.0,11,11.947887
0.0,20,11.950645
0.0,18,11.953135
0.0,18,11.955625
1.0,19,11.958252
1.0,42,11.964071
1.0,63,11.972802
0.0,29,11.976813
0.0,6,11.977647
0.0,37,11.982769
1.0,151,12.003628
1.0,377,12.055972
1.0,16,12.058196
0.0,47,12.064682
1.0,110,12.079876
0.0,120,12.096463
1.0,12,12.098123
1.0,4,12.098675
0.0,88,12.110761
0.0,39,12.116157
1.0,11,12.117682
0.0,230,12.14927
0.0,27,12.152992
0.0,24,12.1563
1.0,13,12.158095
1.0,78,12.168806
0.0,7,12.169778
0.0,30,12.173919
1.0,21,12.176829
0.0,32,12.181254
1.0,73,12.191384
0.0,218,12.221803
1.0,13,12.2236
0.0,18,12.226059
0.0,23,12.229215
0.0,27,12.232932
1.0,278,12.271347
0.0,6,12.272182
1.0,23,12.275329
0.0,21,12.278224
0.0,4,12.27878
0.0,5,12.279474
0.0,22,12.282516
1.0,43,12.288452
0.0,36,12.293416
0.0,8,12.294522
0.0,14,12.296457
0.0,71,12.306252
0.0,19,12.308905
1.0,37,12.313982
0.0,55,12.321478
0.0,81,12.332605
1.0,40,12.338116
0.0,46,12.34446
1.0,21,12.347343
1.0,50,12.354242
1.0,25,12.357693
0.0,130,12.375531
0.0,30,12.379637
0.0,28,12.383485
0.0,22,12.386526
0.0,105,12.400973
1.0,61,12.409374
0.0,5,12.410079
1.0,19,12.412697
0.0,20,12.415461
0.0,18,12.417937
0.0,38,12.423163
1.0,23,12.426332
0.0,20,12.429097
0.0,48,12.435687
1.0,85,12.447486
1.0,20,12.450324
0.0,112,12.465822
1.0,137,12.484777
1.0,86,12.496643
0.0,12,12.498313
1.0,83,12.509836
1.0,42,12.515631
1.0,92,12.528324
1.0,22,12.531362
0.0,14,12.533296
0.0,61,12.541711
1.0,41,12.547382
1.0,10,12.548768
0.0,22,12.551797
0.0,11,12.55332
0.0,72,12.563133
0.0,14,12.565112
0.0,94,12.578116
0.0,40,12.583649
0.0,23,12.586798
1.0,27,12.590511
0.0,19,12.593141
0.0,20,12.595917
0.0,22,12.598949
1.0,14,12.600892
0.0,43,12.606849
1.0,30,12.611012
0.0,35,12.615863
1.0,16,12.618082
1.0,28,12.621954
1.0,30,12.626081
0.0,175,12.650339
1.0,19,12.652976
1.0,75,12.663297
1.0,31,12.667592
0.0,9,12.668851
0.0,3,12.669274
1.0,137,12.688243
1.0,33,12.692827
1.0,71,12.702692
1.0,14,12.704635
1.0,65,12.713619
1.0,27,12.717354
0.0,12,12.719026
1.0,23,12.722201
0.0,58,12.730223
1.0,15,12.732294
0.0,38,12.73752
1.0,15,12.739603
1.0,51,12.746642
1.0,20,12.749408
0.0,13,12.751212
1.0,14,12.753153
1.0,6,12.753978
1.0,32,12.758403
0.0,43,12.764352
0.0,2,12.764633
1.0,34,12.769356
1.0,32,12.773769
0.0,90,12.786157
0.0,2,12.786433
0.0,95,12.799521
0.0,1,12.799666
0.0,81,12.810858
1.0,18,12.813351
1.0,90,12.825768
0.0,16,12.827985
0.0,44,12.834054
1.0,19,12.836682
1.0,33,12.841246
0.0,25,12.844698
0.0,155,12.866094
0.0,9,12.867342
1.0,116,12.883344
1.0,15,12.885423
0.0,122,12.90226
1.0,67,12.911501
0.0,2,12.911783
1.0,41,12.917421
0.0,10,12.918812
1.0,21,12.921708
0.0,2,12.921991
0.0,32,12.926422
0.0,4,12.926979
0.0,22,12.930034
0.0,86,12.941901
1.0,48,12.948541
0.0,51,12.955594
1.0,30,12.959739
1.0,312,13.002716
1.0,29,13.006736
1.0,53,13.014086
1.0,28,13.017958
0.0,50,13.024855
1.0,16,13.027066
0.0,2,13.02735
1.0,15,13.029421
1.0,86,13.041331
0.0,6,13.042166
1.0,94,13.055152
1.0,19,13.057777
0.0,82,13.069101
1.0,26,13.072691
0.0,5,13.073389
1.0,20,13.076156
0.0,58,13.084156
1.0,33,13.088727
0.0,74,13.098988
1.0,17,13.101339
0.0,43,13.107287
0.0,17,13.109659
0.0,7,13.110639
1.0,105,13.125203
1.0,51,13.132285
1.0,63,13.141005
0.0,112,13.156514
1.0,33,13.161078
0.0,42,13.166923
0.0,20,13.169699
0.0,73,13.179819
1.0,15,13.181901
0.0,71,13.191755
1.0,19,13.194383
0.0,37,13.199517
1.0,14,13.201458
0.0,37,13.206587
1.0,18,13.209072
1.0,18,13.211893
1.0,20,13.214666
0.0,26,13.218273
1.0,59,13.226433
1.0,106,13.241121
1.0,13,13.24292
1.0,39,13.248336
0.0,16,13.250557
1.0,51,13.257633
1.0,13,13.259429
1.0,6,13.26026
1.0,15,13.262331
0.0,5,13.263024
1.0,12,13.264679
0.0,29,13.268698
0.0,55,13.276313
0.0,17,13.278667
1.0,25,13.282129
1.0,46,13.288471
0.0,32,13.292914
1.0,50,13.299895
0.0,2,13.300176
1.0,26,13.303771
1.0,82,13.315093
1.0,34,13.319821
1.0,11,13.321349
1.0,63,13.330103
1.0,26,13.3337
1.0,38,13.338979
0.0,8,13.340088
1.0,23,13.34327
0.0,21,13.34618
1.0,53,13.353543
1.0,11,13.355073
1.0,71,13.364911
1.0,33,13.369483
1.0,40,13.375018
1.0,12,13.376682
1.0,37,13.38182
1.0,22,13.384836
1.0,30,13.389006
1.0,13,13.390807
1.0,55,13.398318
1.0,36,13.403232
1.0,41,13.40889
1.0,14,13.410815
0.0,24,13.414136
0.0,17,13.416473
1.0,29,13.420493
0.0,11,13.42202
1.0,41,13.427713
0.0,96,13.440905
1.0,40,13.446455
1.0,20,13.449203
1.0,31,13.45348
1.0,19,13.456095
0.0,19,13.45873
1.0,18,13.46122
1.0,44,13.467313
1.0,39,13.472707
0.0,28,13.476536
1.0,29,13.480526
1.0,27,13.484281
0.0,8,13.485388
0.0,15,13.487472
1.0,17,13.489825
0.0,7,13.490802
1.0,27,13.494568
0.0,27,13.498292
1.0,13,13.500092
1.0,29,13.504111
0.0,3,13.504531
0.0,17,13.506885
1.0,15,13.508962
0.0,23,13.512117
1.0,17,13.514459
0.0,31,13.518748
1.0,13,13.520551
0.0,11,13.522078
1.0,19,13.524691
0.0,34,13.529403
1.0,14,13.53134
0.0,54,13.538689
1.0,108,13.553599
1.0,49,13.560402
1.0,20,13.563172
0.0,6,13.564005
0.0,2,13.564285
1.0,44,13.570389
0.0,25,13.573842
0.0,115,13.589738
0.0,150,13.610471
1.0,38,13.615743
0.0,10,13.617141
1.0,53,13.624539
0.0,24,13.627861
1.0,61,13.636331
1.0,21,13.639231
1.0,57,13.647017
0.0,48,13.653591
1.0,63,13.662344
1.0,18,13.664841
1.0,76,13.675297
1.0,78,13.685987
0.0,10,13.687375
1.0,17,13.689736
1.0,20,13.692528
0.0,15,13.694599
0.0,25,13.698061
0.0,11,13.699597
1.0,8,13.7007
0.0,4,13.701261
1.0,36,13.706251
1.0,63,13.714935
0.0,7,13.715906
0.0,26,13.719472
0.0,41,13.725131
1.0,31,13.729403
0.0,205,13.757669
0.0,66,13.766801
0.0,11,13.768332
1.0,26,13.771919
0.0,47,13.778436
0.0,49,13.78523
1.0,128,13.802996
1.0,27,13.806736
1.0,40,13.812297
1.0,96,13.825617
1.0,81,13.83693
