#{"t_start": 1717527583.763506, "env_id": "Mordor-single-v0"}
r,l,t
0.0,26,0.008384
0.0,3,0.009193
0.0,19,0.013856
0.0,12,0.016787
0.0,40,0.026056
0.0,23,0.031321
0.0,28,0.037595
0.0,29,0.044011
0.0,25,0.049491
0.0,46,0.059586
0.0,22,0.064473
0.0,29,0.07088
0.0,32,0.078016
0.0,10,0.08023
0.0,32,0.087318
0.0,37,0.095496
0.0,4,0.096382
0.0,51,0.107628
0.0,31,0.114547
0.0,30,0.121257
0.0,13,0.124144
0.0,18,0.1281
0.0,25,0.133669
0.0,69,0.148946
0.0,52,0.160543
0.0,32,0.167652
0.0,14,0.170777
0.0,12,0.173461
0.0,74,0.189086
0.0,19,0.193283
0.0,72,0.209232
0.0,13,0.212128
0.0,13,0.215028
0.0,91,0.234704
0.0,12,0.237396
0.0,30,0.244149
0.0,18,0.24812
0.0,185,0.285175
0.0,21,0.289909
0.0,24,0.295295
0.0,30,0.302039
0.0,103,0.325098
0.0,179,0.360773
0.0,79,0.37848
0.0,63,0.392525
0.0,60,0.405741
0.0,3,0.406422
0.0,39,0.415027
0.0,12,0.417673
0.0,59,0.430757
0.0,20,0.4352
0.0,7,0.436755
0.0,114,0.462023
0.0,69,0.475964
0.0,9,0.477965
0.0,38,0.486762
0.0,34,0.494375
0.0,46,0.504583
0.0,97,0.526131
0.0,97,0.547769
0.0,23,0.552958
0.0,293,0.617965
0.0,138,0.648832
0.0,108,0.672899
0.0,48,0.683626
0.0,298,0.741937
0.0,103,0.764913
0.0,29,0.771381
0.0,82,0.789604
0.0,33,0.796993
0.0,198,0.840756
0.0,109,0.864674
0.0,155,0.899407
0.0,65,0.913663
0.0,151,0.94761
0.0,121,0.974696
0.0,4,0.975607
0.0,75,0.992278
0.0,22,0.997149
0.0,79,1.01474
0.0,189,1.056529
0.0,454,1.15494
0.0,43,1.164538
0.0,3,1.165218
0.0,213,1.212439
0.0,24,1.217804
0.0,6,1.219143
0.0,8,1.22094
0.0,4,1.22184
0.0,28,1.228103
0.0,303,1.295861
0.0,29,1.30236
0.0,55,1.314642
0.0,25,1.320146
0.0,186,1.361791
0.0,7,1.36337
0.0,16,1.366925
0.0,14,1.370074
0.0,21,1.374792
0.0,62,1.388661
0.0,48,1.399381
0.0,72,1.415327
0.0,172,1.453957
0.0,15,1.457298
0.0,64,1.471633
0.0,34,1.479095
0.0,68,1.494428
0.0,43,1.504127
0.0,39,1.512825
0.0,468,1.614595
0.0,69,1.630064
0.0,57,1.642852
0.0,109,1.667294
0.0,13,1.670211
0.0,75,1.687008
0.0,39,1.695132
0.0,10,1.697342
0.0,89,1.717315
0.0,5,1.718449
0.0,35,1.726298
0.0,25,1.731893
0.0,230,1.783385
0.0,20,1.787875
0.0,24,1.793277
0.0,137,1.82394
0.0,182,1.864629
0.0,116,1.890102
0.0,373,1.973087
0.0,545,2.087618
0.0,227,2.137691
0.0,157,2.172167
0.0,535,2.291318
0.0,36,2.300473
0.0,27,2.306549
0.0,14,2.309707
0.0,270,2.367973
0.0,383,2.454418
0.0,266,2.513952
0.0,161,2.550213
0.0,19,2.554502
0.0,52,2.566197
0.0,18,2.570249
0.0,14,2.573388
0.0,61,2.587179
0.0,16,2.590839
0.0,38,2.599414
0.0,46,2.609818
0.0,15,2.613245
0.0,34,2.620913
0.0,139,2.649625
0.0,221,2.698491
0.0,126,2.726923
0.0,29,2.733258
0.0,84,2.751664
0.0,155,2.786933
0.0,215,2.831115
0.0,39,2.839565
0.0,204,2.885608
0.0,158,2.920446
0.0,159,2.956157
0.0,77,2.973579
0.0,37,2.981446
0.0,28,2.987669
0.0,100,3.010128
0.0,146,3.043296
0.0,219,3.089627
0.0,80,3.1077
0.0,32,3.114372
0.0,328,3.188839
0.0,75,3.205781
0.0,31,3.212535
0.0,92,3.233155
0.0,73,3.249584
0.0,41,3.258204
0.0,188,3.300645
0.0,88,3.320365
0.0,209,3.367164
0.0,45,3.377173
0.0,45,3.387299
0.0,104,3.41071
0.0,285,3.47522
0.0,245,3.530123
0.0,320,3.602447
0.0,55,3.614602
0.0,307,3.677845
0.0,51,3.688926
0.0,54,3.701112
0.0,129,3.730298
0.0,211,3.777948
0.0,272,3.832121
0.0,26,3.837804
0.0,17,3.841617
0.0,62,3.855618
0.0,46,3.86578
0.0,320,3.937513
0.0,56,3.95018
0.0,48,3.960885
0.0,79,3.978634
0.0,158,4.010988
0.0,210,4.053681
0.0,92,4.074224
0.0,634,4.217246
0.0,58,4.230094
0.0,171,4.268427
0.0,5,4.269573
0.0,104,4.292918
0.0,16,4.296344
0.0,23,4.301297
0.0,17,4.30491
0.0,61,4.318536
0.0,50,4.329749
0.0,308,4.399017
0.0,24,4.404471
0.0,86,4.423166
0.0,231,4.475022
0.0,742,4.635353
0.0,126,4.662235
0.0,100,4.684394
0.0,125,4.712408
0.0,37,4.720469
0.0,27,4.726566
0.0,51,4.737079
0.0,10,4.739197
0.0,64,4.75362
0.0,196,4.796338
0.0,249,4.851929
0.0,14,4.85505
0.0,58,4.867917
0.0,82,4.885859
0.0,42,4.895301
0.0,13,4.898216
0.0,189,4.937593
0.0,138,4.968111
0.0,41,4.977027
0.0,9,4.979059
0.0,555,5.102973
0.0,83,5.121325
0.0,142,5.153031
0.0,8,5.154829
0.0,7,5.156407
0.0,64,5.170762
0.0,162,5.206253
1.0,371,5.288843
0.0,23,5.293914
0.0,123,5.321017
0.0,61,5.334656
0.0,66,5.349151
0.0,61,5.362563
0.0,66,5.376555
0.0,113,5.40163
0.0,186,5.443092
0.0,90,5.463252
0.0,38,5.471353
0.0,172,5.510133
0.0,64,5.524321
0.0,172,5.562825
0.0,214,5.606224
0.0,150,5.637246
0.0,30,5.643992
0.0,122,5.670704
0.0,476,5.765479
0.0,366,5.847422
1.0,173,5.88549
0.0,114,5.910938
0.0,119,5.937107
0.0,109,5.959847
0.0,86,5.978954
0.0,100,5.999848
0.0,141,6.031304
0.0,91,6.051434
0.0,44,6.061331
0.0,106,6.084679
0.0,233,6.131334
0.0,61,6.143808
0.0,84,6.162371
0.0,114,6.187854
1.0,336,6.263598
0.0,19,6.267857
0.0,95,6.286992
0.0,16,6.290576
0.0,108,6.314685
1.0,154,6.34863
0.0,269,6.401276
0.0,272,6.454485
0.0,12,6.457166
0.0,24,6.462541
0.0,109,6.487011
0.0,97,6.508495
0.0,86,6.526247
0.0,53,6.537261
0.0,11,6.539758
0.0,24,6.544868
0.0,46,6.555124
1.0,98,6.576343
0.0,270,6.631024
0.0,41,6.64011
0.0,16,6.643648
0.0,137,6.671861
0.0,25,6.677117
0.0,32,6.68399
0.0,15,6.687219
1.0,74,6.703586
0.0,103,6.726268
0.0,27,6.732215
0.0,5,6.733319
1.0,55,6.745279
1.0,89,6.764902
0.0,53,6.776361
0.0,78,6.793426
0.0,114,6.816148
0.0,26,6.821559
0.0,22,6.826266
0.0,568,6.937076
0.0,63,6.949806
0.0,46,6.959378
0.0,56,6.971602
0.0,22,6.976177
1.0,53,6.98769
0.0,290,7.044798
0.0,206,7.085429
1.0,109,7.109494
1.0,51,7.120571
0.0,268,7.180396
0.0,92,7.19991
0.0,13,7.202701
1.0,71,7.218105
1.0,84,7.236601
1.0,65,7.250723
1.0,83,7.269321
0.0,27,7.274996
1.0,98,7.296772
0.0,336,7.36263
0.0,45,7.37244
0.0,21,7.376889
1.0,53,7.388298
0.0,87,7.405635
0.0,20,7.40986
0.0,342,7.476939
0.0,7,7.47843
0.0,75,7.493411
1.0,72,7.509068
0.0,82,7.527499
0.0,54,7.539379
0.0,227,7.584043
0.0,58,7.596814
0.0,85,7.615632
0.0,27,7.621414
1.0,75,7.637988
1.0,37,7.646088
0.0,13,7.648881
0.0,12,7.651544
1.0,92,7.671902
0.0,49,7.68263
0.0,109,7.704527
0.0,222,7.748988
0.0,37,7.756973
0.0,23,7.762036
1.0,123,7.789307
0.0,53,7.800236
0.0,98,7.821825
1.0,34,7.829025
0.0,79,7.844909
0.0,13,7.847704
0.0,94,7.868341
1.0,78,7.885564
1.0,40,7.894275
1.0,51,7.90532
0.0,21,7.909653
1.0,73,7.925707
0.0,40,7.934372
0.0,16,7.937704
1.0,65,7.951919
0.0,59,7.964607
1.0,34,7.972016
1.0,42,7.981136
1.0,32,7.98814
0.0,77,8.005192
1.0,35,8.012651
1.0,44,8.022187
1.0,61,8.035544
1.0,33,8.04264
0.0,26,8.048189
0.0,84,8.066995
1.0,31,8.073724
0.0,45,8.083433
1.0,36,8.09116
1.0,33,8.098213
1.0,42,8.107347
0.0,78,8.124642
1.0,39,8.133157
0.0,70,8.147435
1.0,31,8.154027
1.0,93,8.174476
0.0,25,8.179859
1.0,37,8.18772
1.0,31,8.194359
1.0,30,8.200808
1.0,32,8.207677
0.0,7,8.209134
0.0,23,8.214006
1.0,30,8.220452
0.0,47,8.230216
1.0,34,8.237597
1.0,34,8.244953
1.0,41,8.253806
0.0,58,8.265547
1.0,35,8.273113
0.0,18,8.276974
0.0,246,8.325175
0.0,120,8.349229
1.0,30,8.355722
1.0,34,8.363029
1.0,34,8.370291
1.0,36,8.378001
1.0,39,8.386418
0.0,205,8.427357
0.0,19,8.431409
1.0,30,8.437887
0.0,13,8.440645
1.0,34,8.44795
1.0,31,8.454667
0.0,421,8.53831
1.0,34,8.545716
1.0,42,8.554844
0.0,23,8.559809
1.0,30,8.566262
0.0,79,8.582025
1.0,34,8.589319
1.0,35,8.59687
1.0,37,8.604793
1.0,40,8.613212
0.0,13,8.615987
0.0,31,8.622511
1.0,36,8.630317
0.0,17,8.634029
1.0,34,8.641423
0.0,7,8.642934
1.0,34,8.650259
0.0,695,8.785467
1.0,30,8.792162
1.0,33,8.79935
1.0,31,8.806027
0.0,11,8.808399
1.0,78,8.825756
1.0,32,8.832687
1.0,36,8.840493
1.0,35,8.848101
0.0,13,8.850871
0.0,22,8.855592
1.0,40,8.864274
0.0,33,8.871508
1.0,34,8.878791
1.0,33,8.885854
1.0,32,8.892738
0.0,16,8.896193
0.0,52,8.90756
1.0,36,8.915335
1.0,30,8.921877
0.0,89,8.941807
1.0,37,8.94986
0.0,7,8.951462
1.0,34,8.958883
0.0,17,8.962504
1.0,31,8.969116
1.0,34,8.976334
1.0,35,8.983879
1.0,30,8.990383
0.0,31,8.997078
1.0,34,9.004461
0.0,102,9.024809
1.0,35,9.032374
1.0,34,9.03966
1.0,39,9.048026
1.0,37,9.056067
0.0,23,9.061044
1.0,31,9.067776
0.0,17,9.071378
1.0,35,9.078885
1.0,39,9.087385
1.0,34,9.094694
1.0,33,9.10175
0.0,19,9.105827
1.0,35,9.113329
1.0,37,9.121265
0.0,7,9.122722
1.0,44,9.132299
1.0,41,9.141145
1.0,30,9.147578
0.0,181,9.183766
1.0,36,9.191538
1.0,32,9.198394
1.0,37,9.206405
1.0,32,9.213331
1.0,30,9.219809
1.0,37,9.227839
0.0,185,9.264793
1.0,32,9.271714
1.0,39,9.280107
1.0,105,9.303408
0.0,9,9.305321
1.0,36,9.31315
1.0,34,9.320533
0.0,19,9.324593
1.0,34,9.331915
1.0,32,9.338644
1.0,33,9.345772
0.0,23,9.350724
1.0,37,9.358707
1.0,32,9.36562
1.0,34,9.372893
1.0,30,9.379325
1.0,36,9.387056
1.0,36,9.39478
1.0,34,9.402021
1.0,30,9.408487
0.0,15,9.411692
1.0,36,9.419449
1.0,38,9.427566
1.0,36,9.435391
0.0,28,9.441452
1.0,41,9.450264
1.0,40,9.458817
0.0,20,9.463067
1.0,39,9.471531
1.0,35,9.478966
0.0,21,9.483458
1.0,31,9.490094
0.0,21,9.494489
1.0,34,9.501807
1.0,37,9.509813
1.0,34,9.517156
1.0,32,9.524231
1.0,33,9.53135
1.0,30,9.537811
1.0,30,9.54429
1.0,34,9.551647
1.0,31,9.55833
1.0,38,9.566599
1.0,34,9.573882
1.0,33,9.580925
0.0,27,9.586779
1.0,30,9.593265
1.0,34,9.60057
1.0,32,9.607477
1.0,32,9.614335
0.0,166,9.6477
0.0,37,9.655147
1.0,34,9.662484
0.0,25,9.667828
1.0,34,9.675187
1.0,37,9.682917
1.0,137,9.713268
1.0,36,9.720989
1.0,30,9.72748
1.0,32,9.734356
0.0,125,9.759061
1.0,30,9.765573
0.0,28,9.771578
1.0,30,9.778072
1.0,36,9.785839
1.0,34,9.793177
1.0,32,9.800031
0.0,209,9.843171
0.0,24,9.848286
1.0,40,9.856882
1.0,39,9.86525
0.0,28,9.871286
1.0,30,9.877731
1.0,34,9.885106
1.0,35,9.892694
0.0,120,9.916931
1.0,32,9.923874
0.0,10,9.926001
1.0,38,9.934069
1.0,34,9.941409
0.0,9,9.943321
1.0,30,9.949832
0.0,20,9.9541
0.0,61,9.967735
1.0,35,9.975275
0.0,13,9.97806
0.0,25,9.983323
1.0,37,9.991251
0.0,80,10.00909
1.0,39,10.017487
1.0,38,10.025692
0.0,29,10.03181
0.0,23,10.036714
1.0,33,10.043764
0.0,29,10.049991
1.0,32,10.056883
0.0,24,10.06198
1.0,36,10.069766
1.0,31,10.076359
1.0,45,10.086232
1.0,55,10.098358
0.0,431,10.18127
1.0,34,10.188575
1.0,44,10.198256
0.0,63,10.212109
0.0,9,10.214018
1.0,43,10.223405
0.0,19,10.227454
0.0,10,10.229577
1.0,35,10.237026
0.0,26,10.24258
1.0,99,10.264472
1.0,32,10.271401
0.0,49,10.282264
1.0,35,10.289898
1.0,35,10.297425
0.0,24,10.302597
0.0,15,10.305827
1.0,39,10.314335
0.0,15,10.317583
1.0,34,10.324891
1.0,49,10.33566
0.0,40,10.344152
1.0,32,10.351071
1.0,32,10.35796
1.0,31,10.364657
0.0,11,10.367017
1.0,30,10.373502
1.0,33,10.380572
0.0,119,10.404483
1.0,32,10.411419
1.0,35,10.418946
1.0,34,10.426326
0.0,10,10.428543
0.0,20,10.432762
1.0,35,10.440231
0.0,23,10.44507
1.0,35,10.452493
1.0,37,10.460377
1.0,34,10.467636
1.0,42,10.476561
1.0,32,10.483469
1.0,37,10.491403
0.0,38,10.49941
1.0,38,10.507521
1.0,33,10.514554
1.0,32,10.521454
1.0,30,10.528173
0.0,15,10.531422
1.0,32,10.538265
1.0,35,10.545743
1.0,32,10.552565
1.0,33,10.559684
0.0,196,10.597255
1.0,36,10.605011
1.0,30,10.611461
0.0,26,10.617023
1.0,42,10.626011
1.0,35,10.633497
0.0,27,10.639349
1.0,34,10.646628
1.0,31,10.653324
1.0,36,10.661062
1.0,32,10.667908
1.0,34,10.675127
0.0,512,10.773698
1.0,31,10.780517
1.0,30,10.786992
1.0,31,10.793694
1.0,37,10.801501
1.0,34,10.808787
0.0,17,10.812478
0.0,613,10.932131
1.0,39,10.940524
1.0,32,10.947314
1.0,34,10.95461
1.0,40,10.963422
0.0,62,10.977277
1.0,34,10.984576
1.0,31,10.991157
0.0,157,11.021658
1.0,38,11.029664
1.0,38,11.037758
1.0,39,11.046029
1.0,39,11.054436
0.0,9,11.056339
1.0,33,11.063329
0.0,277,11.118422
1.0,33,11.125504
0.0,18,11.12929
1.0,37,11.137164
1.0,33,11.144263
1.0,30,11.150749
0.0,34,11.158238
0.0,226,11.203902
0.0,20,11.20818
0.0,22,11.21291
1.0,30,11.219286
1.0,34,11.226426
1.0,32,11.2333
1.0,36,11.240889
0.0,15,11.244225
1.0,32,11.251122
0.0,21,11.255592
1.0,38,11.263596
1.0,32,11.270426
1.0,48,11.280989
1.0,32,11.287871
0.0,23,11.292716
1.0,33,11.299634
1.0,31,11.306181
1.0,30,11.312583
1.0,34,11.319897
1.0,36,11.327605
1.0,40,11.335966
1.0,34,11.343332
0.0,27,11.349101
1.0,30,11.355504
1.0,42,11.364701
0.0,23,11.369636
0.0,76,11.386471
1.0,34,11.393663
1.0,30,11.400144
1.0,34,11.407407
0.0,7,11.408868
1.0,36,11.416556
1.0,34,11.423787
0.0,24,11.428681
0.0,10,11.430786
0.0,7,11.432237
1.0,32,11.439144
0.0,34,11.446519
0.0,37,11.454624
1.0,31,11.461198
1.0,34,11.468534
1.0,34,11.475806
0.0,15,11.479042
1.0,30,11.485462
1.0,32,11.492384
1.0,34,11.499671
1.0,32,11.506502
0.0,9,11.508426
1.0,36,11.516064
1.0,32,11.522975
0.0,26,11.528516
1.0,30,11.535314
1.0,34,11.542616
1.0,32,11.549416
1.0,36,11.557208
1.0,34,11.564545
1.0,31,11.571159
0.0,45,11.581012
1.0,48,11.591578
1.0,34,11.598744
1.0,30,11.605182
0.0,6,11.606522
1.0,34,11.613867
0.0,144,11.642377
1.0,31,11.649094
0.0,49,11.659838
0.0,11,11.66218
0.0,32,11.669148
1.0,32,11.6761
1.0,34,11.68343
0.0,23,11.688498
1.0,30,11.69497
1.0,37,11.702879
1.0,32,11.709813
0.0,235,11.762306
1.0,33,11.769255
1.0,34,11.777057
1.0,32,11.783955
0.0,10,11.786039
1.0,34,11.793228
0.0,140,11.82447
0.0,24,11.829606
1.0,36,11.8374
1.0,40,11.846081
1.0,32,11.853016
0.0,44,11.862771
1.0,32,11.869685
1.0,33,11.876762
0.0,24,11.881939
1.0,32,11.888774
1.0,32,11.895702
1.0,32,11.90258
1.0,34,11.909855
0.0,9,11.911755
1.0,33,11.918768
0.0,27,11.924811
0.0,20,11.92915
0.0,152,11.963143
1.0,34,11.970521
1.0,30,11.976959
1.0,34,11.984292
1.0,37,11.992213
0.0,40,12.000874
0.0,17,12.004521
1.0,34,12.011723
1.0,35,12.019149
0.0,83,12.036529
1.0,40,12.045162
1.0,34,12.05248
1.0,32,12.059423
0.0,17,12.062989
1.0,37,12.070968
1.0,36,12.078706
1.0,31,12.085403
1.0,34,12.092793
1.0,36,12.100538
0.0,22,12.105269
1.0,35,12.11279
1.0,44,12.122511
1.0,31,12.129143
0.0,85,12.146022
1.0,40,12.15485
0.0,15,12.158063
0.0,125,12.183605
1.0,34,12.190949
0.0,19,12.194896
1.0,30,12.201371
0.0,11,12.203726
0.0,11,12.206073
1.0,37,12.214083
1.0,46,12.224164
1.0,32,12.23106
0.0,17,12.234716
0.0,21,12.239164
1.0,33,12.246291
1.0,32,12.253202
1.0,33,12.260235
1.0,34,12.267594
1.0,34,12.274869
1.0,34,12.282229
1.0,37,12.290228
1.0,39,12.298485
1.0,40,12.307097
1.0,31,12.313789
0.0,17,12.317383
1.0,31,12.324011
0.0,12,12.32656
1.0,35,12.333925
1.0,36,12.341696
1.0,34,12.348955
1.0,30,12.355398
1.0,32,12.362305
0.0,24,12.367365
1.0,34,12.374633
1.0,32,12.381531
1.0,32,12.388439
1.0,34,12.3957
1.0,31,12.402339
1.0,45,12.411553
1.0,33,12.418666
1.0,36,12.426311
1.0,38,12.434473
1.0,36,12.442274
0.0,16,12.445646
1.0,33,12.452693
1.0,47,12.462959
1.0,31,12.469586
0.0,187,12.506197
1.0,31,12.512923
1.0,32,12.519824
1.0,31,12.526514
1.0,31,12.533167
0.0,40,12.542224
0.0,18,12.545917
1.0,31,12.552574
1.0,36,12.560365
1.0,33,12.567422
0.0,147,12.596797
1.0,32,12.603712
1.0,33,12.610722
1.0,31,12.617394
0.0,7,12.618856
0.0,9,12.620746
1.0,43,12.630208
1.0,34,12.637496
1.0,34,12.644801
1.0,38,12.652893
1.0,33,12.660016
0.0,13,12.662788
1.0,30,12.669273
1.0,33,12.676402
1.0,30,12.682859
1.0,34,12.690138
0.0,13,12.692906
1.0,44,12.702602
1.0,34,12.709781
1.0,31,12.716412
1.0,32,12.723314
1.0,37,12.731335
1.0,30,12.737798
1.0,30,12.744263
0.0,185,12.781133
1.0,36,12.788932
1.0,38,12.797026
0.0,17,12.800623
1.0,36,12.808448
1.0,31,12.815151
1.0,32,12.822039
1.0,44,12.831712
1.0,32,12.838629
1.0,34,12.8459
1.0,30,12.852383
1.0,41,12.861238
0.0,10,12.863352
1.0,35,12.870891
1.0,38,12.878917
1.0,33,12.885986
1.0,33,12.893126
1.0,32,12.900063
1.0,36,12.907869
0.0,115,12.931649
1.0,36,12.939361
1.0,43,12.948918
0.0,9,12.950831
1.0,31,12.957449
1.0,34,12.964671
0.0,20,12.968935
1.0,34,12.976314
1.0,31,12.98301
0.0,21,12.987522
1.0,33,12.994655
0.0,19,12.998921
0.0,46,13.008196
1.0,30,13.014677
0.0,15,13.017903
1.0,32,13.024822
1.0,37,13.032759
0.0,9,13.034657
0.0,46,13.044506
0.0,234,13.090632
0.0,11,13.092941
0.0,47,13.102973
0.0,34,13.1102
0.0,7,13.111781
1.0,31,13.118498
0.0,15,13.121721
0.0,44,13.130948
1.0,43,13.140439
1.0,33,13.147571
0.0,33,13.154857
1.0,31,13.161547
0.0,27,13.167341
1.0,33,13.174473
1.0,31,13.181115
0.0,7,13.182565
1.0,31,13.189267
1.0,32,13.196126
1.0,33,13.203257
1.0,37,13.211185
1.0,32,13.218107
0.0,23,13.223074
1.0,32,13.229977
1.0,34,13.237212
1.0,37,13.245154
1.0,34,13.252453
1.0,32,13.259369
0.0,20,13.263624
1.0,32,13.270422
1.0,34,13.277668
0.0,40,13.286531
1.0,30,13.292945
1.0,31,13.299553
0.0,208,13.339365
1.0,36,13.347145
0.0,17,13.35075
1.0,33,13.357816
1.0,32,13.364635
1.0,34,13.371859
0.0,18,13.375746
0.0,25,13.381176
0.0,15,13.38436
1.0,36,13.392059
0.0,15,13.395266
1.0,30,13.401736
1.0,32,13.408585
0.0,17,13.412167
0.0,13,13.414931
1.0,35,13.422496
1.0,32,13.429393
1.0,35,13.436962
1.0,33,13.444022
0.0,13,13.446827
0.0,29,13.452876
0.0,18,13.456686
0.0,124,13.480954
1.0,38,13.489111
1.0,36,13.496671
1.0,43,13.505856
1.0,32,13.512754
1.0,33,13.519856
0.0,137,13.546894
0.0,27,13.552697
0.0,24,13.557825
1.0,32,13.564695
0.0,13,13.567458
1.0,30,13.573898
0.0,24,13.579047
1.0,38,13.587196
1.0,31,13.593847
1.0,37,13.601868
0.0,22,13.60659
0.0,161,13.638565
1.0,35,13.64611
1.0,34,13.653376
0.0,7,13.654834
1.0,30,13.66126
1.0,32,13.668166
1.0,33,13.675197
1.0,35,13.682756
0.0,25,13.688108
0.0,21,13.692588
1.0,36,13.700251
1.0,34,13.707609
0.0,12,13.710256
1.0,31,13.716853
0.0,14,13.719856
1.0,34,13.727195
1.0,37,13.735156
1.0,36,13.742955
1.0,31,13.749641
1.0,33,13.756583
1.0,35,13.764153
0.0,17,13.76781
1.0,34,13.775163
1.0,43,13.784381
1.0,31,13.791085
0.0,78,13.807018
0.0,15,13.810238
1.0,35,13.81766
0.0,120,13.841533
0.0,77,13.856653
0.0,17,13.860323
0.0,76,13.877284
1.0,31,13.883889
1.0,32,13.890823
1.0,30,13.897287
0.0,21,13.901721
1.0,32,13.908655
1.0,30,13.915137
1.0,31,13.921779
0.0,55,13.93274
0.0,11,13.934994
0.0,8,13.936783
1.0,49,13.94762
1.0,36,13.955406
1.0,34,13.962672
1.0,32,13.969605
0.0,71,13.984119
1.0,31,13.990807
1.0,37,13.998705
0.0,30,14.005223
1.0,33,14.012322
1.0,32,14.019194
0.0,238,14.065956
1.0,34,14.073281
1.0,31,14.079982
1.0,31,14.086681
0.0,87,14.106114
0.0,27,14.111756
0.0,145,14.140751
0.0,36,14.148633
1.0,33,14.155683
1.0,36,14.163391
0.0,11,14.165742
0.0,61,14.178505
0.0,48,14.189035
1.0,34,14.19636
1.0,47,14.206675
0.0,12,14.20938
0.0,333,14.273869
1.0,38,14.281781
1.0,32,14.288699
1.0,30,14.295178
1.0,37,14.303045
0.0,30,14.309646
1.0,32,14.316572
1.0,34,14.323715
1.0,32,14.330608
0.0,21,14.335037
1.0,30,14.341445
1.0,32,14.348261
1.0,35,14.355701
0.0,21,14.3602
0.0,19,14.364312
1.0,30,14.370821
1.0,36,14.378631
0.0,140,14.40589
0.0,355,14.474309
1.0,37,14.482374
1.0,34,14.489689
0.0,21,14.494194
1.0,34,14.501574
1.0,37,14.509489
0.0,7,14.510943
0.0,71,14.52517
1.0,34,14.532411
1.0,32,14.539268
0.0,19,14.543358
1.0,32,14.550588
1.0,36,14.558394
1.0,30,14.564881
1.0,32,14.571798
0.0,23,14.576925
1.0,32,14.583849
1.0,32,14.590721
1.0,31,14.597416
1.0,38,14.605673
1.0,33,14.612708
1.0,30,14.619188
0.0,10,14.621165
1.0,44,14.630899
0.0,26,14.636456
1.0,32,14.643281
1.0,31,14.649992
1.0,38,14.658121
0.0,64,14.670719
1.0,34,14.678083
1.0,34,14.685465
0.0,21,14.689879
0.0,18,14.693799
0.0,23,14.69885
0.0,24,14.703977
1.0,32,14.71083
1.0,35,14.718263
0.0,27,14.724085
1.0,32,14.730996
1.0,31,14.737599
1.0,33,14.744728
0.0,24,14.749794
1.0,35,14.757353
0.0,19,14.761405
1.0,32,14.76831
1.0,32,14.775201
0.0,114,14.797834
0.0,176,14.832614
0.0,22,14.837456
1.0,33,14.844598
1.0,42,14.853613
1.0,30,14.860079
1.0,30,14.866534
1.0,30,14.873007
1.0,32,14.879916
0.0,9,14.881821
0.0,17,14.885421
0.0,27,14.89136
1.0,30,14.897817
1.0,32,14.904748
1.0,32,14.911603
1.0,30,14.918087
1.0,34,14.92542
1.0,32,14.932192
0.0,25,14.937661
1.0,33,14.944782
1.0,33,14.951845
0.0,17,14.955426
1.0,35,14.963027
1.0,32,14.969944
0.0,12,14.972344
1.0,34,14.979671
1.0,41,14.988441
1.0,31,14.995214
1.0,34,15.00258
0.0,205,15.043678
1.0,38,15.051844
0.0,22,15.056583
0.0,356,15.125648
1.0,32,15.132474
1.0,34,15.139845
0.0,13,15.142632
1.0,36,15.150266
1.0,43,15.159777
1.0,33,15.166814
0.0,35,15.174514
0.0,24,15.179697
1.0,30,15.186166
0.0,131,15.212061
1.0,33,15.219185
0.0,22,15.223868
1.0,35,15.231386
1.0,32,15.238314
0.0,28,15.244354
1.0,30,15.250807
1.0,34,15.258146
0.0,21,15.262648
1.0,30,15.269101
1.0,34,15.276306
1.0,34,15.283588
0.0,28,15.289638
0.0,29,15.295856
1.0,38,15.304075
1.0,32,15.310972
1.0,36,15.318653
0.0,17,15.322316
1.0,34,15.329582
0.0,47,15.339996
0.0,83,15.355973
1.0,32,15.36282
0.0,15,15.36605
0.0,31,15.372648
0.0,9,15.37455
1.0,37,15.382399
1.0,32,15.389245
0.0,160,15.420304
1.0,34,15.4277
1.0,34,15.43508
1.0,32,15.441937
1.0,38,15.449938
0.0,59,15.461841
0.0,9,15.463755
1.0,32,15.470616
0.0,44,15.480362
1.0,30,15.48685
1.0,34,15.494129
1.0,36,15.501867
1.0,30,15.508328
0.0,10,15.510449
1.0,32,15.517356
1.0,30,15.52381
0.0,12,15.526371
0.0,10,15.528499
1.0,33,15.5356
1.0,33,15.542752
0.0,17,15.546398
1.0,34,15.55413
1.0,105,15.577464
1.0,32,15.584361
1.0,32,15.591291
1.0,32,15.598075
0.0,7,15.599533
1.0,31,15.606144
1.0,30,15.61264
0.0,14,15.615547
1.0,33,15.622628
1.0,32,15.629459
1.0,43,15.638947
1.0,32,15.645804
1.0,34,15.6531
1.0,44,15.662534
0.0,111,15.683469
0.0,13,15.68628
0.0,14,15.689277
1.0,31,15.695901
1.0,30,15.702327
1.0,37,15.71034
0.0,67,15.724923
0.0,15,15.728144
1.0,35,15.735616
0.0,9,15.737521
0.0,213,15.779953
1.0,35,15.78746
0.0,21,15.791989
1.0,42,15.801052
1.0,40,15.809719
1.0,32,15.816622
0.0,17,15.820221
1.0,40,15.828909
0.0,11,15.831251
1.0,31,15.837928
0.0,20,15.842272
0.0,19,15.846468
0.0,13,15.849242
1.0,35,15.856834
1.0,37,15.864788
1.0,32,15.871718
0.0,341,15.940326
1.0,38,15.948535
0.0,181,15.983741
1.0,33,15.990859
1.0,35,15.998415
0.0,19,16.002434
0.0,7,16.003887
1.0,36,16.011638
1.0,44,16.021345
1.0,36,16.029141
0.0,53,16.040826
0.0,7,16.042362
1.0,40,16.050942
1.0,36,16.058689
1.0,32,16.065628
1.0,34,16.073008
1.0,34,16.080314
1.0,32,16.08709
1.0,31,16.093768
0.0,15,16.096969
0.0,13,16.099891
0.0,121,16.126922
1.0,42,16.136158
0.0,55,16.147908
1.0,33,16.154953
1.0,31,16.161571
0.0,26,16.167134
0.0,51,16.177453
0.0,29,16.183763
1.0,32,16.190677
0.0,15,16.193888
0.0,29,16.200201
1.0,36,16.207993
0.0,63,16.221322
1.0,32,16.228237
0.0,19,16.232436
1.0,31,16.23911
0.0,190,16.276254
1.0,34,16.28363
1.0,37,16.291563
1.0,32,16.298431
1.0,36,16.306166
0.0,134,16.332392
1.0,33,16.339566
0.0,196,16.377577
1.0,33,16.384627
1.0,44,16.394259
0.0,7,16.395704
1.0,33,16.402773
1.0,49,16.41342
0.0,33,16.420581
1.0,34,16.427916
1.0,32,16.434804
1.0,34,16.44208
1.0,34,16.449364
1.0,39,16.4577
1.0,37,16.465529
1.0,35,16.473019
0.0,10,16.475093
0.0,27,16.480767
0.0,15,16.483975
1.0,34,16.491304
1.0,32,16.498187
1.0,34,16.505522
0.0,51,16.516054
1.0,33,16.523165
1.0,31,16.529825
1.0,35,16.53731
0.0,7,16.538764
1.0,32,16.545676
1.0,36,16.553348
1.0,36,16.561471
1.0,32,16.568299
0.0,19,16.572289
1.0,31,16.578862
1.0,30,16.585307
0.0,7,16.586753
1.0,35,16.594257
1.0,34,16.601452
1.0,32,16.608358
1.0,33,16.61538
1.0,34,16.622601
0.0,24,16.627728
1.0,33,16.634682
0.0,13,16.637262
1.0,33,16.64436
1.0,30,16.650761
1.0,30,16.657188
0.0,33,16.664332
0.0,38,16.67274
1.0,32,16.679542
1.0,36,16.687238
1.0,36,16.694878
1.0,36,16.702652
0.0,17,16.706219
1.0,31,16.712794
1.0,32,16.719674
1.0,36,16.727426
0.0,19,16.731449
1.0,42,16.74038
1.0,39,16.74871
1.0,33,16.755797
1.0,37,16.763709
1.0,33,16.770793
1.0,33,16.777723
1.0,33,16.784755
0.0,22,16.78944
0.0,12,16.792074
1.0,30,16.798522
1.0,35,16.806059
1.0,32,16.812939
1.0,37,16.820904
1.0,32,16.827786
1.0,32,16.834657
0.0,61,16.84801
1.0,30,16.85444
1.0,31,16.861088
1.0,34,16.868368
1.0,38,16.876609
1.0,35,16.883889
1.0,42,16.89298
0.0,19,16.897066
0.0,25,16.902429
1.0,33,16.909326
1.0,32,16.916132
1.0,30,16.922536
0.0,10,16.924651
0.0,25,16.930041
0.0,51,16.941309
0.0,11,16.943659
1.0,38,16.951565
1.0,30,16.958037
1.0,37,16.965858
1.0,36,16.973509
1.0,32,16.980449
1.0,33,16.98752
1.0,37,16.995384
1.0,37,17.003347
1.0,32,17.010255
0.0,366,17.081732
1.0,40,17.090563
0.0,11,17.092913
1.0,34,17.10019
1.0,34,17.107412
1.0,30,17.113906
1.0,34,17.121272
1.0,30,17.127762
1.0,33,17.134934
1.0,33,17.142095
1.0,38,17.150212
1.0,34,17.157625
1.0,34,17.164922
0.0,223,17.209028
1.0,38,17.217239
1.0,39,17.22554
0.0,15,17.228774
1.0,47,17.239187
1.0,32,17.246062
1.0,34,17.253448
0.0,15,17.256636
1.0,35,17.264231
1.0,32,17.271189
1.0,36,17.278912
1.0,33,17.285907
1.0,37,17.293754
1.0,37,17.301624
1.0,48,17.312202
0.0,21,17.316659
0.0,22,17.321277
1.0,35,17.328843
0.0,15,17.332083
0.0,14,17.335088
0.0,104,17.354826
1.0,36,17.362576
0.0,16,17.365891
1.0,35,17.37347
1.0,36,17.381135
0.0,7,17.382588
0.0,22,17.38716
0.0,17,17.390751
0.0,43,17.399205
1.0,36,17.406931
1.0,37,17.414857
1.0,39,17.423205
0.0,6,17.424556
1.0,30,17.431009
1.0,34,17.438217
0.0,603,17.555839
1.0,31,17.562863
1.0,31,17.56964
0.0,44,17.579269
0.0,25,17.584545
1.0,32,17.591399
0.0,63,17.605162
1.0,34,17.612384
1.0,30,17.618876
0.0,23,17.623847
1.0,35,17.631294
1.0,34,17.638605
1.0,31,17.645302
1.0,33,17.652326
1.0,30,17.658756
0.0,49,17.66894
0.0,19,17.672976
1.0,32,17.679876
0.0,13,17.682639
1.0,33,17.689718
1.0,34,17.697012
0.0,7,17.698459
0.0,22,17.703167
0.0,22,17.708098
1.0,32,17.714874
0.0,22,17.719575
0.0,18,17.723451
1.0,31,17.73017
1.0,32,17.737081
1.0,39,17.745347
1.0,36,17.753023
1.0,34,17.760315
0.0,27,17.766137
1.0,36,17.773884
1.0,38,17.782007
1.0,35,17.78951
1.0,33,17.796597
0.0,21,17.801061
1.0,33,17.808113
1.0,36,17.815812
0.0,247,17.863459
1.0,40,17.872216
1.0,52,17.883525
1.0,32,17.890404
1.0,35,17.897838
1.0,32,17.904641
1.0,30,17.911082
1.0,30,17.917478
0.0,7,17.91893
1.0,31,17.925547
1.0,32,17.932383
1.0,34,17.939665
0.0,29,17.94588
0.0,345,18.012528
1.0,35,18.020115
0.0,100,18.04029
0.0,65,18.053059
0.0,113,18.075359
1.0,31,18.081907
1.0,35,18.089349
1.0,30,18.095717
1.0,36,18.103301
0.0,17,18.106937
1.0,32,18.113807
1.0,31,18.120466
1.0,48,18.130957
0.0,19,18.135065
1.0,36,18.142742
1.0,32,18.149533
1.0,31,18.156098
1.0,92,18.176372
1.0,36,18.184063
1.0,32,18.190906
1.0,43,18.200303
1.0,31,18.206911
0.0,7,18.208362
0.0,9,18.21026
1.0,32,18.217151
1.0,36,18.224871
1.0,37,18.232737
0.0,375,18.305265
1.0,30,18.311765
1.0,33,18.318921
0.0,14,18.321843
1.0,36,18.329599
1.0,41,18.33851
1.0,34,18.345759
0.0,34,18.352703
0.0,85,18.369948
1.0,35,18.37743
1.0,32,18.384296
1.0,32,18.391223
1.0,31,18.397919
1.0,38,18.406167
1.0,33,18.413198
1.0,34,18.420465
1.0,38,18.428621
0.0,58,18.440318
0.0,112,18.463232
1.0,33,18.470341
1.0,33,18.477315
0.0,76,18.493291
1.0,35,18.500779
1.0,37,18.508668
0.0,128,18.533716
1.0,35,18.541125
1.0,34,18.548409
1.0,32,18.555316
0.0,140,18.582603
0.0,4,18.583521
1.0,33,18.590645
1.0,31,18.597315
1.0,32,18.604223
1.0,32,18.611144
0.0,3,18.611818
0.0,27,18.617701
1.0,32,18.624541
0.0,25,18.629836
1.0,32,18.63666
0.0,23,18.641593
0.0,12,18.644082
1.0,30,18.650567
0.0,11,18.652823
0.0,53,18.664119
1.0,32,18.670965
0.0,32,18.677536
1.0,34,18.684811
1.0,36,18.692603
0.0,19,18.696492
0.0,34,18.704059
1.0,31,18.71064
1.0,37,18.718665
1.0,38,18.72685
1.0,38,18.734926
1.0,34,18.742259
1.0,32,18.749059
0.0,19,18.753107
1.0,41,18.762067
1.0,34,18.769363
1.0,34,18.776709
1.0,32,18.783589
0.0,161,18.816292
1.0,34,18.823681
1.0,33,18.830827
1.0,32,18.837684
1.0,31,18.844261
0.0,85,18.863075
0.0,46,18.873257
1.0,38,18.88138
1.0,34,18.888757
0.0,135,18.91536
1.0,39,18.923654
1.0,33,18.930789
1.0,45,18.940576
0.0,19,18.944604
0.0,11,18.946929
0.0,24,18.95203
1.0,32,18.958915
0.0,78,18.976125
1.0,30,18.982587
1.0,32,18.98936
1.0,31,18.995929
0.0,16,18.99935
0.0,21,19.003824
0.0,59,19.01609
0.0,13,19.018863
1.0,35,19.026272
1.0,33,19.033333
1.0,32,19.040139
1.0,30,19.046617
1.0,32,19.053498
1.0,31,19.060148
1.0,41,19.069139
1.0,32,19.075965
1.0,40,19.084483
0.0,241,19.132213
1.0,32,19.139103
1.0,32,19.145943
0.0,22,19.150642
1.0,38,19.158839
1.0,34,19.166139
1.0,34,19.173505
0.0,25,19.178969
1.0,33,19.186079
1.0,34,19.193342
0.0,85,19.212297
1.0,34,19.219535
1.0,40,19.228136
0.0,7,19.229665
1.0,30,19.236085
1.0,33,19.243224
1.0,32,19.250107
1.0,33,19.25715
0.0,19,19.261192
1.0,36,19.26898
0.0,19,19.27299
1.0,31,19.279656
0.0,33,19.286689
0.0,11,19.289089
0.0,31,19.295687
1.0,30,19.302076
1.0,34,19.309369
1.0,36,19.31698
1.0,31,19.323643
1.0,30,19.330076
0.0,26,19.335584
1.0,39,19.343975
0.0,15,19.347179
1.0,30,19.353605
0.0,185,19.390175
0.0,16,19.393613
0.0,25,19.398999
1.0,32,19.405834
1.0,36,19.41362
1.0,34,19.420769
1.0,34,19.428102
0.0,17,19.431685
1.0,40,19.440305
1.0,36,19.447992
0.0,23,19.452905
1.0,35,19.460351
1.0,35,19.467903
1.0,32,19.474785
1.0,40,19.483155
1.0,33,19.490253
1.0,33,19.497331
1.0,34,19.504607
0.0,56,19.517043
0.0,81,19.5333
0.0,516,19.636105
1.0,30,19.642575
1.0,40,19.651137
1.0,36,19.658949
0.0,131,19.685036
1.0,34,19.692384
1.0,33,19.699484
1.0,31,19.706112
0.0,84,19.724888
0.0,256,19.775013
1.0,31,19.781715
0.0,63,19.795222
1.0,35,19.802796
0.0,227,19.846536
1.0,38,19.85465
1.0,33,19.861634
1.0,34,19.868966
1.0,35,19.876517
1.0,39,19.884792
0.0,27,19.89062
1.0,30,19.897098
1.0,36,19.904831
1.0,32,19.911598
0.0,280,19.967466
1.0,32,19.974343
0.0,28,19.9804
1.0,33,19.987507
0.0,68,20.002679
0.0,17,20.006339
0.0,20,20.010605
0.0,29,20.016878
1.0,30,20.023271
1.0,31,20.029951
1.0,45,20.039526
1.0,30,20.04599
0.0,21,20.05049
1.0,33,20.057525
1.0,32,20.06442
0.0,21,20.068996
1.0,32,20.075832
1.0,31,20.082493
0.0,9,20.084394
0.0,9,20.086306
0.0,10,20.088516
0.0,44,20.098078
1.0,49,20.10886
0.0,15,20.112064
1.0,32,20.11896
1.0,45,20.128693
1.0,38,20.136705
0.0,27,20.142467
1.0,40,20.150994
1.0,40,20.159673
1.0,32,20.166446
1.0,30,20.1729
1.0,33,20.179971
0.0,45,20.189842
1.0,32,20.196692
1.0,39,20.205143
0.0,55,20.21718
1.0,33,20.224293
1.0,38,20.232551
1.0,36,20.240179
1.0,33,20.247169
1.0,46,20.257148
1.0,31,20.263709
1.0,36,20.271399
0.0,25,20.276754
0.0,15,20.279959
1.0,36,20.287603
1.0,34,20.294959
0.0,13,20.297718
0.0,25,20.303061
0.0,17,20.306647
1.0,34,20.313914
1.0,33,20.320875
0.0,302,20.380623
1.0,33,20.387775
1.0,32,20.394587
1.0,36,20.402378
1.0,34,20.409622
1.0,35,20.417081
0.0,18,20.420879
1.0,33,20.427946
1.0,30,20.434393
1.0,37,20.442325
0.0,21,20.446797
0.0,17,20.450447
1.0,30,20.456881
0.0,23,20.461818
0.0,17,20.465466
1.0,33,20.472507
1.0,37,20.480465
1.0,33,20.487495
0.0,9,20.489411
0.0,24,20.494486
0.0,26,20.499981
0.0,17,20.503559
1.0,33,20.510562
0.0,38,20.518921
1.0,33,20.525967
0.0,7,20.527405
1.0,35,20.534864
1.0,32,20.54168
0.0,29,20.54802
1.0,38,20.556159
0.0,96,20.575798
1.0,32,20.582798
0.0,55,20.593817
1.0,32,20.600713
0.0,123,20.625597
1.0,36,20.633238
1.0,33,20.6403
0.0,353,20.710549
1.0,32,20.717503
1.0,36,20.725131
0.0,162,20.756264
1.0,35,20.763706
0.0,13,20.766468
1.0,35,20.773914
1.0,34,20.781113
0.0,293,20.839307
0.0,88,20.85736
1.0,30,20.863833
1.0,33,20.870912
0.0,26,20.876417
0.0,320,20.937552
0.0,19,20.941612
1.0,37,20.949517
1.0,30,20.955993
1.0,38,20.96418
1.0,38,20.972199
1.0,31,20.978797
0.0,23,20.983822
0.0,25,20.989154
1.0,32,20.996042
1.0,37,21.003829
0.0,26,21.00953
1.0,33,21.016612
1.0,38,21.024799
1.0,40,21.033422
1.0,30,21.039883
1.0,30,21.046282
1.0,33,21.053384
0.0,21,21.057763
1.0,30,21.064202
0.0,79,21.080008
0.0,7,21.081449
0.0,11,21.083697
1.0,30,21.090132
1.0,36,21.097814
1.0,33,21.104834
1.0,35,21.112124
1.0,37,21.120009
1.0,30,21.126466
0.0,14,21.129444
1.0,31,21.136101
1.0,34,21.143445
1.0,30,21.149848
1.0,36,21.157594
0.0,19,21.1616
1.0,31,21.168213
1.0,37,21.17602
1.0,37,21.18387
1.0,36,21.191642
1.0,32,21.198517
1.0,30,21.204915
1.0,36,21.212666
1.0,36,21.220434
1.0,44,21.230102
0.0,21,21.234578
1.0,32,21.241417
0.0,15,21.244607
0.0,30,21.25102
0.0,18,21.254832
1.0,32,21.26166
1.0,33,21.268828
